PA	PA-14	PAFFI MODIFICHE FE PER GUIDELINES NOME DOCUMENTO "GUIDA EASY CHECK 2024" ERRATO
PA	PA-26	DIRETTIVA GLOBAL MODIFICA DOMINII EMAIL E PUNTAMENTO SMTP
PA	PA-31	PA 30 SUPPORT 12377 SITUAZIONE CONTABILE
PA	PA-32	PA 15 FASE3 MONITORAGGIO CONNESSIONI DB MYSQL
PA	PA-34	DAC7 RELATIVO A PORTALE AFFILIATI
PA	PA-36	TEST SERVIZIO INFOSTORE SP
PA	PA-56	PA 37 DIRETTIVA GT TEST WSMOBILEAFFILIATI BRM 2142
PA	PA-66	TEST PA 62 FIX LINK MEMORIZZATO
PA	PA-67	PA 63 TEST RESET PASSWORD PA
PA	PA-69	PA 68 TEST FIX DAC7 CAMPO INTESTATARIO
PA	PA-72	PA 71 SUPPORT 22208 CONFIGURAZIONE ESTRAZIONE SETTIMANALE
PA	PA-74	PA 73 SUPPORT 23230 PUBBLICAZIONE GUIDE PA
PA	PA-77	PA 76 TEST SUPPORT 24022 AGGIORNAMENTO GUIDE
PA	PA-81	PA 80 TEST FIX WS RESET PASSWORD
PA	PA-82	TEST PA 79
PA	PA-86	NOREPLY PORTALE AFFILIATI
PA	PA-87	PA 85 FIX BUG SCHEDUALZIONE TRANSAZIONI ELETTRONICHE CTRLM
PA	PA-91	CAP 5 GESTIONE FLY SPOT
PA	PA-94	TEST PA 93 MAIL CON NOREPLY PERMETTONO REPLY A DSISUPPORTPA
PA	PA-105	PAGINA CON VIDEOPILLOLE
PA	PA-106	1 2 UTENTI SP TR & EASYCHECKWEB LOGIN CORRETTEZZA PROFILO
PA	PA-107	1 3 UTENTE SP TR LOGIN CORRETTEZZA PROFILO
PA	PA-108	1 4 UTENTE RISOLUZIONE 55 LOGIN CARICAMENTO HOME PAGE AFFILIATO
PA	PA-109	1 3 UTENTE SCONTI POSTE LOGIN CORRETTEZZA PROFILO
PA	PA-110	1 4 UTENTE SCONTI POSTE LOGIN CARICAMENTO HOME PAGE AFFILIATO
PA	PA-111	1 3 UTENTE EASYCHECKWEB LOGIN CORRETTEZZA PROFILO
PA	PA-112	1 4 UTENTE SP TR LOGIN CARICAMENTO HOME PAGE AFFILIATO
PA	PA-113	1 2 UTENTI SCONTI POSTE & RISOLUZIONE 55 LOGIN CORRETTEZZA PROFILO
PA	PA-114	1 3 UTENTE RISOLUZIONE 55 LOGIN CORRETTEZZA PROFILO
PA	PA-115	1 4 UTENTE EASYCHECKWEB LOGIN CARICAMENTO HOME PAGE AFFILIATO
PA	PA-116	1 6 UTENTE TR LOGIN AGGIORNAMENTO CONSENSO MARKETING COPY
PA	PA-117	2 1 UTENTE SP TR MENU LA TUA AZIENDA
PA	PA-118	2 1 UTENTE RISOLUZIONE 55 MENU LA TUA AZIENDA
PA	PA-119	2 1 UTENTE EASYCHECKWEB MENU LA TUA AZIENDA COPY
PA	PA-120	3 1 UTENTE SP TR MENU I TUOI PUNTI VENDITA
PA	PA-121	3 1 UTENTE EASYCHECKWEB MENU I TUOI PUNTI VENDITA
PA	PA-122	4 1 UTENTE SP TR LA TUA SITUAZIONE CONTABILE
PA	PA-123	4 1 UTENTE EASYCHECKWEB LA TUA SITUAZIONE CONTABILE
PA	PA-124	5 1 UTENTE SP TR RICHIEDI RIMBORSI
PA	PA-125	6 1 UTENTE SP TR CONSULTA TRANSAZIONI DIGITALI
PA	PA-126	7 1 UTENTE SP TR CONTROLLA BUONI NON VALIDI
PA	PA-127	8 1 UTENTE SP TR PREMIUM PACK
PA	PA-128	9 1 UTENTE TR STATISTICHE RIMBORSI
PA	PA-129	10 1 UTENTE SP TR GUIDA AI SERVIZI DIGITALI
PA	PA-130	11 1 UTENTE SP TR DOCUMENTI
PA	PA-131	12 1 UTENTE SP TR CALENDARIO RIMBORSI
PA	PA-132	13 1 UTENTE SP TR COMUNICAZIONI
PA	PA-133	14 1 UTENTE EASYCHECKWEB EASYCHECKWEB
PA	PA-134	15 1 UTENTE SP TR DOTE SCUOLA TICKETSERVICE * IN PROD MENU ANCORA TICKETSERVICE
PA	PA-135	16 1 UTENTE SP TR ASSISTENZA
PA	PA-136	17 1 UTENTE ECOMNNERCE ECOMMERCE
PA	PA-137	18 1 UTENTE SCONTI POSTE SCONTI POSTE
PA	PA-138	10 1 UTENTE RISOLUZIONE 55 GUIDA AI SERVIZI DIGITALI
PA	PA-139	11 1 UTENTE SCONTI POSTE DOCUMENTI
PA	PA-140	12 1 UTENTE SCONTI POSTE CALENDARIO RIMBORSI
PA	PA-141	13 1 UTENTE PARTNER ONLINE COMUNICAZIONI
PA	PA-142	14 1 UTENTE IVA WELFARE EASYCHECKWEB
PA	PA-143	15 1 UTENTE DOTE SCUOLA DOTE SCUOLA TICKETSERVICE * IN PROD MENU ANCORA TICKETSERVICE
PA	PA-144	16 1 UTENTE DOTE SCUOLA ASSISTENZA
PA	PA-145	17 1 UTENTE IVA WELFARE ECOMMERCE
PA	PA-146	18 1 UTENTE SP TR SCONTI POSTE
PA	PA-147	5 1 UTENTE EASYCHECKWEB RICHIEDI RIMBORSI
PA	PA-148	6 1 UTENTE IVA WELFARE CONSULTA TRANSAZIONI DIGITALI
PA	PA-149	7 1 UTENTE PARTNER ONLINE CONTROLLA BUONI NON VALIDI
PA	PA-150	8 1 UTENTE IVA WELFARE PREMIUM PACK
PA	PA-151	9 1 UTENTE EASYCHECKWEB STATISTICHE RIMBORSI
PA	PA-152	01 PORTALE AFF MENU PRINCIPALE AGGIORNAMENTO LABEL VOCE MENU
PA	PA-153	02 PORTALE AFF HOME SEZIONE EDENRED ONLINE ACADEMY AGGIORNAMENTO TITOLO SEZIONE
PA	PA-154	03 PORTALE AFF HOME SEZIONE EDENRED ONLINE ACADEMY AGGIORNAMENTO CARD
PA	PA-155	04 PORTALE AFF SCHERMATA EDENRED ONLINE ACADEMY AGGIORNAMENTO TITOLO SCHERMATA
PA	PA-156	05 PORTALE AFF SCHERMATA EDENRED ONLINE ACADEMY AGGIORNAMENTO TESTO NEL PATH DI NAVIGAZIONE
PA	PA-157	06 PORTALE AFF SCHERMATA EDENRED ONLINE ACADEMY AGGIORNAMENTO TITOLO SEZIONE
PA	PA-158	07 PORTALE AFF SCHERMATA EDENRED ONLINE ACADEMY MENU A TENDINA CATEGORIA
PA	PA-159	08 PORTALE AFF SCHERMATA EDENRED ONLINE ACADEMY VISIBILITA DELLA SEZIONE GESTIONE DEL TEMPO
PA	PA-160	09 PORTALE AFF SCHERMATA EDENRED ONLINE ACADEMY SEZIONE GESTIONE DEL TEMPO VIDEO TEMPO E PRODUTTIVITA PERSONALE
PA	PA-161	10 PORTALE AFF SCHERMATA EDENRED ONLINE ACADEMY SEZIONE GESTIONE DEL TEMPO VIDEO ORGANIZZARSI E PIANIFICARE
PA	PA-162	STS 16208 PAFFI PBEN AGGIORNAMENTO COPY PAGINA FOOD
PA	PA-163	2 STS 16339 WAPT 585 VAPT V04 2023 PORTALE AFFILIATI LOG IN USERNAME INESISTENTE
PA	PA-164	1 STS 16339 WAPT 585 VAPT V04 2023 PORTALE AFFILIATI LOG IN USERNAME ERRATO PASSWORD ERRATA
PA	PA-165	4 STS 16339 WAPT 585 VAPT V04 2023 PORTALE AFFILIATI LOG IN USERNAME ESISTENTE PASSWORD ERRATA
PA	PA-166	3 STS 16339 WAPT 585 VAPT V04 2023 PORTALE AFFILIATI LOG IN USERNAME ERRATO PASSWORD CORRETTA
PA	PA-167	01 PORTALE AFFILIATI PAGINA DI REGISTRAZIONE AL PORTALE BUTTON PER PROSEGUIRE CON LA REGISTRAZIONE AGGIORNAMENTO LABEL
PA	PA-168	02 PORTALE AFFILIATI PAGINA DI REGISTRAZIONE AL PORTALE STRUTTURA INFORMATIVA DI PRIMO LIVELLO
PA	PA-169	03 PORTALE AFFILIATI PAGINA DI REGISTRAZIONE AL PORTALE INFORMATIVA DI PRIMO LIVELLO DESELEZIONE CHECKBOX
PA	PA-170	04 PORTALE AFFILIATI PAGINA DI REGISTRAZIONE AL PORTALE INFORMATIVA DI PRIMO LIVELLO SELEZIONE CHECKBOX
PA	PA-171	05 PORTALE AFFILIATI PAGINA DI REGISTRAZIONE AL PORTALE INFORMATIVA DI PRIMO LIVELLO TEXTLINK
PA	PA-172	06 PORTALE AFFILIATI PAGINA PRINCIPALE BANNER RACCOLTA COOKIE
PA	PA-173	07 PORTALE AFFILIATI PAGINA PRINCIPALE BANNER RACCOLTA COOKIE FUNZ TEXTLINK INFORMATIVA SULLA PRIVACY
PA	PA-174	08 PORTALE AFFILIATI PAGINA PRINCIPALE BANNER RACCOLTA COOKIE FUNZ X
PA	PA-175	14 PORTALE AFFILIATI PAGINA PRINCIPALE FOOTER FUNZ TEXTLINK MODIFICA IL TUO CONSENSO SULL’UTILIZZO DEI COOKIE
PA	PA-176	15 PORTALE AFFILIATI PAGINA PRINCIPALE FOOTER MODIFICA IL TUO CONSENSO SULL’UTILIZZO DEI COOKIE FUNZ X
PA	PA-177	16 PORTALE AFFILIATI PAGINA PRINCIPALE FOOTER MODIFICA IL TUO CONSENSO SULL’UTILIZZO DEI COOKIE FUNZ BUTTON CONFERMA LE MIE SCELTE
PA	PA-178	17 PORTALE AFFILIATI PAGINA PRINCIPALE FOOTER LINK UTILI AGGIORNAMENTO LABEL TEXTLINK
PA	PA-179	18 PORTALE AFFILIATI PAGINA PRINCIPALE FOOTER LINK UTILI FUNZ TEXTLINK PRIVACY POLICY
PA	PA-180	19 PORTALE AFFILIATI LOGIN FOOTER LINK UTILI MODIFICA IL TUO CONSENSO SULL’UTILIZZO DEI COOKIE
PA	PA-181	20 PORTALE AFFILIATI LOGIN FOOTER LINK UTILI PRIVACY POLICY
PA	PA-182	09 PORTALE AFFILIATI PAGINA PRINCIPALE BANNER RACCOLTA COOKIE FUNZ TEXTLINK CONTINUA SENZA ACCETTARE
PA	PA-183	10 PORTALE AFFILIATI PAGINA PRINCIPALE BANNER RACCOLTA COOKIE FUNZ BUTTON ACCETTA E CHIUDI
PA	PA-184	11 PORTALE AFFILIATI PAGINA PRINCIPALE BANNER RACCOLTA COOKIE FUNZ TEXTLINK GESTISCI PREFERENZE
PA	PA-185	12 PORTALE AFFILIATI PAGINA PRINCIPALE BANNER RACCOLTA COOKIE GESTISCI PREFERENZE FUNZ X
PA	PA-186	13 PORTALE AFFILIATI PAGINA PRINCIPALE BANNER RACCOLTA COOKIE GESTISCI PREFERENZE FUNZ BUTTON CONFERMA LE MIE SCELTE
PA	PA-187	STS 16261 PAFFI RIMOZIONE EMAIL DEPRECATA
PA	PA-188	01 PORTALE AFFILIATI DOCUMENTI RICHIEDI MATERIALI
PA	PA-189	02 PORTALE AFFILIATI DOCUMENTI RICHIEDI MATERIALI
PA	PA-190	PA 785 SUPPORT 119293 PROBLEMA CREAZIONE CASSE EC WEB CONFIGURA CASSE CREAZIONE CASSA PER PIU LOCALI ASSOCIATE A 1 PUNTO VENDITA
PA	PA-191	03 PORTALE AFFILIATI DOCUMENTI RICHIEDI MATERIALI
PA	PA-192	PA 785 SUPPORT 119293 PROBLEMA CREAZIONE CASSE EC WEB CONFIGURA CASSE CREAZIONE CASSA PER 1 LOCALE ASSOCIATO A 1 PUNTO VENDITA
PA	PA-193	PA 785 SUPPORT 119293 PROBLEMA CREAZIONE CASSE EC WEB GESTISCI CASSE CREAZIONE CASSA PER 1 LOCALE ASSOCIATO A 1 PUNTO VENDITA
PA	PA-194	PA 785 SUPPORT 119293 PROBLEMA CREAZIONE CASSE EC WEB GESTISCI CASSE CREAZIONE CASSA PER PIU LOCALI ASSOCIATE A 1 PUNTO VENDITA
PA	PA-195	01 PORTALE AFFILIATI CAMBIO NUMERO ASSISTENZA TESTATA PAGINA PRINCIPALE AGGIORNAMENTO NUMERO ASSISTENZA
PA	PA-196	02 PORTALE AFFILIATI CAMBIO NUMERO ASSISTENZA FOOTER PAGINA PRINCIPALE AGGIORNAMENTO NUMERO ASSISTENZA
PA	PA-197	03 PORTALE AFFILIATI CAMBIO NUMERO ASSISTENZA TESTATA PAGINA LOGIN AGGIORNAMENTO NUMERO ASSISTENZA
PA	PA-198	04 PORTALE AFFILIATI CAMBIO NUMERO ASSISTENZA FOOTER PAGINA LOGIN AGGIORNAMENTO NUMERO ASSISTENZA
PA	PA-199	05 PORTALE AFFILIATI CAMBIO NUMERO ASSISTENZA LOGIN ASSISTENZA PRODOTTO AGGIORNAMENTO NUMERO ASSISTENZA
PA	PA-200	06 PORTALE AFFILIATI EASYCHECKWEB CAMBIO NUMERO ASSISTENZA TESTATA PAGINA PRINCIPALE AGGIORNAMENTO NUMERO ASSISTENZA
PA	PA-201	07 PORTALE AFFILIATI EASYCHECKWEB CAMBIO NUMERO ASSISTENZA FOOTER PAGINA PRINCIPALE AGGIORNAMENTO NUMERO ASSISTENZA
PA	PA-202	08 PORTALE AFFILIATI EASYCHECKWEB CAMBIO NUMERO ASSISTENZA TESTATA PAGINA LOGIN AGGIORNAMENTO NUMERO ASSISTENZA
PA	PA-203	09 PORTALE AFFILIATI EASYCHECKWEB CAMBIO NUMERO ASSISTENZA FOOTER PAGINA LOGIN AGGIORNAMENTO NUMERO ASSISTENZA
PA	PA-204	10 PORTALE AFFILIATI CAMBIO NUMERO ASSISTENZA ASSISTENZA SERVIZIO DOTE SCUOLA AGGIORNAMENTO NUMERO ASSISTENZA
PA	PA-205	1 CONTROLLO RICHIESTA A 9 GIORNI
PA	PA-206	2 CONTROLLO RICHIESTA A 10 GIORNI
PA	PA-207	3 CONTROLLO RICHIESTA A 11 GIORNI
PA	PA-208	PORTALE AFFILIATI PAGINA DI REGISTRAZIONE AL PORTALE MODIFICA COPY DEL FLAG SULL'INFORMATIVA PRIVACY
PA	PA-209	PORTALE AFFILIATI PAGINA DI REGISTRAZIONE AL PORTALE MODIFICA COPY DEL FLAG SULL'INFORMATIVA PRIVACY FUNZ TEXTLINK INFORMATIVA PRIVACY
PA	PA-210	11 PORTALE AFFILIATI CAMBIO NUMERO ASSISTENZA LOGIN SPECIFICHE PUNTO VENDITA INFO BOX LICENZA AGGIORNAMENTO NUMERO ASSISTENZA
PA	PA-211	12 PORTALE AFFILIATI CAMBIO NUMERO ASSISTENZA LOGIN RICHIESTA NUOVA APERTURA INFO BOX LICENZA AGGIORNAMENTO NUMERO ASSISTENZA
PA	PA-212	1 PORTALE AFFILIATI NUMERO NERO HEADER
PA	PA-213	2 PORTALE AFFILIATI NUMERO NERO FOOTER
PA	PA-214	3 PORTALE AFFILIATI NUMERO NERO PAGINA ASSISTENZA
PA	PA-215	4 PORTALE AFFILIATI UTENTE PAB NUMERO NERO HEADER
PA	PA-216	5 PORTALE AFFILIATI UTENTE PAB NUMERO NERO FOOTER
PA	PA-217	6 PORTALE AFFILIATI UTENTE PAB NUMERO NERO PAGINA ASSISTENZA
PA	PA-218	7 PORTALE AFFILIATI NUMERO NERO DOCUMENTI MODULI MANUALI E GUIDA ALLA COMPILAZIONE
PA	PA-219	01 PORTALE AFFILIATI TEST SICUREZZA VERIFICA MANCATO DOWNLOAD FILE
PA	PA-220	02 PORTALE AFFILIATI TEST SICUREZZA TNR MODIFICA PUNTO VENDITA
PA	PA-221	01 SITUAZIONE CONTABILE RIMBORSO NON ESEGUITO PER DATI BANCARI ERRATI
PA	PA-222	02 SITUAZIONE CONTABILE RIMBORSO NON ESEGUITO PER DATI BANCARI MANCANTI
PA	PA-223	03 SITUAZIONE CONTABILE RIMBORSO NON ESEGUITO PER MANCANZA CARTA D’IDENTITA DEL LEGALE RAPPRESENTANTE
PA	PA-224	04 SITUAZIONE CONTABILE RIMBORSO NON ESEGUITO PER COMPENSAZIONE FATTURE ATTIVE A NS FAVORE
PA	PA-225	05 SITUAZIONE CONTABILE RIMBORSO NON ESEGUITO PER CONTRATTO ADDENDUM CONTRATTUALE MANCANTE
PA	PA-226	06 ICONA PAGAMENTI BLOCCATI
PA	PA-227	07 TOOLTIP IN LINEA CON LA NOTIFICA MOSTRATA
PA	PA-228	08 PREVISIONE DATA E IMPORTO PROSSIMO PAGAMENTO NELL'HEADER DI 1° LIVELLO
PA	PA-229	09 DISCLAIMER "SONO PRESENTI COMPENSAZIONI CON FATTURE ATTIVE A VOSTRO FAVORE"
PA	PA-230	10 MANUTENZIONE MASCHERA
PA	PA-231	01 DOWNLOAD DOCUMENTO "TRANSAZIONI ELETTRONICHE"
PA	PA-232	01 CONFERMA PREFATTURE SCARICO PREFATTURE
PA	PA-233	02 CONFERMA PREFATTURE SCARICO PREFATTURE RETRO
PA	PA-234	03 CONFERMA PREFATTURE SCARICO PREFATTURE DETTAGLIO
PA	PA-235	04 SITUAZIONE CONTABILE SCARICO DOCUMENTO FATTURA
PA	PA-236	05 SITUAZIONE CONTABILE AVVISO BONIFICO
PA	PA-237	06 SITUAZIONE CONTABILE NUMERO PREFATTURA
PA	PA-238	07 SITUAZIONE CONTABILE MANLEVE
PA	PA-239	08 CONFERMA PREFATTURE PARTENER 2X3X LABEL CONFERMA PREFATTURE
PA	PA-240	01 LOGIN PORTALE AFFILIATI
PA	PA-241	02 PREFATTURE DA VALIDARE E SCARICO PREFATTURA
PA	PA-242	03 SITUAZIONE CONTABILE AVVISO DI BONIFICO
PA	PA-243	04 ELENCO PUNTI VENDITA NESSUN FILTRO DI RICERCA
PA	PA-244	05 ELENCO PUNTI VENDITA FILTRO "CODICE"
PA	PA-245	06 ELENCO PUNTI VENDITA FILTRO "INSEGNA"
PA	PA-246	07 ELENCO PUNTI VENDITA FILTRO "LOCALITA E INDIRIZZO"
PA	PA-247	08 ELENCO PUNTI VENDITA FILTRO "PROVINCIA SIGLA "
PA	PA-248	09 ELENCO PUNTI VENDITA FILTRO "REGIONE"
PA	PA-249	10 LEGGI STORNA BUONO
PA	PA-250	11 RICERCA TRANSAZIONI
PA	PA-251	TICKET SERVICE PAGAMENTO CON CRS CONTROLLO PRIMA DELLA DATA SCADENZA
PA	PA-252	TICKET SERVICE PAGAMENTO CON CRS CONTROLLO ALLA DATA SCADENZA
PA	PA-253	TICKET SERVICE PAGAMENTO CON CRS CONTROLLO DOPO LA DATA SCADENZA
PA	PA-254	01 CARICAMENTO FILE CAMPO ID CAMPAGNA NUMERICO
PA	PA-255	02 CARICAMENTO FILE CAMPO ID CAMPAGNA ALFANUMERICO
PA	PA-256	03 CARICAMENTO FILE CAMPO ID CAMPAGNA CON SIMBOLI
PA	PA-257	04 CARICAMENTO FILE CON PIU DI 20 CARATTERI
PA	PA-258	05 TRANSAZIONI DEMATERIALIZZATE SCARICA DOCUMENTO
PA	PA-259	06 TRANSAZIONI E COMMERCE SCARICA DOCUMENTO
PA	PA-260	01 LOGIN CREDENZIALI CORRETTE
PA	PA-261	02 LOGIN CREDENZIALI ERRATE
PA	PA-262	03 ATTERRAGGIO SULLA HOMEPAGE DOPO LOGIN
PA	PA-263	04 AGGIUNGI RIFERIMENTI
PA	PA-264	05 RIMUOVI RIFERIMENTO
PA	PA-265	06 COORDINATE BANCARIE
PA	PA-266	07 ELENCO PUNTI VENDITA
PA	PA-267	08 SPECIFICHE ELENCO PUNTI VENDITA
PA	PA-268	09 CONVENZIONI ATTIVE
PA	PA-269	10 CONDIZIONI ECONOMICHE
PA	PA-270	11 SITUAZIONE CONTABILE ELENCO DOCUMENTI
PA	PA-271	12 SITUAZIONE CONTABILE SCARICO DOCUMENTI
PA	PA-272	13 GUIDA AI SERVIZI DIGITALI DEMATERIALIZZATI
PA	PA-273	14 GUIDA AI SERVIZI DIGITALI ELETTRONICI
PA	PA-274	15 DOCUMENTI E DOWNLOAD
PA	PA-275	16 CALENDARIO RIMBORSI
PA	PA-276	17 COMUNICAZIONI
PA	PA-277	18 EASYCHECKWEB GESTISCI CASSE VISUALIZZAZIONE CASSE
PA	PA-278	19 EASYCHECKWEB GESTISCI CASSE RECUPERA PASSWORD
PA	PA-279	20 EASYCHECKWEB GESTISCI CASSE CANCELLA CASSA
PA	PA-280	21 CONSULTA TRANSAZIONI DIGITALI TRANSAZIONI DEMATERIALIZZATE
PA	PA-281	22 CONSULTA TRANSAZIONI DIGITALI TRANSAZIONI ELETTRONICHE
PA	PA-282	23 CONSULTA TRANSAZIONI DIGITALI TRANSAZIONI EASYCHECKWEB
PA	PA-283	24 ASSISTENZA
PA	PA-284	25 PREMIUM PACK VISUALIZZAZIONE BOX
PA	PA-285	26 PREMIUM PACK COUPONING
PA	PA-286	27 PREMIUM PACK PROMOZIONI LOCALI VISUALIZZAZIONE PAGINA
PA	PA-287	28 PREMIUM PACK PROMOZIONE SCONTRINI VISUALIZZAZIONE PAGINA
PA	PA-288	29 PREMIUM PACK LOYALTY
PA	PA-289	30 PREMIUM PACK LOYALTY GESTIONE CAMPAGNE
PA	PA-290	31 PREMIUM PACK LOYALTY REPORT
PA	PA-291	32 PREMIUM PACK LOYALTY REPORT PROFILO CLIENTI MOVIMENTI CARTE E PREMI
PA	PA-292	33 GESTISCI CODICI E COMMERCE
PA	PA-293	34 RICHIEDI RIMBORSI PREFATTURE
PA	PA-294	35 RICHIEDI RIMBORSI PREFATTURE SCARICAMENTO DOCUMENTO
PA	PA-295	36 RICHIEDI RIMBORSI PREFATTURE FATTURE RESPINTE
PA	PA-296	37 DOTE SCUOLA TICKET SERVICE PAGAMENTO CON CRS
PA	PA-297	38 DOTE SCUOLA TICKET SERVICE RIEPILOGO
PA	PA-298	39 DOTE SCUOLA TICKET SERVICE NOTE DEBITO
PA	PA-299	40 SCONTIPOSTE DATI SCONTIPOSTE
PA	PA-300	41 SCONTIPOSTE TRANSAZIONI SCONTIPOSTE
PA	PA-301	42 SCONTIPOSTE MOVIMENTI SCONTIPOSTE
PA	PA-302	01 DOMANDE FREQUENTI FONT SIZE COPY 14PX
PA	PA-303	02 DOMANDE FREQUENTI ICONA FRECCIA POSIZIONE CORRETTA
PA	PA-304	03 DOMANDE FREQUENTI APERTURA DOMANDA COPY 14PX
PA	PA-305	04 DOMANDE FREQUENTI ICONA FRECCIA POSIZIONE CORRETTA ALL’ APERTURA DOMANDA
PA	PA-306	05 PRECOMPILAZIONE LISTINI MERCHANT CON PIU DI 1 AMBITO VOCE RICERCA LOCALI
PA	PA-307	06 PRECOMPILAZIONE LISTINI MERCHANT CON PIU DI 1 AMBITO VOCE DETTAGLIO LOCALI E LISTINI
PA	PA-308	07 PRECOMPILAZIONE LISTINI MERCHANT CON PIU DI 1 AMBITO GESTIONE LOCALI E LISTINI SELECT AMBITO
PA	PA-309	08 PRECOMPILAZIONE LISTINI MERCHANT CON PIU DI 1 AMBITO GESTIONE LOCALI E LISTINI CLICK SULLA SELEZIONE DELL'AMBITO
PA	PA-310	09 PAGINA LOCALI MERCHANT CON 1 SOLO AMBITO ED 1 SOLA SEDE GESTIONE LOCALI DETTAGLIO LOCALE
PA	PA-311	10 PAGINA LOCALI MERCHANT CON 1 SOLO AMBITO ED 1 SOLA SEDE GESTIONE LOCALI LISTA LISTINI
PA	PA-312	11 PAGINA LOCALI MERCHANT CON 1 SOLO AMBITO ED 1 SOLA SEDE GESTIONE LOCALI CLICK DOMANDE FREQUENTI
PA	PA-313	12 MERCHANT CON 1 SOLO AMBITO ED 1 SOLA SEDE PRESENZA CTA “CREARE LISTINO”
PA	PA-314	13 MERCHANT CON 1 SOLO AMBITO ED 1 SOLA SEDE CLICK “CREARE LISTINO” APERTURA POPUP PER NUOVA CREAZIONE LISTINO
PA	PA-315	14 MERCHANT CON 1 SOLO AMBITO ED 1 SOLA SEDE MOSTRA I DATI DI FATTURAZIONE
PA	PA-316	15 SECONDA PAGINA LOCALI MERCHANT CON PIU AMBITI E PIU LOCALI BARRA RICERCA LOCALI
PA	PA-317	16 SECONDA PAGINA LOCALI MERCHANT CON PIU AMBITI E PIU LOCALI COMPILAZIONE SEARCH
PA	PA-318	17 SECONDA PAGINA LOCALI MERCHANT CON PIU AMBITI E PIU LOCALI RICERCA PER INDIRIZZO
PA	PA-319	18 SECONDA PAGINA LOCALI MERCHANT CON PIU AMBITI E PIU LOCALI RICERCA PER CODICE
PA	PA-320	19 SECONDA PAGINA LOCALI MERCHANT CON PIU AMBITI E PIU LOCALI RICERCA PER INSEGNA
PA	PA-321	20 SECONDA PAGINA LOCALI MERCHANT CON PIU AMBITI E PIU LOCALI PRESENZA BOX LOCALI
PA	PA-322	21 SECONDA PAGINA LOCALI MERCHANT CON PIU AMBITI E PIU LOCALI NUMERO ELEMENTI MOSTRATI
PA	PA-323	22 SECONDA PAGINA LOCALI MERCHANT CON PIU AMBITI E PIU LOCALI SCELTA NUMERO ELEMENTI MOSTRATI
PA	PA-324	23 SECONDA PAGINA LOCALI MERCHANT CON PIU AMBITI E PIU LOCALI DATI FATTURAZIONE LOCALE
PA	PA-325	24 SECONDA PAGINA LOCALI MERCHANT CON PIU AMBITI E PIU LOCALI MOSTRA DATI FATTURAZIONE LOCALE
PA	PA-326	25 SECONDA PAGINA LOCALI MERCHANT CON PIU AMBITI E PIU LOCALI LICENZA LOCALE
PA	PA-327	26 SECONDA PAGINA LOCALI MERCHANT CON PIU AMBITI E PIU LOCALI VAI AL DETTAGLIO
PA	PA-328	27 SECONDA PAGINA LOCALI MERCHANT CON PIU AMBITI E PIU LOCALI NUMERO PAGINE VISIBILI
PA	PA-329	28 SECONDA PAGINA LOCALI MERCHANT CON PIU AMBITI E PIU LOCALI PAGINA DESIDERATA
PA	PA-330	29 SECONDA PAGINA LOCALI MERCHANT CON PIU AMBITI E PIU LOCALI ULTIMA PAGINA
PA	PA-331	30 PAGINA LOCALI MERCHANT CON PIU DI 1 AMBITO DETTAGLIO TORNA INDIETRO
PA	PA-332	31 PAGINA LOCALI MERCHANT CON PIU DI 1 AMBITO DETTAGLIO BACK BROWSER
PA	PA-333	32 PAGINA LOCALI MERCHANT CON PIU DI 1 AMBITO DETTAGLIO CLICK VOCE MENU “GESTIONE LOCALI E LISTINI”
PA	PA-334	33 PAGINA LOCALI MERCHANT CON PIU DI 1 AMBITO DETTAGLIO PRESENZA LINK “VAI AL DETTAGLIO” NELLA BOX DI DETTAGLIO
PA	PA-335	34 PAGINA LOCALI MERCHANT CON PIU DI 1 AMBITO LOCALE SENZA LISTINI CARICATI APPROVATI
PA	PA-336	35 PAGINA GESTIONE LOCALI E LISTINI LISTINI LOCALE PRESENZA ID
PA	PA-337	36 PAGINA GESTIONE LOCALI E LISTINI LISTINI LOCALE PRESENZA CODICE
PA	PA-338	37 PAGINA GESTIONE LOCALI E LISTINI LISTINI LOCALE PRESENZA TITOLO
PA	PA-339	38 PAGINA GESTIONE LOCALI E LISTINI LISTINI LOCALE PRESENZA STATO
PA	PA-340	39 PAGINA GESTIONE LOCALI E LISTINI LISTINI LOCALE PRESENZA AMBITO
PA	PA-341	40 PAGINA GESTIONE LOCALI E LISTINI LISTINI LOCALE SELEZIONE SINGOLA DEL LISTINO
PA	PA-342	41 PAGINA GESTIONE LOCALI E LISTINI LISTINI LOCALE MODIFICA LISTINO
PA	PA-343	42 PAGINA GESTIONE LOCALI E LISTINI LISTINI LOCALE DUPLICA LISTINO
PA	PA-344	43 PAGINA GESTIONE LOCALI E LISTINI LISTINI LOCALE NUMERO ELEMENTI TABELLA
PA	PA-345	44 PAGINA GESTIONE LOCALI E LISTINI LISTINI LOCALE SCELTA NUMERO ELEMENTI PAGINA
PA	PA-346	45 PAGINA GESTIONE LOCALI E LISTINI LISTINI LOCALE DOWNLOAD EXCEL DEI RECORD IN TABELLA
PA	PA-347	46 SISTEMA FILTRI MERCHANT CON 1 SOLO LOCALE TABELLA LISTINI LOCALE FILTRI PRESENTI
PA	PA-348	47 SISTEMA FILTRI MERCHANT CON 1 SOLO LOCALE TABELLA LISTINI LOCALE FILTRI NESSUN CLICK
PA	PA-349	48 SISTEMA FILTRI MERCHANT CON 1 SOLO LOCALE TABELLA LISTINI LOCALE FILTRI PRIMO CLICK TITOLO
PA	PA-350	49 SISTEMA FILTRI MERCHANT CON 1 SOLO LOCALE TABELLA LISTINI LOCALE FILTRI SECONDO CLICK TITOLO
PA	PA-351	50 SISTEMA FILTRI MERCHANT CON 1 SOLO LOCALE TABELLA LISTINI LOCALE FILTRI PREZZO CRESCENTE E DECRESCENTE
PA	PA-352	51 LISTINO MERCHANT CON 1 SOLO LOCALE MODIFICA
PA	PA-353	52 LISTINO MERCHANT CON 1 SOLO LOCALE DUPLICA
PA	PA-354	53 LISTINO MERCHANT CON 1 SOLO LOCALE ELIMINAZIONE
PA	PA-355	54 LISTINO MERCHANT CON 1 SOLO LOCALE AGGIORNA PREZZO
PA	PA-356	55 LISTINO MERCHANT CON 1 SOLO LOCALE AGGIORNA VALIDITA
PA	PA-357	56 PRESENZA VOCE "LOCALI E LISTINI" PER MERCHANT NON RELATIVI ALLA RISOLUZIONE 55
PA	PA-358	57 VOCI DI MENU MERCHANT NON RELATIVI ALLA RISOLUZIONE 55
PA	PA-359	58 VOCE MENU "LOCALI E LISTINI" MERCHANT RELATIVI ALLA RISOLUZIONE 55
PA	PA-418	59 ALLINEAMENTO BOX GRAFICI BOX AMBITO
PA	PA-419	60 ALLINEAMENTO BOX GRAFICI BOX LOCALI
PA	PA-420	61 ALLINEAMENTO BOX GRAFICI BOX PAGINA
PA	PA-421	62 ALLINEAMENTO BOX GRAFICI BOX PRINCIPALE DEL LOCALE
PA	PA-422	63 ALLINEAMENTO DICITURA “1 LOCALI PRESENTI"
PA	PA-423	64 ALLINEAMENTO SELETTORE PAGINA
PA	PA-424	65 SPAZIATURA BOX PRINCIPALE
PA	PA-425	66 LISTINI ALLINEAMENTO BOX
PA	PA-426	67 LISTINI ALLINEAMENTO TABELLE
PA	PA-427	68 LISTINI ALLINEAMENTO “2 LISTINI PRESENTI"
PA	PA-428	69 LISTINI ALLINEAMENTO SELETTORE PAGINA
PA	PA-429	70 LISTINI INCREMENTO BOX SELETTORE
PA	PA-430	71 FAQ PIXEL DI STACCO TRA I BOX
PA	PA-431	01 GESTIONE LOCALI E LISTINI AMBITI VISUALIZZATI
PA	PA-432	02 GESTIONE LOCALI E LISTINI CREAZIONE LISTINI
PA	PA-433	03 GESTIONE LOCALI E LISTINI CREAZIONE LISTINO "A PARTIRE DA UN GIORNO PRECISO"
PA	PA-434	04 GESTIONE LOCALI E LISTINI CREAZIONE LISTINO "NEL PERIODO DA A"
PA	PA-435	06 VOCI DI MENU MERCHANT NON RELATIVI ALLA RISOLUZIONE 55
PA	PA-436	05 VOCE MENU "LOCALI E LISTINI" MERCHANT RELATIVI ALLA RISOLUZIONE 55
PA	PA-437	07 PRESENZA CTA "CREA LISTINO"
PA	PA-438	08 CLICK “CREARE LISTINO” APERTURA POPUP PER NUOVA CREAZIONE LISTINO
PA	PA-439	09 MERCHANT CON 1 SOLO AMBITO ED UN SOLO LOCALE VISUALIZZAZIONE AMBITO E LOCALE
PA	PA-440	10 MERCHANT CON PIU AMBITI ED UN SOLO LOCALE VISUALIZZAZIONE AMBITO E LOCALE
PA	PA-441	11 MERCHANT CON PIU AMBITI E PIU LOCALI VISUALIZZAZIONE AMBITO E LOCALE
PA	PA-442	12 LISTINO MODIFICA
PA	PA-443	13 LISTINO DUPLICA
PA	PA-444	14 LISTINO ELIMINAZIONE
PA	PA-445	15 LISTINO ELIMINAZIONE LISTINO NON IN STATO "BOZZA"
PA	PA-446	16 MERCHANT BARRON SRL VISUALIZZAZIONE LOCALI ED EVENTUALMENTE AMBITI DIFFERENTI PER MERCHANT DIVERSI
PA	PA-447	17 MERCHANT BAIRE SRL VISUALIZZAZIONE LOCALI ED EVENTUALMENTE AMBITI DIFFERENTI PER MERCHANT DIVERSI
PA	PA-448	18 MERCHANT VISUALIZZA SOLO LISTINI LOCALI PRESENTI PER QUEL DETERMINATO AMBITO
PA	PA-449	1 RICHIESTA TEST PA 16 LOGIN
PA	PA-450	2 RICHIESTA TEST PA 16 TRANSAZIONI ELETTRONICHE
PA	PA-451	3 RICHIESTA TEST PA 16 ESTRAZIONE TRANSAZIONI ELETTRONICHE
PA	PA-452	4 RICHIESTA TEST PA 16 DOWNLOAD DOCUMENTO
PA	PA-453	01 TEST PA 15 CREAZIONE UTENZA P IVA
PA	PA-454	02 TEST PA 15 LOGIN UTENZA P IVA
PA	PA-455	03 TEST PA 15 CREAZIONE UTENZA GF
PA	PA-456	04 TEST PA 15 LOGIN UTENZA GF
PA	PA-457	05 TEST PA 15 CREAZIONE UTENZA LOCALE
PA	PA-458	06 TEST PA 15 LOGIN UTENZA LOCALE
PA	PA-459	07 TEST PA 15 RESET PASSWORD UTENZA P IVA
PA	PA-460	08 TEST PA 15 RESET PASSWORD LOGIN POST RESET UTENZA P IVA
PA	PA-461	09 TEST PA 15 RESET PASSWORD UTENZA GF
PA	PA-462	10 TEST PA 15 RESET PASSWORD LOGIN POST RESET UTENZA GF
PA	PA-463	11 TEST PA 15 RESET PASSWORD UTENZA LOCALE
PA	PA-464	12 TEST PA 15 RESET PASSWORD LOGIN POST RESET UTENZA LOCALE
PA	PA-465	13 TEST PA 15 CREAZIONE UTENZA ECW EC WEB GESTISCI CASSE
PA	PA-466	14 TEST PA 15 CREAZIONE UTENZA ECW RICHIESTA CASSA
PA	PA-467	15 TEST PA 15 CREAZIONE UTENZA ECW CONFERMA CREAZIONE CASSA
PA	PA-468	16 TEST PA 15 CREAZIONE UTENZA ECW LOGIN UTENZA
PA	PA-469	01 PORTALE BACK OFFICE LOGIN CON MICROSOFT
PA	PA-470	02 PORTALE BACK OFFICE LOGIN CON MICROSOFT CON CREDENZIALI NON CENSITE
PA	PA-471	03 PORTALE BACK OFFICE LOGIN CON UTENZA ADMIN
PA	PA-472	04 PORTALE BACK OFFICE LOGIN CON UTENZA ADMIN CON CREDENZIALI ERRATE
PA	PA-473	05 PORTALE BACK OFFICE LOGIN CON UTENZA NON ADMIN TRAMITE LOGIN2
PA	PA-474	06 PORTALE BACK OFFICE LOGIN TRAMITE MICROSOFT DOPO TENTATIVO ACCESSO LOGIN2
PA	PA-475	01 PORTALE AFFILIATI PJOB TRANSAZIONI MENSILI V1 JOB TUTTO MESE SCORSO SUBITO
PA	PA-476	02 PORTALE AFFILIATI PJOB TRANSAZIONI MENSILI V1 JOB TUTTO MESE 48 ORE
PA	PA-477	03 PORTALE AFFILIATI PJOB TRANSAZIONI MENSILI V1 JOB DAL GIORNO 1 A 16 GIORNI DA FINE MESE IN 48 ORE
PA	PA-478	04 PORTALE AFFILIATI PJOB TRANSAZIONI MENSILI V1 JOB DAL GIORNO 1+15 A FINE MESE
PA	PA-479	05 PORTALE AFFILIATI PJOB TRANSAZIONI MENSILI V2 JOB TUTTO MESE SCORSO SUBITO
PA	PA-480	06 PORTALE AFFILIATI PJOB TRANSAZIONI MENSILI V2 JOB TUTTO MESE 48 ORE
PA	PA-481	07 PORTALE AFFILIATI PJOB TRANSAZIONI MENSILI V2 JOB DAL GIORNO 1 A 16 GIORNI DA FINE MESE IN 48 ORE
PA	PA-482	08 PORTALE AFFILIATI PJOB TRANSAZIONI MENSILI V2 JOB DAL GIORNO 1+15 A FINE MESE
PA	PA-483	01 VERIFICA DISMISSIONE DEL JOB ESECUZIONE SWAGGER
PA	PA-484	02 VERIFICA ASSENZA SCRITTA SUPERPRANZO NELLA MAIL PASSWORD DIMENTICATA
PA	PA-485	03 VERIFICA ASSENZA SCRITTA SUPERPRANZO NELLA MAIL RESET PASSWORD
PA	PA-486	04 VERIFICA ASSENZA SCRITTA SUPERPRANZO NELLA MAIL VERIFICA ASSENZA SUPERPRANZO NELLA MAIL
PA	PA-487	01 PORTALE BACKOFFICE VISUALIZZAZIONE SCHEDA AFFILIATO RICERCA PER GRUPPO FATTURAZIONE
PA	PA-488	02 PORTALE BACKOFFICE SCHEDA AFFILIATO MANCANTE RECUPERO SCHEDA ALTRO LOCALE RICERCA PER CODICE LOCALE
PA	PA-489	03 PORTALE BACKOFFICE SCHEDA AFFILIATO MANCANTE VISUALIZZAZIONE SCHEDA VUOTA RICERCA PER CODICE LOCALE
PA	PA-490	04 PORTALE BACKOFFICE SCHEDA AFFILIATO MANCANTE INSERIMENTO SCHEDA AFFILIATO
PA	PA-491	05 PORTALE BACKOFFICE RICERCA SCHEDA AFFILIATO CREATA INFORMAZIONI CORRETTE
PA	PA-492	06 PORTALE BACKOFFICE MODIFICA SCHEDA AFFILIATO
PA	PA-493	07 PORTALE BACKOFFICE MODIFICA SCHEDA AFFILIATO COD LOC 031090 VERIFICA SU COD LOC 052366
PA	PA-494	01 VISUALIZZAZIONE WSDL DA BROWSER
PA	PA-495	02 CARICAMENTO PROGETTO SU SOAP UI TRAMITE WSDL
PA	PA-496	03 WSEASYCHECKWEBHTTPSOAP11ENDPOINT ATTIVAECW
PA	PA-497	04 WSEASYCHECKWEBHTTPSOAP11ENDPOINT CHECKSTATOCASSA
PA	PA-498	05 WSEASYCHECKWEBHTTPSOAP11ENDPOINT CHECKTIPOVOUCHER
PA	PA-499	06 WSEASYCHECKWEBHTTPSOAP11ENDPOINT GETCSVRIEPILOGO
PA	PA-500	08 WSEASYCHECKWEBHTTPSOAP11ENDPOINT GETLOCALIECW
PA	PA-501	09 WSEASYCHECKWEBHTTPSOAP11ENDPOINT GETRIEPILOGOOPERAZIONE
PA	PA-502	07 WSEASYCHECKWEBHTTPSOAP11ENDPOINT GETGRUPPOFATTURAZIONE
PA	PA-503	10 WSEASYCHECKWEBHTTPSOAP11ENDPOINT GETVALORECODLINEGENERICA
PA	PA-504	11 WSEASYCHECKWEBHTTPSOAP11ENDPOINT MODSTATOCASSAECW
PA	PA-505	12 WSEASYCHECKWEBHTTPSOAP11ENDPOINT SETORACHIUSURAFORZATA
PA	PA-506	13 WSEASYCHECKWEBHTTPSOAP11ENDPOINT SETRIEPILOGOOPERAZIONE
PA	PA-507	14 WSEASYCHECKWEBHTTPSOAP12ENDPOINT ATTIVAECW
PA	PA-508	15 WSEASYCHECKWEBHTTPSOAP12ENDPOINT CHECKSTATOCASSA
PA	PA-509	16 WSEASYCHECKWEBHTTPSOAP12ENDPOINT CHECKTIPOVOUCHER
PA	PA-510	17 WSEASYCHECKWEBHTTPSOAP12ENDPOINT GETCSVRIEPILOGO
PA	PA-511	18 WSEASYCHECKWEBHTTPSOAP12ENDPOINT GETGRUPPOFATTURAZIONE
PA	PA-512	19 WSEASYCHECKWEBHTTPSOAP12ENDPOINT GETLOCALIECW
PA	PA-513	20 WSEASYCHECKWEBHTTPSOAP12ENDPOINT GETRIEPILOGOOPERAZIONE
PA	PA-514	21 WSEASYCHECKWEBHTTPSOAP12ENDPOINT GETVALORECODLINEGENERICA
PA	PA-515	22 WSEASYCHECKWEBHTTPSOAP12ENDPOINT MODSTATOCASSAECW
PA	PA-516	23 WSEASYCHECKWEBHTTPSOAP12ENDPOINT SETORACHIUSURAFORZATA
PA	PA-517	24 WSEASYCHECKWEBHTTPSOAP12ENDPOINT SETRIEPILOGOOPERAZIONE
PA	PA-518	06 PORTALE BACKOFFICE MAIL PER INVIO CREDENZIALI
PA	PA-519	25 PORTALE AFFILIATI MAIL PER RICHIESTA MATERIALE UTENTE
PA	PA-520	26 LANCIO PROCEDURA A DB MAIL REPORT CONSENSI MARKETING
PA	PA-521	29 PORTALE AFFILIATI CAMBIO DOMINIO PER ERROR PROCEDURA SETRIEPILOGOOPERAZIONE
PA	PA-522	33 PORTALE AFFILIATI CAMBIO DOMINIO PER ERRORE NELLA GENERAZIONE DELLA DISTINTA
PA	PA-523	34 CONTROLLO PROCEDURA A DB VERIFICA SENDER PER ERRORE JOB EXPORT DATI TCWALLET
PA	PA-524	35 LANCIO PROCEDURA A DB MAIL PER ERRORE PROCEDURA BATCH PROC TRANS ELETTR TRANS ELETTR PREFATTURE
PA	PA-525	36 LANCIO PROCEDURA A DB MAIL PER ERRORE PROCEDURA BATCH PROC TRANS ELETTR UNES TRANS ELETTR PREFATTURE
PA	PA-526	37 PORTALE BENEFICIARI TICKET SERVICE MAIL PER RECUPERA PIN
PA	PA-527	01 NRT PORTALE BACKOFFICE LOGIN
PA	PA-528	02 NRT PORTALE BACKOFFICE INVIO CREDENZIALI
PA	PA-529	03 NRT PORTALE BACKOFFICE INVIO CREDENZIALI PULSANTE CERCA
PA	PA-530	04 NRT PORTALE BACKOFFICE INVIO CREDENZIALI AGGIORNA MAIL
PA	PA-531	05 NRT PORTALE BACKOFFICE INVIO CREDENZIALI INVIA MAIL
PA	PA-532	07 NRT PORTALE AFFILIATI LOGIN
PA	PA-533	08 NRT PORTALE AFFILIATI SEZIONE "I TUOI PUNTI VENDITA"
PA	PA-534	22 NRT PORTALE AFFILIATI SEZIONE "DOCUMENTI"
PA	PA-535	23 NRT PORTALE AFFILIATI DOCUMENTI RICHIEDI MATERIALE
PA	PA-536	24 NRT PORTALE AFFILIATI MAIL PER RICHIESTA MATERIALE UTENTE
PA	PA-537	09 NRT PORTALE AFFILIATI SEZIONE "SPECIFICHE PUNTO VENDITA"
PA	PA-538	10 NRT PORTALE AFFILIATI SPECIFICHE PUNTO VENDITA PULSANTE "RICHIEDI CHIUSURA"
PA	PA-539	11 NRT PORTALE AFFILIATI SPECIFICHE PUNTO VENDITA FORM INVIA "RICHIEDI CHIUSURA"
PA	PA-540	12 PORTALE AFFILIATI SPECIFICHE PUNTO VENDITA CAMBIO DOMINIO PER INVIO RICHIESTA CHIUSURA LOCALE
PA	PA-541	14 NRT PORTALE AFFILIATI SPECIFICHE PUNTO VENDITA CAMBIO INDIRIZZO INVIO RICHIESTA TRAMITE MAIL
PA	PA-542	13 NRT PORTALE AFFILIATI SPECIFICHE PUNTO VENDITA CAMBIO INDIRIZZO APERTURA FORM INVIA MAIL
PA	PA-543	15 PORTALE AFFILIATI SPECIFICHE PUNTO VENDITA CAMBIO DOMINIO PER INVIO RICHIESTA CAMBIO INDIRIZZO LOCALE
PA	PA-544	16 NRT PORTALE AFFILIATI SPECIFICHE PUNTO VENDITA CAMBIO LICENZA COMMERCIALE PULSANTE "RICHIEDI MODIFICA"
PA	PA-545	17 NRT PORTALE AFFILIATI SPECIFICHE PUNTO VENDITA CAMBIO LICENZA COMMERCIALE INVIO RICHIESTA TRAMITE MAIL
PA	PA-546	18 PORTALE AFFILIATI SPECIFICHE PUNTO VENDITA CAMBIO DOMINIO PER INVIO RICHIESTA CAMBIO LICENZA COMMERCIALE
PA	PA-547	19 NRT PORTALE AFFILIATI SEZIONE "RICHIESTA NUOVA APERTURA"
PA	PA-548	20 NRT PORTALE AFFILIATI RICHIESTA NUOVA APERTURA INVIO MAIL PER NUOVA APERTURA
PA	PA-549	21 PORTALE AFFILIATI RICHIESTA NUOVA APERTURA CAMBIO DOMINIO PER NUOVA APERTURA
PA	PA-550	27 NRT PORTALE AFFILIATI SEZIONE "EASYCHECKWEB"
PA	PA-551	28 NRT PORTALE AFFILIATI EASYCHECKWEB SEZIONE "SPENDI O STORNA VOUCHER"
PA	PA-552	30 NRT PORTALE AFFILIATI SEZIONE "RICHIEDI RIMBORSI"
PA	PA-553	31 NRT PORTALE AFFILIATI RICHIEDI RIMBORSI SEZIONE "RIMBORSO BUONI CARTACEI"
PA	PA-554	32 NRT PORTALE AFFILIATI RICHIEDI RIMBORSI BUONI CARTACEI INSERISCI DISTINTA
PA	PA-555	01 PORTALE AFFILIATI LOGIN
PA	PA-556	02 PORTALE AFFILIATI SEZIONE "SITUAZIONE CONTABILE"
PA	PA-557	03 PORTALE AFFILIATI SITUAZIONE CONTABILE FATTURA PAGATA CON MOTIVO BLOCCO VALORIZZATO A DB
PA	PA-558	04 PORTALE AFFILIATI SITUAZIONE CONTABILE FATTURA NON PAGATA CON MOTIVO BLOCCO VALORIZZATO A DB
PA	PA-559	01 SEZIONE ANAGRAFICA
PA	PA-560	02 SEZIONE ANAGRAFICA CLICK
PA	PA-561	03 ANAGRAFICA NESSUNA SELEZIONE
PA	PA-562	04 ANAGRAFICA SELEZIONE TIPOLOGIA ANAGRAFICA ENTRAMBE
PA	PA-563	05 ANAGRAFICA SELEZIONE TIPOLOGIA ANAGRAFICA "PERSONA FISICA" ALTRA TIPOLOGIA ANAGRAFICA NON ATTIVATA
PA	PA-564	06 ANAGRAFICA SELEZIONE TIPOLOGIA ANAGRAFICA "ALTRI SOGGETTI DIVERSI DALLA PERSONA FISICA" ALTRA TIPOLOGIA ANAGRAFICA NON ATTIVATA
PA	PA-565	07 ANAGRAFICA SELEZIONE TIPOLOGIA ANAGRAFICA PERSONA FISICA
PA	PA-566	08 ANAGRAFICA SELEZIONE TIPOLOGIA ANAGRAFICA ALTRI SOGGETTI DIVERSI DALLA PERSONA FISICA
PA	PA-567	09 ANAGRAFICA DEFINIZIONE PERSONA FISICA
PA	PA-568	10 ANAGRAFICA DEFINIZIONE ALTRI SOGGETTI DIVERSI DALLA PERSONA FISICA
PA	PA-569	11 ANAGRAFICA NOTA ESPLICATIVA PERSONA FISICA
PA	PA-570	12 ANAGRAFICA NOTA ESPLICATIVA ALTRI SOGGETTI DIVERSI DALLA PERSONA FISICA
PA	PA-571	13 ANAGRAFICA EVENTUALI ESEMPI
PA	PA-572	14 FORM DATI PERSONA FISICA NESSUNA COMPILAZIONE INVIA DATI
PA	PA-573	01 CHIAMATA INFOSTORE PRE FIX KO
PA	PA-574	02 CHIAMATA INFOSTORE DOPO FIX OK
PA	PA-575	03 CHIAMATA STORELIST DOPO FIX OK
PA	PA-576	15 FORM DATI PERSONA FISICA CAMPO NOME OBBLIGATORIO
PA	PA-577	16 FORM DATI PERSONA FISICA CAMPO NOME NUMERI
PA	PA-578	17 FORM DATI PERSONA FISICA CAMPO NOME CARATTERI SPECIALI
PA	PA-579	18 FORM DATI PERSONA FISICA CAMPO NOME SPAZI
PA	PA-580	19 FORM DATI PERSONA FISICA CAMPO COGNOME OBBLIGATORIO
PA	PA-581	20 FORM DATI PERSONA FISICA CAMPO COGNOME NUMERI
PA	PA-582	21 FORM DATI PERSONA FISICA CAMPO COGNOME CARATTERI SPECIALI
PA	PA-583	22 FORM DATI PERSONA FISICA CAMPO COGNOME SPAZI
PA	PA-584	23 FORM DATI PERSONA FISICA CAMPO STATO DI NASCITA CLICK
PA	PA-585	24 FORM DATI PERSONA FISICA CAMPO STATO DI NASCITA SELEZIONE
PA	PA-586	25 FORM DATI PERSONA FISICA CAMPO STATO DI NASCITA POST SELEZIONE
PA	PA-587	26 FORM DATI PERSONA FISICA CAMPO STATO DI NASCITA STATO ESTERO
PA	PA-588	27 FORM DATI PERSONA FISICA CAMPO PROVINCIA DI NASCITA
PA	PA-589	28 FORM DATI PERSONA FISICA CAMPO PROVINCIA DI NASCITA STATO ITALIA
PA	PA-590	29 FORM DATI PERSONA FISICA CAMPO PROVINCIA DI NASCITA STATO ESTERO
PA	PA-591	30 FORM DATI PERSONA FISICA CAMPO PROVINCIA DI NASCITA STATO ESTERO CAMPO LIBERO
PA	PA-592	31 FORM DATI PERSONA FISICA CAMPO PROVINCIA DI NASCITA SELEZIONE
PA	PA-593	32 FORM DATI PERSONA FISICA CAMPO PROVINCIA DI NASCITA POST SELEZIONE
PA	PA-594	33 FORM DATI PERSONA FISICA CAMPO CITTA DI NASCITA
PA	PA-595	34 FORM DATI PERSONA FISICA CAMPO CITTA DI NASCITA CLICK
PA	PA-596	35 FORM DATI PERSONA FISICA CAMPO CITTA DI NASCITA SELEZIONE
PA	PA-597	36 FORM DATI PERSONA FISICA CAMPO DATA DI NASCITA INSERIMENTO TASTIERA FORMATO CORRETTO
PA	PA-598	37 FORM DATI PERSONA FISICA CAMPO DATA DI NASCITA INSERIMENTO TASTIERA FORMATO ERRATO
PA	PA-599	38 FORM DATI PERSONA FISICA CAMPO DATA DI NASCITA INSERIMENTO TASTIERA NO NUMERICO
PA	PA-600	39 FORM DATI PERSONA FISICA CAMPO DATA DI NASCITA CALENDARIO
PA	PA-601	40 FORM DATI PERSONA FISICA CAMPO DATA DI NASCITA CALENDARIO SELEZIONE
PA	PA-602	41 FORM DATI PERSONA FISICA CAMPO STATO RILASCIO CF CLICK
PA	PA-603	42 FORM DATI PERSONA FISICA CAMPO STATO RILASCIO CF SELEZIONE
PA	PA-604	43 FORM DATI PERSONA FISICA CAMPO STATO DI NASCITA OBBLIGATORIO
PA	PA-605	44 FORM DATI PERSONA FISICA CAMPO PROVINCIA DI NASCITA OBBLIGATORIO
PA	PA-606	45 FORM DATI PERSONA FISICA CAMPO CITTA DI NASCITA OBBLIGATORIO
PA	PA-607	46 FORM DATI PERSONA FISICA CAMPO DATA DI NASCITA OBBLIGATORIO
PA	PA-608	47 FORM DATI PERSONA FISICA CAMPO STATO RILASCIO CF OBBLIGATORIO
PA	PA-609	48 FORM DATI PERSONA FISICA CAMPO CODICE FISCALE OBBLIGATORIO
PA	PA-610	49 FORM DATI PERSONA FISICA CAMPO REA OBBLIGATORIO
PA	PA-611	50 FORM DATI PERSONA FISICA CAMPO REA NON OBBLIGATORIO
PA	PA-612	51 FORM DATI PERSONA FISICA CAMPO NUMERO REGISTRO IMPRESE OBBLIGATORIO
PA	PA-613	52 FORM DATI PERSONA FISICA CAMPO NUMERO REGISTRO IMPRESE NON OBBLIGATORIO
PA	PA-614	53 FORM DATI PERSONA FISICA CAMPO P IVA OBBLIGATORIO
PA	PA-615	54 FORM DATI PERSONA FISICA CAMPO DENOMINAZIONE DITTA OBBLIGATORIO
PA	PA-616	55 FORM DATI PERSONA FISICA CAMPO NUMERO DI TELEFONO OBBLIGATORIO
PA	PA-617	56 FORM DATI PERSONA FISICA CAMPO CODICE PAESE OBBLIGATORIO
PA	PA-618	57 FORM DATI PERSONA FISICA CAMPO EMAIL OBBLIGATORIO
PA	PA-619	58 FORM DATI PERSONA FISICA CAMPO PROVINCIA OBBLIGATORIO
PA	PA-620	59 FORM DATI PERSONA FISICA CAMPO CITTA OBBLIGATORIO
PA	PA-621	60 FORM DATI PERSONA FISICA CAMPO CODICE POSTALE OBBLIGATORIO
PA	PA-622	61 FORM DATI PERSONA FISICA CAMPO INDIRIZZO OBBLIGATORIO
PA	PA-623	62 FORM DATI PERSONA FISICA CAMPO IBAN OBBLIGATORIO
PA	PA-624	63 FORM DATI PERSONA FISICA CAMPO INTESTATARIO CONTO CORRENTE OBBLIGATORIO
PA	PA-625	64 FORM DATI PERSONA FISICA FLAG SEI UN PARTNER I CUI COMPENSI CORRISPETTIVI SONO SOGGETTI A RITENUTA D’ACCONTO OBBLIGATORIO
PA	PA-626	65 FORM DATI PERSONA FISICA FLAG HAI UNA O PIU ORGANIZZAZIONI STABILI ALL'ESTERO OBBLIGATORIO
PA	PA-627	66 FORM DATI PERSONA FISICA CAMPO STATI OBBLIGATORIO
PA	PA-628	67 FORM DATI PERSONA FISICA CAMPO CODICE FISCALE CARATTERI SPECIALI
PA	PA-629	68 FORM DATI PERSONA FISICA CAMPO CODICE FISCALE SOLO NUMERI
PA	PA-630	69 FORM DATI PERSONA FISICA CAMPO CODICE FISCALE SOLO LETTERE
PA	PA-631	70 FORM DATI PERSONA FISICA CAMPO CODICE FISCALE CARATTERI MINIMI
PA	PA-632	71 FORM DATI PERSONA FISICA CAMPO CODICE FISCALE CARATTERI MASSIMI
PA	PA-633	72 FORM DATI PERSONA FISICA CAMPO CODICE FISCALE
PA	PA-634	73 FORM DATI PERSONA FISICA FLAG SEI ISCRITTO AL REGISTRO DELLE IMPRESE SELEZIONE MULTIPLA
PA	PA-635	74 FORM DATI PERSONA FISICA CAMPO REA VISIBILITA
PA	PA-636	75 FORM DATI PERSONA FISICA CAMPO REA NON VISIBILITA
PA	PA-637	76 FORM DATI PERSONA FISICA CAMPO REA CARATTERI SPECIALI
PA	PA-638	77 FORM DATI PERSONA FISICA CAMPO REA SOLO NUMERI
PA	PA-639	78 FORM DATI PERSONA FISICA CAMPO REA SOLO LETTERE
PA	PA-640	79 FORM DATI PERSONA FISICA CAMPO REA
PA	PA-641	80 FORM DATI PERSONA FISICA CAMPO NUMERO REGISTRO IMPRESE VISIBILITA
PA	PA-642	81 FORM DATI PERSONA FISICA CAMPO NUMERO REGISTRO IMPRESE NON VISIBILITA
PA	PA-643	82 FORM DATI PERSONA FISICA CAMPO NUMERO REGISTRO IMPRESE CARATTERI SPECIALI
PA	PA-644	83 FORM DATI PERSONA FISICA CAMPO NUMERO REGISTRO IMPRESE SOLO NUMERI
PA	PA-645	84 FORM DATI PERSONA FISICA CAMPO NUMERO REGISTRO IMPRESE SOLO LETTERE
PA	PA-646	85 FORM DATI PERSONA FISICA CAMPO NUMERO REGISTRO IMPRESE
PA	PA-647	86 FORM DATI PERSONA FISICA CAMPO NUMERO REGISTRO IMPRESE CARATTERI MASSIMI
PA	PA-648	87 FORM DATI PERSONA FISICA CAMPO P IVA NON EDITABILE
PA	PA-649	88 FORM DATI PERSONA FISICA CAMPO P IVA PRECOMPILATO
PA	PA-650	89 FORM DATI PERSONA FISICA CAMPO DENOMINAZIONE DITTA
PA	PA-651	90 FORM DATI PERSONA FISICA CAMPO DENOMINAZIONE DITTA CARATTERI SPECIALI
PA	PA-652	91 FORM DATI PERSONA FISICA CAMPO NUMERO TELEFONO
PA	PA-653	92 FORM DATI PERSONA FISICA CAMPO NUMERO TELEFONO CARATTERI ALFABETICI
PA	PA-654	93 FORM DATI PERSONA FISICA CAMPO NUMERO TELEFONO CARATTERI SPECIALI
PA	PA-655	94 FORM DATI PERSONA FISICA CAMPO NUMERO TELEFONO PREFISSO
PA	PA-656	95 FORM DATI PERSONA FISICA CAMPO NUMERO TELEFONO NUMERO CIFRE MASSIMO
PA	PA-657	96 FORM DATI PERSONA FISICA CAMPO EMAIL
PA	PA-658	97 FORM DATI PERSONA FISICA CAMPO EMAIL CARATTERI CONSENTITI
PA	PA-659	98 FORM DATI PERSONA FISICA CAMPO EMAIL CARATTERI NON CONSENTITI
PA	PA-660	99 FORM DATI PERSONA FISICA CAMPO EMAIL FORMATO ERRATO
PA	PA-661	100 FORM DATI PERSONA FISICA CAMPO EMAIL SPAZI
PA	PA-662	101 FORM DATI PERSONA FISICA CAMPO CODICE PAESE
PA	PA-663	102 FORM DATI PERSONA FISICA CAMPO CODICE PAESE CLICK
PA	PA-664	103 FORM DATI PERSONA FISICA CAMPO PROVINCIA
PA	PA-665	104 FORM DATI PERSONA FISICA CAMPO PROVINCIA CODICE PAESE ITALIA
PA	PA-666	105 FORM DATI PERSONA FISICA CAMPO PROVINCIA CODICE PAESE DIVERSO DA ITALIA
PA	PA-667	106 FORM DATI PERSONA FISICA CAMPO CITTA
PA	PA-668	107 FORM DATI PERSONA FISICA CAMPO CITTA CODICE PAESE ITALIA
PA	PA-669	108 FORM DATI PERSONA FISICA CAMPO CITTA CODICE PAESE DIVERSO DA ITALIA
PA	PA-670	109 FORM DATI PERSONA FISICA CAMPO CAP
PA	PA-671	110 FORM DATI PERSONA FISICA CAMPO CAP CODICE PAESE ITALIA
PA	PA-672	111 FORM DATI PERSONA FISICA CAMPO CAP CODICE PAESE DIVERSO DA ITALIA
PA	PA-673	112 FORM DATI PERSONA FISICA CAMPO INDIRIZZO
PA	PA-674	113 FORM DATI PERSONA FISICA CAMPO INDIRIZZO CARATTERI SPECIALI
PA	PA-675	114 FORM DATI PERSONA FISICA CAMPO IBAN
PA	PA-676	115 FORM DATI PERSONA FISICA CAMPO IBAN SOLO NUMERI
PA	PA-677	116 FORM DATI PERSONA FISICA CAMPO IBAN SOLO LETTERE
PA	PA-678	117 FORM DATI PERSONA FISICA CAMPO IBAN CARATTERI SPECIALI
PA	PA-679	118 FORM DATI PERSONA FISICA CAMPO IBAN IBAN ESTERO LUNGHEZZA MAX
PA	PA-680	119 FORM DATI PERSONA FISICA CAMPO IBAN IBAN ITALIANO LUNGHEZZA MAX
PA	PA-681	120 FORM DATI PERSONA FISICA CAMPO IBAN LUNGHEZZA MINIMA
PA	PA-682	121 FORM DATI PERSONA FISICA CAMPO INTESTATARIO DEL CONTO CORRENTE
PA	PA-683	122 FORM DATI PERSONA FISICA CAMPO INTESTATARIO DEL CONTO CORRENTE CARATTERI SPECIALI
PA	PA-684	123 FORM DATI PERSONA FISICA FLAG SEI UN PARTNER I CUI COMPENSI CORRISPETTIVI SONO SOGGETTI A RITENUTA D'ACCONTO ENTRAMBE LE OPZIONI
PA	PA-685	124 FORM DATI PERSONA FISICA FLAG SEI UN PARTNER I CUI COMPENSI CORRISPETTIVI SONO SOGGETTI A RITENUTA D'ACCONTO OPZIONE SI
PA	PA-686	125 FORM DATI PERSONA FISICA FLAG SEI UN PARTNER I CUI COMPENSI CORRISPETTIVI SONO SOGGETTI A RITENUTA D'ACCONTO OPZIONE NO
PA	PA-687	126 FORM DATI PERSONA FISICA FLAG HAI UNA STABILE ORGANIZZAZIONE ALL'ESTERO ENTRAMBE LE OPZIONI
PA	PA-688	127 FORM DATI PERSONA FISICA FLAG HAI UNA STABILE ORGANIZZAZIONE ALL'ESTERO OPZIONE SI
PA	PA-689	128 FORM DATI PERSONA FISICA FLAG HAI UNA STABILE ORGANIZZAZIONE ALL'ESTERO OPZIONE NO
PA	PA-690	129 FORM DATI PERSONA FISICA FLAG HAI UNA STABILE ORGANIZZAZIONE ALL'ESTERO OPZIONE SI CAMPO STATI
PA	PA-691	130 FORM DATI PERSONA FISICA FLAG HAI UNA STABILE ORGANIZZAZIONE ALL'ESTERO OPZIONE NO CAMPO STATI
PA	PA-692	131 FORM DATI PERSONA FISICA CAMPO STATI
PA	PA-693	133 FORM DATI PERSONA FISICA SEZIONE ANAGRAFICA MESSAGGIO MODIFICA
PA	PA-694	134 FORM DATI PERSONA FISICA SEZIONE ANAGRAFICA MODIFICA
PA	PA-695	135 FORM DATI PERSONA FISICA SEZIONE ANAGRAFICA MODIFICA DOPO SCADENZA
PA	PA-696	136 FORM DATI PERSONA FISICA SEZIONE ANAGRAFICA INVIO DATI DOPO SCADENZA
PA	PA-697	137 DATI PERSONA FISICA CHECK DB
PA	PA-698	138 DATI PERSONA FISICA MODIFICA CHECK DB
PA	PA-699	139 DATI PERSONA FISICA MODIFICA DATI VECCHI CHECK DB
PA	PA-700	140 FORM DATI PERSONA FISICA POST CHIUSURA IMPERSONA UTENTE BACKOFFICE
PA	PA-701	141 FORM DATI ALTRI SOGGETTI DIVERSI DALLA PERSONA FISICA INVIA DATI
PA	PA-702	142 FORM DATI ALTRI SOGGETTI DIVERSI DALLA PERSONA FISICA SEZIONE ANAGRAFICA MESSAGGIO MODIFICA
PA	PA-703	143 FORM DATI ALTRI SOGGETTI DIVERSI DALLA PERSONA FISICA SEZIONE ANAGRAFICA MODIFICA
PA	PA-704	144 FORM DATI ALTRI SOGGETTI DIVERSI DALLA PERSONA FISICA SEZIONE ANAGRAFICA MODIFICA DOPO SCADENZA
PA	PA-705	145 FORM DATI ALTRI SOGGETTI DIVERSI DALLA PERSONA FISICA SEZIONE ANAGRAFICA INVIO DATI DOPO SCADENZA
PA	PA-706	146 DATI ALTRI SOGGETTI DIVERSI DALLA PERSONA FISICA CHECK DB
PA	PA-707	147 DATI ALTRI SOGGETTI DIVERSI DALLA PERSONA FISICA MODIFICA CHECK DB
PA	PA-708	148 DATI ALTRI SOGGETTI DIVERSI DALLA PERSONA FISICA MODIFICA DATI VECCHI CHECK DB
PA	PA-709	149 FORM DATI ALTRI SOGGETTI DIVERSI DALLA PERSONA FISICA POST CHIUSURA IMPERSONA UTENTE BACKOFFICE
PA	PA-710	150 FORM DATI ALTRI SOGGETTI DIVERSI DALLA PERSONA FISICA CAMPO STATO RILASCIO CF CLICK
PA	PA-711	151 FORM DATI ALTRI SOGGETTI DIVERSI DALLA PERSONA FISICA CAMPO STATO RILASCIO CF SELEZIONE
PA	PA-712	152 FORM DATI ALTRI SOGGETTI DIVERSI DALLA PERSONA FISICA CAMPO CODICE FISCALE
PA	PA-713	153 FORM DATI ALTRI SOGGETTI DIVERSI DALLA PERSONA FISICA CAMPO CODICE FISCALE PRESENZA LETTERE
PA	PA-714	154 FORM DATI ALTRI SOGGETTI DIVERSI DALLA PERSONA FISICA CAMPO CODICE FISCALE CARATTERI SPECIALI
PA	PA-715	155 FORM DATI ALTRI SOGGETTI DIVERSI DALLA PERSONA FISICA CAMPO CODICE FISCALE CIFRE MASSIME
PA	PA-716	156 FORM DATI ALTRI SOGGETTI DIVERSI DALLA PERSONA FISICA FLAG SEI ISCRITTO AL REGISTRO DELLE IMPRESE SELEZIONE MULTIPLA
PA	PA-717	157 FORM DATII ALTRI SOGGETTI DIVERSI DALLA PERSONA FISICA CAMPO REA VISIBILITA
PA	PA-718	158 FORM DATI ALTRI SOGGETTI DIVERSI DALLA PERSONA FISICA CAMPO REA NON VISIBILITA
PA	PA-719	159 FORM DATI ALTRI SOGGETTI DIVERSI DALLA PERSONA FISICA CAMPO REA CARATTERI SPECIALI
PA	PA-720	160 FORM DATI ALTRI SOGGETTI DIVERSI DALLA PERSONA FISICA CAMPO REA SOLO NUMERI
PA	PA-721	161 FORM DATI ALTRI SOGGETTI DIVERSI DALLA PERSONA FISICA CAMPO REA SOLO LETTERE
PA	PA-722	162 FORM DATI ALTRI SOGGETTI DIVERSI DALLA PERSONA FISICA CAMPO REA
PA	PA-723	163 FORM DATI ALTRI SOGGETTI DIVERSI DALLA PERSONA FISICA CAMPO NUMERO REGISTRO IMPRESE VISIBILITA
PA	PA-724	164 FORM DATI ALTRI SOGGETTI DIVERSI DALLA PERSONA FISICA CAMPO NUMERO REGISTRO IMPRESE NON VISIBILITA
PA	PA-725	165 FORM DATI ALTRI SOGGETTI DIVERSI DALLA PERSONA FISICA CAMPO NUMERO REGISTRO IMPRESE CARATTERI SPECIALI
PA	PA-726	166 FORM DATI ALTRI SOGGETTI DIVERSI DALLA PERSONA FISICA CAMPO NUMERO REGISTRO IMPRESE SOLO NUMERI
PA	PA-727	167 FORM DATI ALTRI SOGGETTI DIVERSI DALLA PERSONA FISICA CAMPO NUMERO REGISTRO IMPRESE SOLO LETTERE
PA	PA-728	168 FORM DATI ALTRI SOGGETTI DIVERSI DALLA PERSONA FISICA CAMPO NUMERO REGISTRO IMPRESE
PA	PA-729	169 FORM DATI ALTRI SOGGETTI DIVERSI DALLA PERSONA FISICA CAMPO NUMERO REGISTRO IMPRESE CARATTERI MASSIMI
PA	PA-730	170 FORM DATI ALTRI SOGGETTI DIVERSI DALLA PERSONA FISICA CAMPO P IVA NON EDITABILE
PA	PA-731	171 FORM DATI ALTRI SOGGETTI DIVERSI DALLA PERSONA FISICA CAMPO P IVA PRECOMPILATO
PA	PA-732	172 FORM DATI ALTRI SOGGETTI DIVERSI DALLA PERSONA FISICA CAMPO DENOMINAZIONE SOCIALE
PA	PA-733	173 FORM DATI ALTRI SOGGETTI DIVERSI DALLA PERSONA FISICA CAMPO DENOMINAZIONE SOCIALE CARATTERI SPECIALI
PA	PA-734	174 FORM DATI ALTRI SOGGETTI DIVERSI DALLA PERSONA FISICA CAMPO NUMERO TELEFONO
PA	PA-735	175 FORM DATI ALTRI SOGGETTI DIVERSI DALLA PERSONA FISICA CAMPO NUMERO TELEFONO CARATTERI ALFABETICI
PA	PA-736	176 FORM DATI ALTRI SOGGETTI DIVERSI DALLA PERSONA FISICA CAMPO NUMERO TELEFONO CARATTERI SPECIALI
PA	PA-737	177 FORM DATI ALTRI SOGGETTI DIVERSI DALLA PERSONA FISICA CAMPO NUMERO TELEFONO PREFISSO
PA	PA-738	178 FORM DATI ALTRI SOGGETTI DIVERSI DALLA PERSONA FISICA CAMPO NUMERO TELEFONO NUMERO CIFRE MASSIMO
PA	PA-739	179 FORM DATI ALTRI SOGGETTI DIVERSI DALLA PERSONA FISICA CAMPO EMAIL
PA	PA-740	180 FORM DATI ALTRI SOGGETTI DIVERSI DALLA PERSONA FISICA CAMPO EMAIL CARATTERI CONSENTITI
PA	PA-741	181 FORM DATI ALTRI SOGGETTI DIVERSI DALLA PERSONA FISICA CAMPO EMAIL CARATTERI NON CONSENTITI
PA	PA-742	182 FORM DATI ALTRI SOGGETTI DIVERSI DALLA PERSONA FISICA CAMPO EMAIL FORMATO ERRATO
PA	PA-743	183 FORM DATI ALTRI SOGGETTI DIVERSI DALLA PERSONA FISICA CAMPO EMAIL SPAZI
PA	PA-744	184 FORM DATI ALTRI SOGGETTI DIVERSI DALLA PERSONA FISICA CAMPO CODICE PAESE
PA	PA-745	185 FORM DATI ALTRI SOGGETTI DIVERSI DALLA PERSONA FISICA CAMPO CODICE PAESE CLICK
PA	PA-746	186 FORM DATI ALTRI SOGGETTI DIVERSI DALLA PERSONA FISICA CAMPO PROVINCIA
PA	PA-747	187 FORM DATI ALTRI SOGGETTI DIVERSI DALLA PERSONA FISICA CAMPO PROVINCIA CODICE PAESE ITALIA
PA	PA-748	188 FORM DATI ALTRI SOGGETTI DIVERSI DALLA PERSONA FISICA CAMPO PROVINCIA CODICE PAESE DIVERSO DA ITALIA
PA	PA-749	189 FORM DATI ALTRI SOGGETTI DIVERSI DALLA PERSONA FISICA CAMPO CITTA
PA	PA-750	190 FORM DATI ALTRI SOGGETTI DIVERSI DALLA PERSONA FISICA CAMPO CITTA CODICE PAESE ITALIA
PA	PA-751	191 FORM DATI ALTRI SOGGETTI DIVERSI DALLA PERSONA FISICA CAMPO CITTA CODICE PAESE DIVERSO DA ITALIA
PA	PA-752	192 FORM DATI ALTRI SOGGETTI DIVERSI DALLA PERSONA FISICA CAMPO CAP
PA	PA-753	193 FORM DATI ALTRI SOGGETTI DIVERSI DALLA PERSONA FISICA CAMPO CAP CODICE PAESE ITALIA
PA	PA-754	194 FORM DATI ALTRI SOGGETTI DIVERSI DALLA PERSONA FISICA CAMPO CAP CODICE PAESE DIVERSO DA ITALIA
PA	PA-755	195 FORM DATI ALTRI SOGGETTI DIVERSI DALLA PERSONA FISICA CAMPO INDIRIZZO
PA	PA-756	196 FORM DATI ALTRI SOGGETTI DIVERSI DALLA PERSONA FISICA CAMPO INDIRIZZO CARATTERI SPECIALI
PA	PA-757	197 FORM DATI ALTRI SOGGETTI DIVERSI DALLA PERSONA FISICA CAMPO IBAN
PA	PA-758	198 FORM DATI ALTRI SOGGETTI DIVERSI DALLA PERSONA FISICA CAMPO IBAN SOLO NUMERI
PA	PA-759	199 FORM DATI ALTRI SOGGETTI DIVERSI DALLA PERSONA FISICA CAMPO IBAN SOLO LETTERE
PA	PA-760	200 FORM DATI ALTRI SOGGETTI DIVERSI DALLA PERSONA FISICA CAMPO IBAN CARATTERI SPECIALI
PA	PA-761	201 FORM DATI ALTRI SOGGETTI DIVERSI DALLA PERSONA FISICA CAMPO IBAN IBAN ESTERO LUNGHEZZA MAX
PA	PA-762	202 FORM DATI ALTRI SOGGETTI DIVERSI DALLA PERSONA FISICA CAMPO IBAN IBAN ITALIANO LUNGHEZZA MAX
PA	PA-763	203 FORM DATI ALTRI SOGGETTI DIVERSI DALLA PERSONA FISICA CAMPO IBAN LUNGHEZZA MINIMA
PA	PA-764	204 FORM DATI ALTRI SOGGETTI DIVERSI DALLA PERSONA FISICA CAMPO INTESTATARIO DEL CONTO CORRENTE
PA	PA-765	205 FORM DATI ALTRI SOGGETTI DIVERSI DALLA PERSONA FISICA CAMPO INTESTATARIO DEL CONTO CORRENTE CARATTERI SPECIALI
PA	PA-766	206 FORM DATI ALTRI SOGGETTI DIVERSI DALLA PERSONA FISICA FLAG SEI UN PARTNER I CUI COMPENSI CORRISPETTIVI SONO SOGGETTI A RITENUTA D'ACCONTO ENTRAMBE LE OPZIONI
PA	PA-767	207 FORM DATI ALTRI SOGGETTI DIVERSI DALLA PERSONA FISICA FLAG SEI UN PARTNER I CUI COMPENSI CORRISPETTIVI SONO SOGGETTI A RITENUTA D'ACCONTO OPZIONE SI
PA	PA-768	208 FORM DATI ALTRI SOGGETTI DIVERSI DALLA PERSONA FISICA FLAG SEI UN PARTNER I CUI COMPENSI CORRISPETTIVI SONO SOGGETTI A RITENUTA D'ACCONTO OPZIONE NO
PA	PA-769	209 FORM DATI ALTRI SOGGETTI DIVERSI DALLA PERSONA FISICA FLAG HAI UNA STABILE ORGANIZZAZIONE ALL'ESTERO ENTRAMBE LE OPZIONI
PA	PA-770	210 FORM DATI ALTRI SOGGETTI DIVERSI DALLA PERSONA FISICA FLAG HAI UNA STABILE ORGANIZZAZIONE ALL'ESTERO OPZIONE SI
PA	PA-771	211 FORM DATI ALTRI SOGGETTI DIVERSI DALLA PERSONA FISICA FLAG HAI UNA STABILE ORGANIZZAZIONE ALL'ESTERO OPZIONE NO
PA	PA-772	212 FORM DATI ALTRI SOGGETTI DIVERSI DALLA PERSONA FISICA FLAG HAI UNA STABILE ORGANIZZAZIONE ALL'ESTERO OPZIONE SI CAMPO STATI
PA	PA-773	213 FORM DATI ALTRI SOGGETTI DIVERSI DALLA PERSONA FISICA FLAG HAI UNA STABILE ORGANIZZAZIONE ALL'ESTERO OPZIONE NO CAMPO STATI
PA	PA-774	214 FORM DATI ALTRI SOGGETTI DIVERSI DALLA PERSONA FISICA CAMPO STATI
PA	PA-775	215 FORM DATI ALTRI SOGGETTI DIVERSI DALLA PERSONA FISICA CAMPO STATO RILASCIO CF OBBLIGATORIO
PA	PA-776	216 FORM DATI ALTRI SOGGETTI DIVERSI DALLA PERSONA FISICA CAMPO CODICE FISCALE OBBLIGATORIO
PA	PA-777	217 FORM DATI ALTRI SOGGETTI DIVERSI DALLA PERSONA FISICA CAMPO REA OBBLIGATORIO
PA	PA-778	218 FORM DATI ALTRI SOGGETTI DIVERSI DALLA PERSONA FISICA CAMPO REA NON OBBLIGATORIO
PA	PA-779	219 FORM DATI ALTRI SOGGETTI DIVERSI DALLA PERSONA FISICA CAMPO NUMERO REGISTRO IMPRESE OBBLIGATORIO
PA	PA-780	220 FORM DATI ALTRI SOGGETTI DIVERSI DALLA PERSONA FISICA CAMPO NUMERO REGISTRO IMPRESE NON OBBLIGATORIO
PA	PA-781	221 FORM DATI ALTRI SOGGETTI DIVERSI DALLA PERSONA FISICA CAMPO P IVA OBBLIGATORIO
PA	PA-782	222 FORM DATI ALTRI SOGGETTI DIVERSI DALLA PERSONA FISICA CAMPO DENOMINAZIONE DITTA OBBLIGATORIO
PA	PA-783	223 FORM DATI ALTRI SOGGETTI DIVERSI DALLA PERSONA FISICA CAMPO NUMERO DI TELEFONO OBBLIGATORIO
PA	PA-784	224 FORM DATI ALTRI SOGGETTI DIVERSI DALLA PERSONA FISICA CAMPO CODICE PAESE OBBLIGATORIO
PA	PA-785	225 FORM DATI ALTRI SOGGETTI DIVERSI DALLA PERSONA FISICA CAMPO EMAIL OBBLIGATORIO
PA	PA-786	226 FORM DATI ALTRI SOGGETTI DIVERSI DALLA PERSONA FISICA CAMPO PROVINCIA OBBLIGATORIO
PA	PA-787	227 FORM DATI ALTRI SOGGETTI DIVERSI DALLA PERSONA FISICA CAMPO CITTA OBBLIGATORIO
PA	PA-788	228 FORM DATI ALTRI SOGGETTI DIVERSI DALLA PERSONA FISICA CAMPO CODICE POSTALE OBBLIGATORIO
PA	PA-789	229 FORM DATI ALTRI SOGGETTI DIVERSI DALLA PERSONA FISICA CAMPO INDIRIZZO OBBLIGATORIO
PA	PA-790	230 FORM DATI ALTRI SOGGETTI DIVERSI DALLA PERSONA FISICA CAMPO IBAN OBBLIGATORIO
PA	PA-791	231 FORM DATI ALTRI SOGGETTI DIVERSI DALLA PERSONA FISICA CAMPO INTESTATARIO CONTO CORRENTE OBBLIGATORIO
PA	PA-792	232 FORM DATI ALTRI SOGGETTI DIVERSI DALLA PERSONA FISICA FLAG SEI UN PARTNER I CUI COMPENSI CORRISPETTIVI SONO SOGGETTI A RITENUTA D’ACCONTO OBBLIGATORIO
PA	PA-793	233 FORM DATI ALTRI SOGGETTI DIVERSI DALLA PERSONA FISICA FLAG HAI UNA O PIU ORGANIZZAZIONI STABILI ALL'ESTERO OBBLIGATORIO
PA	PA-794	234 FORM DATI ALTRI SOGGETTI DIVERSI DALLA PERSONA FISICA CAMPO STATI OBBLIGATORIO
PA	PA-795	235 SEZIONE ANAGRAFICA ALTRO MERCHANT
PA	PA-796	236 WEBFORM DA COMPILARE PORTALE BACKOFFICE IMPERSONA
PA	PA-797	237 WEBFORM DATA SCADENZA PASSATA PORTALE BACKOFFICE IMPERSONA
PA	PA-798	238 WEBFORM MODIFICA PORTALE BACKOFFICE IMPERSONA CHECK DB E VISIBILITA DEL MERCHANT
PA	PA-799	239 WEBFORM ACCESSO CON P IVA E CON CODICE AFFILIATO
PA	PA-800	240 ANAGRAFICA PERSONA FISICA POPUP MODIFICA TIPOLOGIA ANAGRAFICA
PA	PA-801	241 ANAGRAFICA ALTRI SOGGETTI DIVERSI DALLA PERSONA FISICA POPUP MODIFICA TIPOLOGIA ANAGRAFICA
PA	PA-802	242 ANAGRAFICA POPUP MODIFICA TIPOLOGIA ANAGRAFICA TASTO ANNULLA
PA	PA-803	243 ANAGRAFICA POPUP MODIFICA TIPOLOGIA ANAGRAFICA TASTO "X"
PA	PA-804	244 ANAGRAFICA POPUP MODIFICA TIPOLOGIA ANAGRAFICA TASTO "MODIFICA TIPOLOGIA ANAGRAFICA"
PA	PA-805	245 ANAGRAFICA POPUP ABBANDONA CLICK ESTERNO
PA	PA-806	246 SEZIONE ANAGRAFICA CLICK POST FORM COMPILATO
PA	PA-807	247 FORM DATI PERSONA FISICA CAMPO DATA DI NASCITA GESTIONE CALENDARIO
PA	PA-808	132 FORM DATI PERSONA FISICA INVIA DATI
PA	PA-809	248 FORM DATI PERSONA FISICA BANNER VERDE DI INVIO POST INVIO DATI CON CAMPO ERRATO
PA	PA-810	01 SOAP UI SERVIZIO SENDMAIL
PA	PA-811	02 SOAP UI SERVIZIO SENDDOCVIAMAIL
PA	PA-812	01 TEST CONNESSIONE CON PASSWORD ERRATA INVIO MAIL SOTTO IL 50% DI CONNESSIONI FALLITE
PA	PA-813	02 TEST CONNESSIONE CON PASSWORD ERRATA INVIO MAIL SOPRA IL 50% DI CONNESSIONI FALLITE
PA	PA-814	03 TEST CONNESSIONE CON PASSWORD ERRATA VERIFICA MAIL
PA	PA-815	04 TEST CONNESSIONE CON PASSWORD ERRATA MAIL NON RICEVUTA POST FLUSH
PA	PA-816	01 PORTALE AFFILIATI EASY CHECK WEB LEGGI STORNA BUONO URL DI REINDIRIZZAMENTO
PA	PA-817	02 PORTALE AFFILIATI TICKET SERVICE PAGAMENTO CON CRS URL DI REINDIRIZZAMENTO
PA	PA-818	03 PORTALE AFFILIATI TICKET SERVICE PAGAMENTO CON APP URL DI REINDIRIZZAMENTO
PA	PA-819	01 PORTALE AFFILIATI LOGIN RESET PASSWORD
PA	PA-820	02 PORTALE AFFILIATI LOGIN RESET PASSWORD ACCESSO CON PASSWORD PRECEDENTE
PA	PA-821	03 PORTALE AFFILIATI LOGIN RESET PASSWORD ACCESSO CON NUOVA PASSWORD
PA	PA-822	04 PORTALE AFFILIATI LOGIN RESET PASSWORD SECONDA RICHIESTA CON PRIMA IN CORSO ACCESSO CON NUOVA PASSWORD SENZA INVIO MAIL
PA	PA-823	05 PORTALE AFFILIATI LOGIN RESET PASSWORD SECONDA RICHIESTA CON PRIMA IN CORSO ACCESSO CON PASSWORD PRECEDENTE SENZA INVIO MAIL
PA	PA-824	06 PORTALE AFFILIATI LOGIN RESET PASSWORD INVIO MAIL
PA	PA-825	01 PORTALE AFFILITIATO CONSULTA TRANSAZIONI DIGITALI TRANSAZIONI DEMATERIALIZZATE PRE RICHIESTA
PA	PA-826	02 PORTALE AFFILITIATO CONSULTA TRANSAZIONI DIGITALI TRANSAZIONI ELETTRONICHE PRE RICHIESTA
PA	PA-827	03 LANCIARE LA PROCEDURA V3 SUL DB TIPO D
PA	PA-828	04 LANCIARE LA PROCEDURA V3 SUL DB TIPO E
PA	PA-829	05 LANCIARE LA PROCEDURA V4 SUL DB TIPO D
PA	PA-830	06 LANCIARE LA PROCEDURA V4 SUL DB TIPO E
PA	PA-831	07 PORTALE AFFILITIATO CONSULTA TRANSAZIONI DIGITALI TRANSAZIONI DEMATERIALIZZATE POST RICHIESTA
PA	PA-832	08 PORTALE AFFILITIATO CONSULTA TRANSAZIONI DIGITALI TRANSAZIONI ELETTRONICHE POST RICHIESTA
PA	PA-833	01 PORTALE AFFILIATO DOCUMENTI MATERIALE INFORMATIVO
PA	PA-834	02 PORTALE AFFILIATO DOCUMENTI MATERIALE INFORMATIVO DOWNLOAD
PA	PA-844	03 PORTALE AFFILIATI SEZIONE "GESTIONE LOCALI E LISTINI"
PA	PA-845	02 PORTALE AFFILIATI VOCE MENU "LOCALI E LISTINI"
PA	PA-846	04 PORTALE AFFILIATI GESTIONE LOCALI E LISTINI DETTAGLIO
PA	PA-847	05 PORTALE AFFILIATI GESTIONE LOCALI E LISTINI DETTAGLIO CREA LISTINO KO
PA	PA-848	08 PORTALE AFFILIATI GESTIONE LOCALI E LISTINI DETTAGLIO CREA LISTINO BOZZA
PA	PA-849	07 PORTALE AFFILIATI GESTIONE LOCALI E LISTINI DETTAGLIO CREA LISTINO
PA	PA-850	06 PORTALE AFFILIATI GESTIONE LOCALI E LISTINI DETTAGLIO CREA LISTINO KO 2° STEP
PA	PA-851	09 PORTALE AFFILIATI GESTIONE LOCALI E LISTINI DETTAGLIO MODIFICA BOZZA
PA	PA-852	10 NRT PORTALE AFFILIATI GESTIONE LOCALI E LISTINI DETTAGLIO CREA LISTINO SENZA CODICE BOZZA
PA	PA-853	15 NRT PORTALE AFFILIATI GESTIONE LOCALI E LISTINI DETTAGLIO CREA LISTINO BOZZA CON LOGO
PA	PA-854	11 NRT PORTALE AFFILIATI GESTIONE LOCALI E LISTINI DETTAGLIO CREA LISTINO SENZA CODICE BOZZA CON LOGO
PA	PA-855	16 NRT PORTALE AFFILIATI GESTIONE LOCALI E LISTINI DETTAGLIO CREA LISTINO BOZZA VALIDITA DA
PA	PA-856	12 NRT PORTALE AFFILIATI GESTIONE LOCALI E LISTINI DETTAGLIO CREA LISTINO SENZA CODICE BOZZA VALIDITA DA
PA	PA-857	17 NRT PORTALE AFFILIATI GESTIONE LOCALI E LISTINI DETTAGLIO CREA LISTINO BOZZA VALIDITA DA E A
PA	PA-858	13 NRT PORTALE AFFILIATI GESTIONE LOCALI E LISTINI DETTAGLIO CREA LISTINO SENZA CODICE BOZZA VALIDITA DA E A
PA	PA-859	14 NRT PORTALE AFFILIATI GESTIONE LOCALI E LISTINI DETTAGLIO SENZA CODICE MODIFICA DATI BOZZA
PA	PA-860	18 NRT PORTALE AFFILIATI GESTIONE LOCALI E LISTINI DETTAGLIO MODIFICA DATI BOZZA
PA	PA-861	01 INSERIMENTO DATI A DB SALVATAGGIO
PA	PA-862	02 LANCIO PROCEDURA CHECK RIGHE DI OUTPUT
PA	PA-863	03 NUMERO MASSIMO TANSAZIONI VAL = 10 ERRORE RICHIESTA
PA	PA-864	04 NUMERO MASSIMO TANSAZIONI VAL = 10 CHECK MAIL
PA	PA-865	05 NUMERO MASSIMO TANSAZIONI VAL = 350000 FILE SCARICABILE
PA	PA-866	06 NUMERO MASSIMO TRANSAZIONI VAL = 225 NUMERO TRANSAZIONE DEL CLIENTE FILE SCARICABILE
PA	PA-867	07 NUMERO MASSIMO TRANSAZIONI VAL > 225 NUMERO TRANSAZIONE DEL CLIENTE FILE SCARICABILE
PA	PA-868	08 NUMERO MASSIMO TRANSAZIONI VAL < 225 NUMERO TRANSAZIONE DEL CLIENTE ERRORE RICHIESTA
PA	PA-869	09 NUMERO MASSIMO TRANSAZIONI VAL < 225 NUMERO TRANSAZIONE DEL CLIENTE CHECK MAIL
PA	PA-870	01 LOGIN REGISTRAZIONE INVIO CREDENZIALI
PA	PA-871	02 LOGIN REGISTRAZIONE MAIL DI BENVENUTO
PA	PA-872	03 LOGIN RESET PASSWORD INVIO CREDENZIALI
PA	PA-873	04 PORTALE BACKOFFICE INVIO CREDENZIALI
PA	PA-874	05 LOGIN REGISTRAZIONE CREDENZIALI ESISTENTI INVIO CREDENZIALI
PA	PA-880	01 BLOCCA E SOSTITUISCI PRESENZA PULSANTE
PA	PA-881	02 BLOCCA E SOSTITUISCI ASSENZA PULSANTE
PA	PA-882	03 BLOCCA E SOSTITUISCI CLICK PULSANTE
PA	PA-883	04 BLOCCA E SOSTITUISCI SELEZIONE MOTIVO BLOCCO "CARTA NON FUNZIONANTE"
PA	PA-884	05 BLOCCA E SOSTITUISCI SELEZIONE MOTIVO BLOCCO "CARTA RUBATA"
PA	PA-885	06 BLOCCA E SOSTITUISCI SELEZIONE MOTIVO BLOCCO "CARTA SMARRITA"
PA	PA-886	07 ASSEGNAZIONE CARTA CHECK DB
PA	PA-887	08 ASSEGNAZIONE CARTA CHECK PCE
PA	PA-888	09 CARTA NON FUNZIONANTE SELEZIONE CARTA DALLA LISTA
PA	PA-889	10 CARTA NON FUNZIONANTE ORDINA NUOVA CARTA O ATTIVA UN NUOVO PROFILO
PA	PA-890	11 CARTA NON FUNZIONANTE BLOCCA CARTA SELEZIONE CARTA DALLA LISTA CHECK PCE
PA	PA-891	12 CARTA NON FUNZIONANTE BLOCCA CARTA SELEZIONA CARTA DALLA LISTA CHECK DB
PA	PA-892	13 CARTA NON FUNZIONANTE BLOCCA CARTA ORDINA NUOVA CARTA O ATTIVA UN NUOVO PROFILO CHECK PCE
PA	PA-893	14 CARTA NON FUNZIONANTE BLOCCA CARTA ORDINA NUOVA CARTA O ATTIVA UN NUOVO PROFILO CHECK DB
PA	PA-894	15 CARTA SMARRITA BLOCCA CARTA "CHIUDI E TORNA ALLA PAGINA PRECEDENTE"
PA	PA-895	16 CARTA SMARRITA BLOCCA CARTA "RICHIEDI SOSTITUZIONE" ORDINA NUOVA CARTA O ATTIVA UN NUOVO PROFILO
PA	PA-896	17 CARTA SMARRITA BLOCCA CARTA "RICHIEDI SOSTITUZIONE" SELEZIONA UNA CARTA DALLA LISTA
PA	PA-897	18 CARTA SMARRITA BLOCCA CARTA CHIUDI E TORNA ALLA PAGINA PRECEDENTE CHECK PCE
PA	PA-898	19 CARTA SMARRITA BLOCCO CARTA CHIUDI E TORNA ALLA PAGINA PRECEDENTE CHECK DB
PA	PA-899	20 CARTA SMARRITA BLOCCA CARTA "RICHIEDI SOSTITUZIONE" SELEZIONA UNA CARTA DALLA LISTA CHECK PCE
PA	PA-900	21 CARTA SMARRITA BLOCCA CARTA "RICHIEDI SOSTITUZIONE" SELEZIONA UNA CARTA DALLA LISTA CHECK DB
PA	PA-901	22 CARTA SMARRITA BLOCCA CARTA "RICHIEDI SOSTITUZIONE" ORDINA NUOVA CARTA O ATTIVA UN NUOVO PROFILO CHECK PCE
PA	PA-902	23 CARTA SMARRITA BLOCCA CARTA "RICHIEDI SOSTITUZIONE" ORDINA NUOVA CARTA O ATTIVA UN NUOVO PROFILO CHECK DB
PA	PA-903	24 CARTA RUBATA BLOCCA CARTA "CHIUDI E TORNA ALLA PAGINA PRECEDENTE"
PA	PA-904	25 CARTA RUBATA BLOCCA CARTA "RICHIEDI SOSTITUZIONE" ORDINA NUOVA CARTA O ATTIVA UN NUOVO PROFILO
PA	PA-905	26 CARTA RUBATA BLOCCA CARTA "RICHIEDI SOSTITUZIONE" SELEZIONA UNA CARTA DALLA LISTA
PA	PA-906	27 CARTA RUBATA BLOCCA CARTA CHIUDI E TORNA ALLA PAGINA PRECEDENTE CHECK PCE
PA	PA-907	28 CARTA RUBATA BLOCCO CARTA CHIUDI E TORNA ALLA PAGINA PRECEDENTE CHECK DB
PA	PA-908	29 CARTA RUBATA BLOCCA CARTA "RICHIEDI SOSTITUZIONE" SELEZIONA UNA CARTA DALLA LISTA CHECK PCE
PA	PA-909	30 CARTA RUBATA BLOCCA CARTA "RICHIEDI SOSTITUZIONE" SELEZIONA UNA CARTA DALLA LISTA CHECK DB
PA	PA-910	31 CARTA RUBATA BLOCCA CARTA "RICHIEDI SOSTITUZIONE" ORDINA NUOVA CARTA O ATTIVA UN NUOVO PROFILO CHECK PCE
PA	PA-911	32 CARTA RUBATA BLOCCA CARTA "RICHIEDI SOSTITUZIONE" ORDINA NUOVA CARTA O ATTIVA UN NUOVO PROFILO CHECK DB
PA	PA-912	33 TRASFERIMENTO BUONI CHECK DB
PA	PA-913	34 SBLOCCA CARTA
PA	PA-914	MANCANZA DELLA NATURA FATTURE CON IVA
PA	PA-915	MANCANZA DELLA NATURA FATTURE SENZA IVA
PA	PA-916	CODICE DESTINATARIO CON DEFAULT A 0000000
PA	PA-917	PRESENZA DI CARATTERI O STRINGHE NON CONFORMI ALLE REGOLE DI PRODUZIONE DEL DOCUMENTO DI INTERSCAMBIO
PA	PA-921	SENT MAIL CONFIG TABELLA NUOVA CAMPO OWNER
PA	PA-922	SENT MAIL CONFIG TABELLA NUOVA CAMPO NOME PROCEDURA
PA	PA-923	SENT MAIL CONFIG TABELLA NUOVA CAMPO PRODUCI REPORT
PA	PA-924	SENT MAIL CONFIG TABELLA NUOVA CAMPO INVIO MAIL CHIUSURA
PA	PA-925	SENT MAIL CONFIG TABELLA NUOVA CAMPO INVIO MAIL ERRORE
PA	PA-926	SENT MAIL CONFIG TABELLA NUOVA CAMPO OGGETTO MAIL
PA	PA-927	SENT MAIL CONFIG TABELLA NUOVA CAMPO MITTENTI MAIL
PA	PA-928	SENT MAIL CONFIG TABELLA NUOVA CAMPO DESTINATARI MAIL
PA	PA-929	SENT MAIL CONFIG TABELLA NUOVA CAMPO DESTINATARI MAIL ERRORE
PA	PA-931	PA AFFILIATO CON GF < 18 12 24 E FOOD < 18 12 24 PREFATTURE TIPO PAGAMENTI FLY 2 5 15 STANDARD
PA	PA-932	PA AFFILIATO CON GF < 18 12 24 E FOOD >= 18 12 24 PREFATTURE TIPO PAGAMENTI FLY STANDARD
PA	PA-933	PA AFFILIATO CON GF >= 18 12 24 E FOOD >= 18 12 24 PREFATTURE TIPO PAGAMENTI FLY STANDARD
PA	PA-934	PA AFFILIATO CON GF < 18 12 24 E FOOD < 18 12 24 BLACKLIST PREFATTURE TIPO PAGAMENTI MIGLIORATIVI
PA	PA-935	PA AFFILIATO CON GF < 18 12 24 E FOOD >= 18 12 24 BLACKLIST PREFATTURE TIPO PAGAMENTI FLY 2 5 15 STANDARD
PA	PA-936	PA AFFILIATO CON GF >= 18 12 24 E FOOD >= 18 12 24 BLACKLIST PREFATTURE TIPO PAGAMENTI MIGLIORATIVI
PA	PA-937	PA AFFILIATO CON GF < 18 12 24 E FOOD < 18 12 24 WHITELIST PREFATTURE TIPO PAGAMENTI FLY STANDARD
PA	PA-938	PA AFFILIATO CON GF < 18 12 24 E FOOD >= 18 12 24 WHITELIST PREFATTURE TIPO PAGAMENTI FLY STANDARD
PA	PA-939	PA AFFILIATO CON GF >= 18 12 24 E FOOD >= 18 12 24 WHITELIST PREFATTURE TIPO PAGAMENTI FLY STANDARD
PA	PA-940	PA AFFILIATO CON GF CANTEEN< 18 12 24 E FOOD < 18 12 24 PREFATTURE TIPO PAGAMENTI FLY 2 5 15 STANDARD
PA	PA-941	PA AFFILIATO CON GF CANTEEN< 18 12 24 E FOOD >= 18 12 24 PREFATTURE TIPO PAGAMENTI MIGLIORATIVI
PA	PA-942	PA AFFILIATO CON GF CANTEEN>= 18 12 24 E FOOD >= 18 12 24 PREFATTURE TIPO PAGAMENTI MIGLIORATIVI
PA	PA-943	PA AFFILIATO CON GF CANTEEN< 18 12 24 E FOOD < 18 12 24 BLACKLIST PREFATTURE TIPO PAGAMENTI MIGLIORATIVI
PA	PA-944	PA AFFILIATO CON GF CANTEEN< 18 12 24 E FOOD >= 18 12 24 BLACKLIST PREFATTURE TIPO PAGAMENTI FLY 2 5 15 STANDARD
PA	PA-945	PA AFFILIATO CON GF CANTEEN>= 18 12 24 E FOOD >= 18 12 24 BLACKLIST PREFATTURE TIPO PAGAMENTI FLY 2 5 15 STANDARD
PA	PA-946	PA AFFILIATO CON GF CANTEEN< 18 12 24 E FOOD < 18 12 24 WHITELIST PREFATTURE TIPO PAGAMENTI MIGLIORATIVI
PA	PA-947	PA AFFILIATO CON GF CANTEEN< 18 12 24 E FOOD >= 18 12 24 WHITELIST PREFATTURE TIPO PAGAMENTI MIGLIORATIVI
PA	PA-948	PA AFFILIATO CON GF CANTEEN>= 18 12 24 E FOOD >= 18 12 24 WHITELIST PREFATTURE TIPO PAGAMENTI MIGLIORATIVI
PA	PA-949	PA AFFILIATO CON CONSIP9< 18 12 24 E FOOD < 18 12 24 PREFATTURE TIPO PAGAMENTI MIGLIORATIVI
PA	PA-950	PA AFFILIATO CON CONSIP9< 18 12 24 E FOOD >= 18 12 24 PREFATTURE TIPO PAGAMENTI MIGLIORATIVI
PA	PA-951	PA AFFILIATO CON CONSIP9 >=18 12 24 E FOOD >= 18 12 24 PREFATTURE TIPO PAGAMENTI MIGLIORATIVI
PA	PA-952	PA AFFILIATO CON CONSIP9< 18 12 24 E FOOD < 18 12 24 BLACKLIST PREFATTURE TIPO PAGAMENTI MIGLIORATIVO
PA	PA-953	PA AFFILIATO CON CONSIP9< 18 12 24 E FOOD >= 18 12 24 BLACKLIST PREFATTURE TIPO PAGAMENTI MIGLIORATIVI
PA	PA-954	PA AFFILIATO CON CONSIP9 >=18 12 24 E FOOD >= 18 12 24 BLACKLIST PREFATTURE TIPO PAGAMENTI MIGLIORATIVI
PA	PA-955	PA AFFILIATO CON CONSIP9< 18 12 24 E FOOD < 18 12 24 WHITELIST PREFATTURE TIPO PAGAMENTI MIGLIORATIVI
PA	PA-956	PA AFFILIATO CON CONSIP9< 18 12 24 E FOOD >= 18 12 24 WHITELIST PREFATTURE TIPO PAGAMENTI MIGLIORATIVI
PA	PA-957	PA AFFILIATO CON CONSIP9 >=18 12 24 E FOOD >= 18 12 24 WHITELIST PREFATTURE TIPO PAGAMENTI MIGLIORATIVI
PA	PA-958	PA AFFILIATO CON GF GARA < 18 12 24 E FOOD < 18 12 24 PREFATTURE TIPO PAGAMENTI MIGLIORATIVI
PA	PA-959	PA AFFILIATO CON GF GARA< 18 12 24 E FOOD >= 18 12 24 PREFATTURE TIPO PAGAMENTI MIGLIORATIVI
PA	PA-960	PA AFFILIATO CON GF GARA >= 18 12 24 E FOOD >= 18 12 24 PREFATTURE TIPO PAGAMENTI FLY2 5 15 STANDARD
PA	PA-961	PA AFFILIATO CON GF GARA< 18 12 24 E FOOD < 18 12 24 BLACKLIST PREFATTURE TIPO PAGAMENTI MIGLIORATIVI
PA	PA-962	PA AFFILIATO CON GF GARA< 18 12 24 E FOOD >= 18 12 24 BLACKLIST PREFATTURE TIPO PAGAMENTI MIGLIORATIVI
PA	PA-963	PA AFFILIATO CON GF GARA >= 18 12 24 E FOOD >= 18 12 24 BLACKLIST PREFATTURE TIPO PAGAMENTI MIGLIORATIVI
PA	PA-964	PA AFFILIATO CON GF GARA< 18 12 24 E FOOD < 18 12 24 WHITELIST PREFATTURE TIPO PAGAMENTI MIGLIORATIVI
PA	PA-965	PA AFFILIATO CON GF GARA< 18 12 24 E FOOD >= 18 12 24 WHITELIST PREFATTURE TIPO PAGAMENTI MIGLIORATIVI
PA	PA-966	PA AFFILIATO CON GF GARA >= 18 12 24 E FOOD >= 18 12 24 WHITELIST PREFATTURE TIPO PAGAMENTI MIGLIORATIVI
PA	PA-967	PA AFFILIATO CON SERVIZIO CITY TIME NON CONSIP< 18 12 24 E FOOD < 18 12 24 PREFATTURE TIPO PAGAMENTI MIGLIORATIVI
PA	PA-968	PA AFFILIATO CON SERVIZIO CITY TIME NON CONSIP< 18 12 24 E FOOD >= 18 12 24 PREFATTURE TIPO PAGAMENTI FLY STANDARD
PA	PA-969	PA AFFILIATO CON SERVIZIO CITY TIME NON CONSIP>=18 12 24 E FOOD >= 18 12 24 PREFATTURE TIPO PAGAMENTI MIGLIORATIVI
PA	PA-970	PA AFFILIATO CON SERVIZIO CITY TIME NON CONSIP< 18 12 24 E FOOD < 18 12 24 BLACKLIST PREFATTURE TIPO PAGAMENTI MIGLIORATIVI
PA	PA-971	PA AFFILIATO CON SERVIZIO CITY TIME NON CONSIP< 18 12 24 E FOOD >= 18 12 24 BLACKLIST PREFATTURE TIPO PAGAMENTI MIGLIORATIVI
PA	PA-972	PA AFFILIATO CON SERVIZIO CITY TIME NON CONSIP >=18 12 24 E FOOD >= 18 12 24 BLACKLIST PREFATTURE TIPO PAGAMENTI MIGLIORATIVI
PA	PA-973	PA AFFILIATO CON SERVIZIO CITY TIME NON CONSIP< 18 12 24 E FOOD < 18 12 24 WHITELIST PREFATTURE TIPO PAGAMENTI MIGLIORATIVI
PA	PA-974	PA AFFILIATO CON SERVIZIO CITY TIME NON CONSIP< 18 12 24 E FOOD >= 18 12 24 WHITELIST PREFATTURE TIPO PAGAMENTI FLY STANDARD
PA	PA-975	PA AFFILIATO CON SERVIZIO CITY TIME NON CONSIP >=18 12 24 E FOOD >= 18 12 24 WHITELIST PREFATTURE TIPO PAGAMENTI MIGLIORATIVI
PA	PA-976	NRT PORTALE AFFILIATI CONFERMA PREFATTURE E FATTURAZIONE FLY STANDARD
PA	PA-977	NRT PORTALE AFFILIATI CONFERMA PREFATTURE E FATTURAZIONE FLY 15
PA	PA-978	NRT PORTALE AFFILIATI CONFERMA PREFATTURE E FATTURAZIONE FLY 2
PA	PA-979	NRT PORTALE AFFILIATI CONFERMA PREFATTURE E FATTURAZIONE FLY 5
PA	PA-980	NRT PORTALE AFFILIATI CONFERMA PREFATTURE E FATTURAZIONE SERVIZI COMPLIMENTS
PA	PA-981	NRT PORTALE AFFILIATI CONFERMA PREFATTURE E FATTURAZIONE SERVIZI SERVICE
PA	PA-985	1 PORTALE AFFILIATI TRANSAZIONI ELETTRONICHE REPORT DELTA TEMPORALE TRANSAZIONI ELETTRONICHE
PA	PA-986	2 PORTALE AFFILIATI TRANSAZIONI ELETTRONICHE REPORT DELTA TEMPORALE DATA PREFATTURA TRANSAZIONI ELETTRONICHE
PA	PA-987	3 PORTALE AFFILIATI TRANSAZIONI DEMATERILAIZZATE REPORT DELTA TEMPORALE TRANSAZIONI DEMATERIALIZZATE
PA	PA-988	4 PORTALE AFFILIATI TRANSAZIONI DEMATERIALIZZATE REPORT DELTA TEMPORALE DATA PREFATTURA TRANSAZIONI DEMATERIALIZZATE
PA	PA-989	5 NRT PORTALE AFFILIATI TRANSAZIONI ELETTRONICHE REPORT SENZA DATA EMISSIONE BUONO PASTO NO CAP5
PA	PA-990	6 NRTPORTALE AFFILIATI TRANSAZIONI DEMATERIALIZZATE REPORT SENZA DATA EMISSIONE BUONO PASTO NO CAP5
PA	PA-991	7 PORTALE AFFILIATI TRANSAZIONI ELETTRONICHE REPORT CON CAMPO DATA EMISSIONE BUONO PASTO
PA	PA-992	8 PORTALE AFFILIATI TRANSAZIONI DEMATERIALIZZATE CAMPO DATA EMISSIONE BUONO VOUCHER
PA	PA-993	9 PORTALE AFFILIATI TRANSAZIONI ELETTRONICHE REPORT CON CAMPO DATA EMISSIONE BUONO VOUCHER DELTA TEMPORALE PREFATTURA
PA	PA-994	10 PORTALE AFFILIATI TRANSAZIONI DEMATERIALIZZATE REPORT CON CAMPO DATA EMISSIONE BUONO VOUCHER DELTA TEMPORALE PREFATTURA
PA	PA-995	11 PORTALE AFFILIATI TRANSAZIONI ELETTRONICHE CHECK INVIO E MAIL UNES
PA	PA-996	12 PORTALE AFFILIATI TRANSAZIONI ELETTRONICHE CHECK INVIO E MAIL PRODELCO
PA	PA-997	13 PORTALE AFFILIATI TRANSAZIONI ELETTONICHE CHECK INVIO NELLA CARTELLA FTP
PA	PA-998	14 PORTALE AFFILIATI TRANSAZIONI DEMATERIALIZZATE CHECK INVIO E MAIL UNES
PA	PA-999	15 PORTALE AFFILIATI TRANSAZIONI DEMATERIALIZZATE CHECK INVIO E MAIL PRODELCO
PA	PA-1000	16 PORTALE AFFILIATI TRANSAZIONI DEMATERIALIZZATE CHECK INVIO NELLA CARTELLA FTP
PA	PA-1023	01 PA VERIFICA DEL WS WSAFFILIATIMOBILE METODO GETMOVIMENTISCONTIPOSTE PER INTERVALLO CON DATI
PA	PA-1024	02 PA VERIFICA DEL WS WSAFFILIATIMOBILE METODO GETMOVIMENTISCONTIPOSTE PER INTERVALLO SENZA DATI
PA	PA-1030	PA AFFILIATO PRIMA DEL 18 12 24 PARTNER BASE TIPO PAGAMENTO BASE PIU MIGLIORATIVI
PA	PA-1031	PA AFFILIATO PRIMA DEL 18 12 24 PARTNER BASE TIPO PAGAMENTO FLYSTANDARD45
PA	PA-1032	PA AFFILIATO PRIMA DEL 18 12 24 LOCALE CON ABBONAMENTO TIPO PAGAMENTO FLYSTANDARD45
PA	PA-1033	PA AFFILIATO PRIMA DEL 18 12 24 LOCALE CON ABILITAZIONE AL SERVIZIO TIPO PAGAMENTO FLYSTANDARD45
PA	PA-1034	PA AFFILIATO PRIMA DEL 18 12 24 PARTNER BASE TIPO PAGAMENTO FLYSTANDARD60
PA	PA-1035	PA AFFILIATO DOPO DEL 18 12 24 PARTNER BASE TIPO PAGAMENTO BASE
PA	PA-1036	PA AFFILIATO DOPO DEL 18 12 24 PARTNER BASE TIPO PAGAMENTO FLYSTANDARD45
PA	PA-1037	PA AFFILIATO DOPO DEL 18 12 24 LOCALE CON ABBONAMENTO TIPO PAGAMENTO FLY ABBONAMENTO
PA	PA-1038	PA AFFILIATO DOPO DEL 18 12 24 LOCALE CON ABILITAZIONE AL SERVIZIO TIPO FLY ABILITAZIONE
PA	PA-1039	PA AFFILIATO DOPO DEL 18 12 24 PARTNER BASE TIPO PAGAMENTO FLYSTANDARD60
PA	PA-1040	PA AFFILIATO DOPO DEL 18 12 24 BLACKLIST PARTNER BASE TIPO PAGAMENTO BASE PIU MIGLIORATIVI
PA	PA-1042	PA AFFILIATO DOPO DEL 18 12 24 LOCALE CON ABILITAZIONE AL SERVIZIO TIPO PAGAMENTO FLY ABILITAZIONE
PA	PA-1043	PA AFFILIATO DOPO DEL 01 09 2025 PARTNER BASE TIPO PAGAMENTO FLY STANDARD60
PA	PA-1044	PA AFFILIATO DOPO DEL 01 09 2025 PARTNER BASE E PREFATTURA GRUPPO CAP5 TIPO PAGAMENTO FLY STANDARD60
PA	PA-1045	PA AFFILIATO DOPO DEL 01 09 2025 LOCALE CON ABBONAMENTO E PREFATTURA GRUPPO CAP5 TIPO PAGAMENTO FLY ABBONAMENTO
PA	PA-1046	PA AFFILIATO DOPO DEL 01 09 2025 LOCALE CON ABILITAZIONE AL SERVIZIO E PREFATTURA GRUPPO CAP5 TIPO PAGAMENTO FLY ABILITAZIONE AL SERVIZIO
PA	PA-1047	PA NRT CONFERMA PREFATTURA SU GRUPPO ECONOMICO NON CAP5
PA	PA-1063	IMPOSTAZIONE TIMEOUT WS EASYCHECKWEBWS TIMEOUT GENERICO DI 50 SECONDI
PA	PA-1064	IMPOSTAZIONE TIMEOUT WS FILEDOWNLOAD WS TIMEOUT GENERICO DI 30 SECONDI
PA	PA-1065	IMPOSTAZIONE TIMEOUT WS DASHBOARD WS TIMEOUT GENERICO DI 30 SECONDI
PA	PA-1066	IMPOSTAZIONE TIMEOUT WS NPA FLEXBEN WS TIMEOUT GENERICO DI 7 10 MINUTI
PA	PA-1067	IMPOSTAZIONE TIMEOUT WS NPA SMARTCARD WS TIMEOUT GENERICO DI 30 SECONDI
PA	PA-1068	IMPOSTAZIONE TIMEOUT WS FATTURAZIONE WS TIMEOUT GENERICO DI 30 SECONDI
PA	PA-1069	IMPOSTAZIONE TIMEOUT WS FATTURAZIONE WS GETESTRATTOCONTO TIMEOUT PUNTUALE METODO DI 2 MINUTI
PA	PA-1070	IMPOSTAZIONE TIMEOUT WS DATIPERSONALI WS TIMEOUT GENERICO DI 30 SECONDI
PA	PA-1071	IMPOSTAZIONE TIMEOUT WS DATIPERSONALI WS GETLOCALIABILITATI TIMEOUT PUNTUALE METODO DI 2 MINUTI
PA	PA-1072	IMPOSTAZIONE TIMEOUT WS DATIPERSONALI WS GETBLACKLIST TIMEOUT PUNTUALE METODO DI 2 MINUTI
PA	PA-1073	IMPOSTAZIONE TIMEOUT WS DATIPERSONALI WS GETCONVENZIONI TIMEOUT PUNTUALE METODO DI 2 MINUTI
PA	PA-1074	IMPOSTAZIONE TIMEOUT WS DATIPERSONALI WS CREATECSVRIEPILOGOCASSE TIMEOUT PUNTUALE METODO DI 2 MINUTI
PA	PA-1075	IMPOSTAZIONE TIMEOUT WS DATIPERSONALI WS GETLICENZACOMMERCIALE TIMEOUT PUNTUALE METODO DI 2 MINUTI
PA	PA-1076	IMPOSTAZIONE TIMEOUT WS BACKOFFICE WS TIMEOUT GENERICO DI 30 SECONDI
PA	PA-1077	IMPOSTAZIONE TIMEOUT WS BACKOFFICE WS GETREQUESTCREDENTIALFORJOB TIMEOUT PUNTUALE METODO DI 5 MINUTI
PA	PA-1078	IMPOSTAZIONE TIMEOUT WS BACKOFFICE WS CALLWSESIX TIMEOUT GENERICO DI 30 SECONDI
PA	PA-1079	IMPOSTAZIONE TIMEOUT WS BACKOFFICE WS DOJOBSP TIMEOUT PUNTUALE METODO DI 30 MINUTI
PA	PA-1080	IMPOSTAZIONE TIMEOUT WS WSDATIPERSONALI TIMEOUT GENERICO DI 5 MINUTI
PA	PA-1081	IMPOSTAZIONE TIMEOUT WS DATAMARTWS TIMEOUT GENERICO DI 30 SECONDI
PA	PA-1082	IMPOSTAZIONE TIMEOUT WS DATAMARTWS GETRICERCALOCALIMENU TIMEOUT PUNTUALE METODO DI 2 MINUTI
PA	PA-1083	IMPOSTAZIONE TIMEOUT WS DATAMARTWS GETLISTLOCALESPAZIALEESTESA TIMEOUT PUNTUALE METODO DI 2 MINUTI
PA	PA-1084	IMPOSTAZIONE TIMEOUT WS DATAMARTWS GETCODDESCDATAMARTELEMENTS TIMEOUT PUNTUALE METODO DI 2 MINUTI
PA	PA-1085	IMPOSTAZIONE TIMEOUT WS DATAMARTWS GETRICERCALOCALI TIMEOUT PUNTUALE METODO DI 2 MINUTI
PA	PA-1086	IMPOSTAZIONE TIMEOUT WS DATAMARTWS GETRICERCALOCALICOMPLIMENTS TIMEOUT PUNTUALE METODO DI 2 MINUTI
PA	PA-1087	IMPOSTAZIONE TIMEOUT WS DATAMARTWS GETRICERCALOCALICONSETTORI TIMEOUT PUNTUALE METODO DI 2 MINUTI
PA	PA-1088	IMPOSTAZIONE TIMEOUT WS DATAMARTWS GETRICERCALOCALISPAZIALI TIMEOUT PUNTUALE METODO DI 2 MINUTI
PA	PA-1089	IMPOSTAZIONE TIMEOUT WS DATAMARTWS GETRICERCALOCALISPAZIALIESTESA TIMEOUT PUNTUALE METODO DI 2 MINUTI
PA	PA-1090	IMPOSTAZIONE TIMEOUT WS WSXVOUCHER WS TIMEOUT GENERICO DI 30 SECONDI
PA	PA-1091	IMPOSTAZIONE TIMEOUT WS WSXVOUCHER WS CONFIRMSYNCHBENEFICIARI TIMEOUT PUNTUALE METODO DI 30 MINUTI
PA	PA-1092	IMPOSTAZIONE TIMEOUT WS WSAFFILIATI TIMEOUT GENERICO DI 30 SECONDI
PA	PA-1093	NRT INVOCAZIONE DEL WS EASYCHECKWEB
PA	PA-1094	NRT INVOCAZIONE DEL WS FILEDOWNLOAD DOWNLOAD PREFATTURE DA PORTALE
PA	PA-1095	NRT INVOCAZIONE DEL WS DASHBOARD WS
PA	PA-1096	NRT INVOCAZIONE DEL WS NPA FLEXBEN WS
PA	PA-1097	NRT INVOCAZIONE DEL WS NPA SMARTCARD WS
PA	PA-1098	NRT INVOCAZIONE DEL WS FATTURAZIONE WS
PA	PA-1099	NRT INVOCAZIONE DEL WS FATTURAZIONE WS GETESTRATTOCONTO
PA	PA-1100	NRT INVOCAZIONE DEL WS DATIPERSONALI WS
PA	PA-1101	NRT INVOCAZIONE DEL WS DATIPERSONALI WS GETLOCALIABILITATI
PA	PA-1102	NRT INVOCAZIONE DEL WS DATIPERSONALI WS GETBLACKLIST
PA	PA-1103	NRT INVOCAZIONE DEL WS DATIPERSONALI WS GETCONVENZIONI
PA	PA-1104	NRT INVOCAZIONE DEL WS DATIPERSONALI WS CREATECSVRIEPILOGOCASSE
PA	PA-1105	NRT INVOCAZIONE DEL WS DATIPERSONALI WS GETLICENZACOMMERCIALE
PA	PA-1106	NRT INVOCAZIONE DEL WS BACKOFFICE WS
PA	PA-1107	NRT INVOCAZIONE DEL WS BACKOFFICE WS GETREQUESTCREDENTIALFORJOB
PA	PA-1108	NRT INVOCAZIONE DEL WS BACKOFFICE WS CALLWSESIX TBD
PA	PA-1109	NRT INVOCAZIONE DEL WS BACKOFFICE WS DOJOBSP
PA	PA-1110	NRT INVOCAZIONE DEL WS WSDATIPERSONALI
PA	PA-1111	NRT INVOCAZIONE DEL WS DATAMARTWS
PA	PA-1112	NRT INVOCAZIONE DEL WS DATAMARTWS GETRICERCALOCALIMENU
PA	PA-1113	NRT INVOCAZIONE DEL WS DATAMARTWS GETLISTLOCALESPAZIALEESTESA
PA	PA-1114	NRT INVOCAZIONE DEL WS DATAMARTWS GETCODDESCDATAMARTELEMENTS
PA	PA-1115	NRT INVOCAZIONE DEL WS DATAMARTWS GETRICERCALOCALI
PA	PA-1116	NRT INVOCAZIONE DEL WS DATAMARTWS GETRICERCALOCALICOMPLIMENTS
PA	PA-1117	NRT INVOCAZIONE DEL WS DATAMARTWS GETRICERCALOCALICONSETTORI
PA	PA-1118	NRT INVOCAZIONE DEL WS DATAMARTWS GETRICERCALOCALISPAZIALI
PA	PA-1119	NRT INVOCAZIONE DEL WS DATAMARTWS GETRICERCALOCALISPAZIALIESTESA
PA	PA-1120	NRT INVOCAZIONE DEL WS WSXVOUCHER WS
PA	PA-1121	NRT INVOCAZIONE DEL WS WSXVOUCHER WS CONFIRMSYNCHBENEFICIARI
PA	PA-1122	NRT INVOCAZIONE DEL WS WSAFFILIATI
PA	PA-1127	PORTALE AFFILIATI TRANSAZIONI ELETTRONICHE REPORT DELTA TEMPORALE TRANSAZIONI
PA	PA-1128	PORTALE AFFILIATI TRANSAZIONI DEMATERIALIZZATE REPORT DELTA TEMPORALE TRANSAZIONI
PA	PA-1129	PORTALE AFFILIATI TRANSAZIONI ELETTRONICHE REPORT DELTA TEMPORALE FATTURAZOINI
PA	PA-1130	PORTALE AFFILIATI TRANSAZIONI DEMATERIALIZZATE REPORT DELTA TEMPORALE FATTURAZIONI
PA	PA-1131	PORTALE AFFILIATI TRANSAZIONI ELETTRONICHE REPORT CON CAMPO INSEGNA
PA	PA-1132	PORTALE AFFILIATI TRANSAZIONI ELETTRONICHE REPORT CON CAMPO INDIRIZZO
PA	PA-1133	PORTALE AFFILIATI TRANSAZIONI ELETTRONICHE REPORT CON CAMPO PARTITA IVA
PA	PA-1134	PORTALE AFFILIATI TRANSAZIONI ELETTRONICHE REPORT CON CAMPO DATA EMISSIONE BUONO PASTO
PA	PA-1135	PORTALE AFFILIATI TRANSAZIONI ELETTRONICHE REPORT CON CAMPO GRUPPO ECONOMICO
PA	PA-1136	PORTALE AFFILIATI TRANSAZIONI ELETTRONICHE REPORT CON CAMPO SCONTO
PA	PA-1137	PORTALE AFFILIATI TRANSAZIONI DEMATERIALIZZATE NUOVO CAMPO PARTITA IVA
PA	PA-1138	PORTALE AFFILIATI TRANSAZIONI DEMATERIALIZZATE CAMPO DATA EMISSIONE BUONO VOUCHER
PA	PA-1139	PORTALE AFFILIATI TRANSAZIONI DEMATERIALIZZATE NUOVO CAMPO CLIENTE
PA	PA-1140	PORTALE AFFILIATI TRANSAZIONI DEMATERIALIZZATE NUOVO CAMPO NOME GRUPPO ECONOMICO
PA	PA-1141	PORTALE AFFILIATI TRANSAZIONI DEMATERIALIZZATE CAMPOSERVIZIO
PA	PA-1142	PORTALE AFFILIATI TRANSAZIONI DEMATERIALIZZATE CAMPO COMMISSIONE
PA	PA-1143	PORTALE AFFILIATI TRANSAZIONI DEMATERIALIZZATE NUOVO CAMPO DATA PAGAMENTO
PA	PA-1144	PORTALE AFFILIATI TRANSAZIONI ELETTRONICHE CHECK INVIO E MAIL
PA	PA-1145	PORTALE AFFILIATI TRANSAZIONI ELETTRONICHE CHECK INVIO E MAIL PRODELCO
PA	PA-1146	PORTALE AFFILIATI TRANSAZIONI ELETTRONICHE CHECK INVIO E MAIL MAXI DI SRL P IVA 542090238
PA	PA-1147	PORTALE AFFILIATI TRANSAZIONI ELETTRONICHE CHECK INVIO E MAIL MIDA 3 SRL P IVA 02687301214
PA	PA-1148	PORTALE AFFILIATI TRANSAZIONI ELETTRONICHE CHECK INVIO E MAIL BAUZAAR SRL P IVA 08049090965
PA	PA-1149	PORTALE AFFILIATI TRANSAZIONI ELETTRONICHE CHECK INVIO E MAIL MEGAGEST SRL P IVA 04185320720
PA	PA-1163	NRT PORTALE AFFILIATI LOCALI E LISTINI ASSENTE
PA	PA-1164	NRT PORTALE AFFILIATI LOCALI E LISTINI
PA	PA-1165	NRT PORTALE AFFILIATI LOCALI E LISTINI DOMANDE FREQUENTI
PA	PA-1166	NRT PORTALE AFFILIATI LOCALI E LISTINI GESTIONE LOCALI E LISTINI
PA	PA-1167	NRT PORTALE AFFILIATI LOCALI E LISTINI GESTIONE LOCALI E LISTINI MOSTRA DATI FATTURAZIONE
PA	PA-1168	NRT PORTALE AFFILIATI LOCALI E LISTINI GESTIONE LOCALI E LISTINI VAI AL DETTAGLIO
PA	PA-1169	NRT PORTALE AFFILIATI LOCALI E LISTINI GESTIONE LOCALI E LISTINI CREA LISTINO
PA	PA-1170	NRT PORTALE AFFILIATI LOCALI E LISTINI GESTIONE LOCALI E LISTINI MODIFICA LISTINO
PA	PA-1171	NRT PORTALE AFFILIATI LOCALI E LISTINI GESTIONE LOCALI E LISTINI DUPLICA LISTINO PER QUESTO LOCALE
PA	PA-1172	NRT PORTALE AFFILIATI LOCALI E LISTINI GESTIONE LOCALI E LISTINI DUPLICA LISTINO PER PIU LOCALI
PA	PA-1173	NRT PORTALE AFFILIATI LOCALI E LISTINI GESTIONE LOCALI E LISTINI AGGIORNA PREZZO
PA	PA-1174	NRT PORTALE AFFILIATI LOCALI E LISTINI GESTIONE LOCALI E LISTINI AGGIORNA VALIDIT�
PA	PA-1175	NRT PORTALE AFFILIATI LOCALI E LISTINI GESTIONE LOCALI E LISTINI SCARICA TABELLA
PA	PA-1176	PORTALE BACKOFFICE LISTINI SCHEDA MERCHANT MODIFICA SCHEDA PACCHETTO IN BOZZA
PA	PA-1177	PORTALE BACKOFFICE LISTINI SCHEDA MERCHANT MODIFICA SCHEDA PACCHETTO APPROVATA
PA	PA-1178	PORTALE BACKOFFICE LISTINI SCHEDA MERCHANT AGGIORNA LISTINO APPROVATA
PA	PA-1179	PORTALE BACKOFFICE LISTINI SCHEDA MERCHANT INSERISCI SCHEDA PACCHETTO STATO DA INSERIRE
PA	PA-1180	PORTALE BACKOFFICE LISTINI SCHEDA MERCHANT INSERISCI SCHEDA PACCHETTO PACCHETTO DI DEFAULT
PA	PA-1181	PORTALE BACKOFFICE LISTINI APPROVA SCHEDA MERCHANT STATO INVIATA PER APPROVAZIONE
PA	PA-1182	PORTALE BACKOFFICE LISTINI APPROVA SCHEDA MERCHANT STATO DA INSERIRE
PA	PA-1183	PORTALE BACKOFFICE LISTINI APPROVA SCHEDA MERCHANT STATO BOZZA
PA	PA-1184	PORTALE BACKOFFICE LISTINI CARICAMENTO TRACCIATI
PA	PA-1185	PORTALE BACKOFFICE LISTINI REPORT LISTINI
PA	PA-1186	PORTALE BACKOFFICE PORTALE AFFILIATI E2E TEST
PA	PA-1205	PORTALE BACKOFFICE UTENZA RUOLOAPPROVASCHEDEAFFI
PA	PA-1206	PORTALE BACKOFFICE UTENZA RUOLOSCHEDEAFFI
PA	PA-1230	PORTALE AFFILIATI TRANSAZIONI ELETTRONICHE CHECK DEPOSITO CARTELLA UNES
PA	PA-1231	PORTALE AFFILIATI TRANSAZIONI ELETTRONICHE CHECK DEPOSITO CARTELLA UNES BACKUP
PA	PA-1232	PORTALE AFFILIATI TRANSAZIONI ELETTRONICHE CHECK INVIO E MAIL UNES GRANDI DIMENSIONI
PA	PA-1238	PA AFFILIATO CON GF <01 01 2026 E PRESTAZIONE < 01 01 2026 PREFATTURE TIPO PAGAMENTI
PA	PA-1239	PA AFFILIATO CON GF < 01 01 2026 E PRESTAZIONE >= 01 01 2026 PREFATTURE TIPO PAGAMENTI
PA	PA-1240	PA AFFILIATO CON GF <01 01 2026 E PRESTAZIONE < 01 01 2026 PREFATTURE GRUPPO ECONOMICO DEDICATO TIPO PAGAMENTI
PA	PA-1241	PA AFFILIATO CON GF < 01 01 2026 E PRESTAZIONE >= 01 01 2026 PREFATTURE GRUPPO ECONOMICO DEDICATO TIPO PAGAMENTI
PA	PA-1242	PA AFFILIATO CON GF <01 01 2026 E PRESTAZIONE < 01 01 2026 PREFATTURE CANTEEN TIPO PAGAMENTI
PA	PA-1243	PA AFFILIATO CON GF < 01 01 2026 E PRESTAZIONE >= 01 01 2026 PREFATTURE CANTEEN TIPO PAGAMENTI
PA	PA-1244	PA AFFILIATO CON GF <01 01 2026 E PRESTAZIONE < 01 01 2026 PREFATTURE CAP5 TIPO PAGAMENTI
PA	PA-1245	PA AFFILIATO CON GF < 01 01 2026 E PRESTAZIONE >= 01 01 2026 PREFATTURE CAP5 TIPO PAGAMENTI
PA	PA-1246	PA AFFILIATO CON GF <01 01 2026 E PRESTAZIONE < 01 01 2026 PREFATTURE TR CARTACEI TIPO PAGAMENTI
PA	PA-1247	PA AFFILIATO CON GF < 01 01 2026 E PRESTAZIONE >= 01 01 2026 PREFATTURE TR CARTACEI TIPO PAGAMENTI
PA	PA-1248	PA AFFILIATO CON GF <01 01 2026 E PRESTAZIONE < 01 01 2026 PREFATTURE COMPLIMENTS CARTACEI TIPO PAGAMENTI
PA	PA-1249	PA AFFILIATO CON GF < 01 01 2026 E PRESTAZIONE >= 01 01 2026 PREFATTURE COMPLIMENTS CARTACEI TIPO PAGAMENTI
PA	PA-1250	PA AFFILIATO CON GF <01 01 2026 E PRESTAZIONE < 01 01 2026 PREFATTURE GRUPPO ECONOMICO DEDICATO CARTACEO TIPO PAGAMENTI
PA	PA-1251	PA AFFILIATO CON GF < 01 01 2026 E PRESTAZIONE >= 01 01 2026 PREFATTURE GRUPPO ECONOMICO DEDICATO CARTACEO TIPO PAGAMENTI
PA	PA-1252	PA AFFILIATO CON GF <01 01 2026 E PRESTAZIONE < 01 01 2026 PREFATTURE CAP5 CARTACEI TIPO PAGAMENTI
PA	PA-1253	PA AFFILIATO CON GF < 01 01 2026 E PRESTAZIONE >= 01 01 2026 PREFATTURE CAP5 CARTACEI TIPO PAGAMENTI
PA	PA-1254	PA AFFILIATO CON ABBONAMENTO CON GF <01 01 2026 E PRESTAZIONE < 01 01 2026 PREFATTURE TIPO PAGAMENTI
PA	PA-1255	PA AFFILIATO CON ABBONAMENTO CON GF < 01 01 2026 E PRESTAZIONE >= 01 01 2026 PREFATTURE TIPO PAGAMENTI
PA	PA-1256	PA AFFILIATO CON ABBONAMENTO CON GF <01 01 2026 E PRESTAZIONE < 01 01 2026 PREFATTURE GRUPPO ECONOMICO DEDICATO TIPO PAGAMENTI
PA	PA-1257	PA AFFILIATO CON ABBONAMENTO CON GF < 01 01 2026 E PRESTAZIONE >= 01 01 2026 PREFATTURE GRUPPO ECONOMICO DEDICATO TIPO PAGAMENTI
PA	PA-1258	PA AFFILIATO CON ABBONAMENTO CON GF <01 01 2026 E PRESTAZIONE < 01 01 2026 PREFATTURE CANTEEN TIPO PAGAMENTI
PA	PA-1259	PA AFFILIATO CON ABBONAMENTO CON GF < 01 01 2026 E PRESTAZIONE >= 01 01 2026 PREFATTURE CANTEEN TIPO PAGAMENTI
PA	PA-1260	PA AFFILIATO CON ABBONAMENTO CON GF <01 01 2026 E PRESTAZIONE < 01 01 2026 PREFATTURE CAP5 TIPO PAGAMENTI
PA	PA-1261	PA AFFILIATO CON ABBONAMENTO CON GF < 01 01 2026 E PRESTAZIONE >= 01 01 2026 PREFATTURE CAP5 TIPO PAGAMENTI
PA	PA-1262	PA AFFILIATO CON ABBONAMENTO CON GF <01 01 2026 E PRESTAZIONE < 01 01 2026 PREFATTURE TR CARTACEI TIPO PAGAMENTI
PA	PA-1263	PA AFFILIATO CON ABBONAMENTO CON GF < 01 01 2026 E PRESTAZIONE >= 01 01 2026 PREFATTURE TR CARTACEI TIPO PAGAMENTI
PA	PA-1264	PA AFFILIATO CON ABBONAMENTO CON GF <01 01 2026 E PRESTAZIONE < 01 01 2026 PREFATTURE COMPLIMENTS CARTACEI TIPO PAGAMENTI
PA	PA-1265	PA AFFILIATO CON ABBONAMENTO CON GF < 01 01 2026 E PRESTAZIONE >= 01 01 2026 PREFATTURE COMPLIMENTS CARTACEI TIPO PAGAMENTI
PA	PA-1266	PA AFFILIATO CON ABBONAMENTO CON GF <01 01 2026 E PRESTAZIONE < 01 01 2026 PREFATTURE GRUPPO ECONOMICO DEDICATO CARTACEO TIPO PAGAMENTI
PA	PA-1267	PA AFFILIATO CON ABBONAMENTO CON GF < 01 01 2026 E PRESTAZIONE >= 01 01 2026 PREFATTURE GRUPPO ECONOMICO DEDICATO CARTACEO TIPO PAGAMENTI
PA	PA-1268	PA AFFILIATO CON ABBONAMENTO CON GF <01 01 2026 E PRESTAZIONE < 01 01 2026 PREFATTURE CAP5 CARTACEI TIPO PAGAMENTI
PA	PA-1269	PA AFFILIATO CON ABBONAMENTO CON GF < 01 01 2026 E PRESTAZIONE >= 01 01 2026 PREFATTURE CAP5 CARTACEI TIPO PAGAMENTI
PA	PA-1270	PA AFFILIATO CON ABILITAZIONE AL SERVIZIO CON GF <01 01 2026 E PRESTAZIONE < 01 01 2026 PREFATTURE TIPO PAGAMENTI
PA	PA-1271	PA AFFILIATO CON ABILITAZIONE AL SERVIZIO CON GF < 01 01 2026 E PRESTAZIONE >= 01 01 2026 PREFATTURE TIPO PAGAMENTI
PA	PA-1272	PA AFFILIATO CON ABILITAZIONE AL SERVIZIO CON GF <01 01 2026 E PRESTAZIONE < 01 01 2026 PREFATTURE GRUPPO ECONOMICO DEDICATO TIPO PAGAMENTI
PA	PA-1273	PA AFFILIATO CON ABILITAZIONE AL SERVIZIO CON GF < 01 01 2026 E PRESTAZIONE >= 01 01 2026 PREFATTURE GRUPPO ECONOMICO DEDICATO TIPO PAGAMENTI
PA	PA-1274	PA AFFILIATO CON ABILITAZIONE AL SERVIZIO CON GF <01 01 2026 E PRESTAZIONE < 01 01 2026 PREFATTURE CANTEEN TIPO PAGAMENTI
PA	PA-1275	PA AFFILIATO CON ABILITAZIONE AL SERVIZIO CON GF < 01 01 2026 E PRESTAZIONE >= 01 01 2026 PREFATTURE CANTEEN TIPO PAGAMENTI
PA	PA-1276	PA AFFILIATO CON ABILITAZIONE AL SERVIZIO CON GF <01 01 2026 E PRESTAZIONE < 01 01 2026 PREFATTURE CAP5 TIPO PAGAMENTI
PA	PA-1277	PA AFFILIATO CON ABILITAZIONE AL SERVIZIO CON GF < 01 01 2026 E PRESTAZIONE >= 01 01 2026 PREFATTURE CAP5 TIPO PAGAMENTI
PA	PA-1278	PA AFFILIATO CON ABILITAZIONE AL SERVIZIO CON GF <01 01 2026 E PRESTAZIONE < 01 01 2026 PREFATTURE TR CARTACEI TIPO PAGAMENTI
PA	PA-1279	PA AFFILIATO CON ABILITAZIONE AL SERVIZIO CON GF < 01 01 2026 E PRESTAZIONE >= 01 01 2026 PREFATTURE TR CARTACEI TIPO PAGAMENTI
PA	PA-1280	PA AFFILIATO CON ABILITAZIONE AL SERVIZIO CON GF <01 01 2026 E PRESTAZIONE < 01 01 2026 PREFATTURE COMPLIMENTS CARTACEI TIPO PAGAMENTI
PA	PA-1281	PA AFFILIATO CON ABILITAZIONE AL SERVIZIO CON GF < 01 01 2026 E PRESTAZIONE >= 01 01 2026 PREFATTURE COMPLIMENTS CARTACEI TIPO PAGAMENTI
PA	PA-1282	PA AFFILIATO CON ABILITAZIONE AL SERVIZIO CON GF <01 01 2026 E PRESTAZIONE < 01 01 2026 PREFATTURE GRUPPO ECONOMICO DEDICATO CARTACEO TIPO PAGAMENTI
PA	PA-1283	PA AFFILIATO CON ABILITAZIONE AL SERVIZIO CON GF < 01 01 2026 E PRESTAZIONE >= 01 01 2026 PREFATTURE GRUPPO ECONOMICO DEDICATO CARTACEO TIPO PAGAMENTI
PA	PA-1284	PA AFFILIATO CON ABILITAZIONE AL SERVIZIO CON GF <01 01 2026 E PRESTAZIONE < 01 01 2026 PREFATTURE CAP5 CARTACEI TIPO PAGAMENTI
PA	PA-1285	PA AFFILIATO CON ABILITAZIONE AL SERVIZIO CON GF < 01 01 2026 E PRESTAZIONE >= 01 01 2026 PREFATTURE CAP5 CARTACEI TIPO PAGAMENTI
PA	PA-1286	PA AFFILIATO CON CAP5 <01 01 2026 E PRESTAZIONE < 01 01 2026 PREFATTURE TIPO PAGAMENTI
PA	PA-1287	PA AFFILIATO CON CAP5 < 01 01 2026 E PRESTAZIONE >= 01 01 2026 PREFATTURE TIPO PAGAMENTI
PA	PA-1288	PA AFFILIATO CON CAP5 <01 01 2026 E PRESTAZIONE < 01 01 2026 PREFATTURE GRUPPO ECONOMICO DEDICATO TIPO PAGAMENTI
PA	PA-1289	PA AFFILIATO CON CAP5 < 01 01 2026 E PRESTAZIONE >= 01 01 2026 PREFATTURE GRUPPO ECONOMICO DEDICATO TIPO PAGAMENTI
PA	PA-1290	PA AFFILIATO CON CAP5 <01 01 2026 E PRESTAZIONE < 01 01 2026 PREFATTURE CANTEEN TIPO PAGAMENTI
PA	PA-1291	PA AFFILIATO CON CAP5 < 01 01 2026 E PRESTAZIONE >= 01 01 2026 PREFATTURE CANTEEN TIPO PAGAMENTI
PA	PA-1292	PA AFFILIATO CON CAP5 <01 01 2026 E PRESTAZIONE < 01 01 2026 PREFATTURE CAP5 TIPO PAGAMENTI
PA	PA-1293	PA AFFILIATO CON CAP5 < 01 01 2026 E PRESTAZIONE >= 01 01 2026 PREFATTURE CAP5 TIPO PAGAMENTI
PA	PA-1294	PA AFFILIATO CON CAP5 <01 01 2026 E PRESTAZIONE < 01 01 2026 PREFATTURE TR CARTACEI TIPO PAGAMENTI
PA	PA-1295	PA AFFILIATO CON CAP5 < 01 01 2026 E PRESTAZIONE >= 01 01 2026 PREFATTURE TR CARTACEI TIPO PAGAMENTI
PA	PA-1296	PA AFFILIATO CON CAP5 <01 01 2026 E PRESTAZIONE < 01 01 2026 PREFATTURE COMPLIMENTS CARTACEI TIPO PAGAMENTI
PA	PA-1297	PA AFFILIATO CON CAP5 < 01 01 2026 E PRESTAZIONE >= 01 01 2026 PREFATTURE COMPLIMENTS CARTACEI TIPO PAGAMENTI
PA	PA-1298	PA AFFILIATO CON CAP5 <01 01 2026 E PRESTAZIONE < 01 01 2026 PREFATTURE GRUPPO ECONOMICO DEDICATO CARTACEO TIPO PAGAMENTI
PA	PA-1299	PA AFFILIATO CON CAP5 < 01 01 2026 E PRESTAZIONE >= 01 01 2026 PREFATTURE GRUPPO ECONOMICO DEDICATO CARTACEO TIPO PAGAMENTI
PA	PA-1300	PA AFFILIATO CON CAP5 <01 01 2026 E PRESTAZIONE < 01 01 2026 PREFATTURE CAP5 CARTACEI TIPO PAGAMENTI
PA	PA-1301	PA AFFILIATO CON CAP5 < 01 01 2026 E PRESTAZIONE >= 01 01 2026 PREFATTURE CAP5 CARTACEI TIPO PAGAMENTI
PA	PA-1302	PA AFFILIATO CON ABBONAMENTO CON CAP5 <01 01 2026 E PRESTAZIONE < 01 01 2026 PREFATTURE TIPO PAGAMENTI
PA	PA-1303	PA AFFILIATO CON ABBONAMENTO CON CAP5 < 01 01 2026 E PRESTAZIONE >= 01 01 2026 PREFATTURE TIPO PAGAMENTI
PA	PA-1304	PA AFFILIATO CON ABBONAMENTO CON CAP5 <01 01 2026 E PRESTAZIONE < 01 01 2026 PREFATTURE GRUPPO ECONOMICO DEDICATO TIPO PAGAMENTI
PA	PA-1305	PA AFFILIATO CON ABBONAMENTO CON CAP5 < 01 01 2026 E PRESTAZIONE >= 01 01 2026 PREFATTURE GRUPPO ECONOMICO DEDICATO TIPO PAGAMENTI
PA	PA-1306	PA AFFILIATO CON ABBONAMENTO CON CAP5 <01 01 2026 E PRESTAZIONE < 01 01 2026 PREFATTURE CANTEEN TIPO PAGAMENTI
PA	PA-1307	PA AFFILIATO CON ABBONAMENTO CON CAP5 < 01 01 2026 E PRESTAZIONE >= 01 01 2026 PREFATTURE CANTEEN TIPO PAGAMENTI
PA	PA-1308	PA AFFILIATO CON ABBONAMENTO CON CAP5 <01 01 2026 E PRESTAZIONE < 01 01 2026 PREFATTURE CAP5 TIPO PAGAMENTI
PA	PA-1309	PA AFFILIATO CON ABBONAMENTO CON CAP5 < 01 01 2026 E PRESTAZIONE >= 01 01 2026 PREFATTURE CAP5 TIPO PAGAMENTI
PA	PA-1310	PA AFFILIATO CON ABBONAMENTO CON CAP5 <01 01 2026 E PRESTAZIONE < 01 01 2026 PREFATTURE TR CARTACEI TIPO PAGAMENTI
PA	PA-1311	PA AFFILIATO CON ABBONAMENTO CON CAP5 < 01 01 2026 E PRESTAZIONE >= 01 01 2026 PREFATTURE TR CARTACEI TIPO PAGAMENTI
PA	PA-1312	PA AFFILIATO CON ABBONAMENTO CON CAP5 <01 01 2026 E PRESTAZIONE < 01 01 2026 PREFATTURE COMPLIMENTS CARTACEI TIPO PAGAMENTI
PA	PA-1313	PA AFFILIATO CON ABBONAMENTO CON CAP5 < 01 01 2026 E PRESTAZIONE >= 01 01 2026 PREFATTURE COMPLIMENTS CARTACEI TIPO PAGAMENTI
PA	PA-1314	PA AFFILIATO CON ABBONAMENTO CON CAP5 <01 01 2026 E PRESTAZIONE < 01 01 2026 PREFATTURE GRUPPO ECONOMICO DEDICATO CARTACEO TIPO PAGAMENTI
PA	PA-1315	PA AFFILIATO CON ABBONAMENTO CON CAP5 < 01 01 2026 E PRESTAZIONE >= 01 01 2026 PREFATTURE GRUPPO ECONOMICO DEDICATO CARTACEO TIPO PAGAMENTI
PA	PA-1316	PA AFFILIATO CON ABBONAMENTO CON CAP5 <01 01 2026 E PRESTAZIONE < 01 01 2026 PREFATTURE CAP5 CARTACEI TIPO PAGAMENTI
PA	PA-1317	PA AFFILIATO CON ABBONAMENTO CON CAP5 < 01 01 2026 E PRESTAZIONE >= 01 01 2026 PREFATTURE CAP5 CARTACEI TIPO PAGAMENTI
PA	PA-1318	PA AFFILIATO CON ABILITAZIONE AL SERVIZIO CON CAP5 <01 01 2026 E PRESTAZIONE < 01 01 2026 PREFATTURE TIPO PAGAMENTI
PA	PA-1319	PA AFFILIATO CON ABILITAZIONE AL SERVIZIO CON CAP5 < 01 01 2026 E PRESTAZIONE >= 01 01 2026 PREFATTURE TIPO PAGAMENTI
PA	PA-1320	PA AFFILIATO CON ABILITAZIONE AL SERVIZIO CON CAP5 <01 01 2026 E PRESTAZIONE < 01 01 2026 PREFATTURE GRUPPO ECONOMICO DEDICATO TIPO PAGAMENTI
PA	PA-1321	PA AFFILIATO CON ABILITAZIONE AL SERVIZIO CON CAP5 < 01 01 2026 E PRESTAZIONE >= 01 01 2026 PREFATTURE GRUPPO ECONOMICO DEDICATO TIPO PAGAMENTI
PA	PA-1322	PA AFFILIATO CON ABILITAZIONE AL SERVIZIO CON CAP5 <01 01 2026 E PRESTAZIONE < 01 01 2026 PREFATTURE CANTEEN TIPO PAGAMENTI
PA	PA-1323	PA AFFILIATO CON ABILITAZIONE AL SERVIZIO CON CAP5 < 01 01 2026 E PRESTAZIONE >= 01 01 2026 PREFATTURE CANTEEN TIPO PAGAMENTI
PA	PA-1324	PA AFFILIATO CON ABILITAZIONE AL SERVIZIO CON CAP5 <01 01 2026 E PRESTAZIONE < 01 01 2026 PREFATTURE CAP5 TIPO PAGAMENTI
PA	PA-1325	PA AFFILIATO CON ABILITAZIONE AL SERVIZIO CON CAP5 < 01 01 2026 E PRESTAZIONE >= 01 01 2026 PREFATTURE CAP5 TIPO PAGAMENTI
PA	PA-1326	PA AFFILIATO CON ABILITAZIONE AL SERVIZIO CON CAP5 <01 01 2026 E PRESTAZIONE < 01 01 2026 PREFATTURE TR CARTACEI TIPO PAGAMENTI
PA	PA-1327	PA AFFILIATO CON ABILITAZIONE AL SERVIZIO CON CAP5 < 01 01 2026 E PRESTAZIONE >= 01 01 2026 PREFATTURE TR CARTACEI TIPO PAGAMENTI
PA	PA-1328	PA AFFILIATO CON ABILITAZIONE AL SERVIZIO CON CAP5 <01 01 2026 E PRESTAZIONE < 01 01 2026 PREFATTURE COMPLIMENTS CARTACEI TIPO PAGAMENTI
PA	PA-1329	PA AFFILIATO CON ABILITAZIONE AL SERVIZIO CON CAP5 < 01 01 2026 E PRESTAZIONE >= 01 01 2026 PREFATTURE COMPLIMENTS CARTACEI TIPO PAGAMENTI
PA	PA-1330	PA AFFILIATO CON ABILITAZIONE AL SERVIZIO CON CAP5 <01 01 2026 E PRESTAZIONE < 01 01 2026 PREFATTURE GRUPPO ECONOMICO DEDICATO CARTACEO TIPO PAGAMENTI
PA	PA-1331	PA AFFILIATO CON ABILITAZIONE AL SERVIZIO CON CAP5 < 01 01 2026 E PRESTAZIONE >= 01 01 2026 PREFATTURE GRUPPO ECONOMICO DEDICATO CARTACEO TIPO PAGAMENTI
PA	PA-1332	PA AFFILIATO CON ABILITAZIONE AL SERVIZIO CON CAP5 <01 01 2026 E PRESTAZIONE < 01 01 2026 PREFATTURE CAP5 CARTACEI TIPO PAGAMENTI
PA	PA-1333	PA AFFILIATO CON ABILITAZIONE AL SERVIZIO CON CAP5 < 01 01 2026 E PRESTAZIONE >= 01 01 2026 PREFATTURE CAP5 CARTACEI TIPO PAGAMENTI
PA	PA-1334	PA AFFILIATO CON FULLCAP5 <01 01 2026 E PRESTAZIONE < 01 01 2026 PREFATTURE TIPO PAGAMENTI
PA	PA-1335	PA AFFILIATO CON FULLCAP5 < 01 01 2026 E PRESTAZIONE >= 01 01 2026 PREFATTURE TIPO PAGAMENTI
PA	PA-1336	PA AFFILIATO CON FULLCAP5 <01 01 2026 E PRESTAZIONE < 01 01 2026 PREFATTURE GRUPPO ECONOMICO DEDICATO TIPO PAGAMENTI
PA	PA-1337	PA AFFILIATO CON FULLCAP5 < 01 01 2026 E PRESTAZIONE >= 01 01 2026 PREFATTURE GRUPPO ECONOMICO DEDICATO TIPO PAGAMENTI
PA	PA-1338	PA AFFILIATO CON FULLCAP5 <01 01 2026 E PRESTAZIONE < 01 01 2026 PREFATTURE CANTEEN TIPO PAGAMENTI
PA	PA-1339	PA AFFILIATO CON FULLCAP5 < 01 01 2026 E PRESTAZIONE >= 01 01 2026 PREFATTURE CANTEEN TIPO PAGAMENTI
PA	PA-1340	PA AFFILIATO CON FULLCAP5 <01 01 2026 E PRESTAZIONE < 01 01 2026 PREFATTURE CAP5 TIPO PAGAMENTI
PA	PA-1341	PA AFFILIATO CON FULLCAP5 < 01 01 2026 E PRESTAZIONE >= 01 01 2026 PREFATTURE CAP5 TIPO PAGAMENTI
PA	PA-1342	PA AFFILIATO CON FULLCAP5 <01 01 2026 E PRESTAZIONE < 01 01 2026 PREFATTURE TR CARTACEI TIPO PAGAMENTI
PA	PA-1343	PA AFFILIATO CON FULLCAP5 < 01 01 2026 E PRESTAZIONE >= 01 01 2026 PREFATTURE TR CARTACEI TIPO PAGAMENTI
PA	PA-1344	PA AFFILIATO CON FULLCAP5 <01 01 2026 E PRESTAZIONE < 01 01 2026 PREFATTURE COMPLIMENTS CARTACEI TIPO PAGAMENTI
PA	PA-1345	PA AFFILIATO CON FULLCAP5 < 01 01 2026 E PRESTAZIONE >= 01 01 2026 PREFATTURE COMPLIMENTS CARTACEI TIPO PAGAMENTI
PA	PA-1346	PA AFFILIATO CON FULLCAP5 <01 01 2026 E PRESTAZIONE < 01 01 2026 PREFATTURE GRUPPO ECONOMICO DEDICATO CARTACEO TIPO PAGAMENTI
PA	PA-1347	PA AFFILIATO CON FULLCAP5 < 01 01 2026 E PRESTAZIONE >= 01 01 2026 PREFATTURE GRUPPO ECONOMICO DEDICATO CARTACEO TIPO PAGAMENTI
PA	PA-1348	PA AFFILIATO CON FULLCAP5 <01 01 2026 E PRESTAZIONE < 01 01 2026 PREFATTURE CAP5 CARTACEI TIPO PAGAMENTI
PA	PA-1349	PA AFFILIATO CON FULLCAP5 < 01 01 2026 E PRESTAZIONE >= 01 01 2026 PREFATTURE CAP5 CARTACEI TIPO PAGAMENTI
PA	PA-1350	PA AFFILIATO CON ABBONAMENTO CON FULLCAP5 <01 01 2026 E PRESTAZIONE < 01 01 2026 PREFATTURE TIPO PAGAMENTI
PA	PA-1351	PA AFFILIATO CON ABBONAMENTO CON FULLCAP5 < 01 01 2026 E PRESTAZIONE >= 01 01 2026 PREFATTURE TIPO PAGAMENTI
PA	PA-1352	PA AFFILIATO CON ABBONAMENTO CON FULLCAP5 <01 01 2026 E PRESTAZIONE < 01 01 2026 PREFATTURE GRUPPO ECONOMICO DEDICATO TIPO PAGAMENTI
PA	PA-1353	PA AFFILIATO CON ABBONAMENTO CON FULLCAP5 < 01 01 2026 E PRESTAZIONE >= 01 01 2026 PREFATTURE GRUPPO ECONOMICO DEDICATO TIPO PAGAMENTI
PA	PA-1354	PA AFFILIATO CON ABBONAMENTO CON FULLCAP5 <01 01 2026 E PRESTAZIONE < 01 01 2026 PREFATTURE CANTEEN TIPO PAGAMENTI
PA	PA-1355	PA AFFILIATO CON ABBONAMENTO CON FULLCAP5 < 01 01 2026 E PRESTAZIONE >= 01 01 2026 PREFATTURE CANTEEN TIPO PAGAMENTI
PA	PA-1356	PA AFFILIATO CON ABBONAMENTO CON FULLCAP5 <01 01 2026 E PRESTAZIONE < 01 01 2026 PREFATTURE CAP5 TIPO PAGAMENTI
PA	PA-1357	PA AFFILIATO CON ABBONAMENTO CON FULLCAP5 < 01 01 2026 E PRESTAZIONE >= 01 01 2026 PREFATTURE CAP5 TIPO PAGAMENTI
PA	PA-1358	PA AFFILIATO CON ABBONAMENTO CON FULLCAP5 <01 01 2026 E PRESTAZIONE < 01 01 2026 PREFATTURE TR CARTACEI TIPO PAGAMENTI
PA	PA-1359	PA AFFILIATO CON ABBONAMENTO CON FULLCAP5 < 01 01 2026 E PRESTAZIONE >= 01 01 2026 PREFATTURE TR CARTACEI TIPO PAGAMENTI
PA	PA-1360	PA AFFILIATO CON ABBONAMENTO CON FULLCAP5 <01 01 2026 E PRESTAZIONE < 01 01 2026 PREFATTURE COMPLIMENTS CARTACEI TIPO PAGAMENTI
PA	PA-1361	PA AFFILIATO CON ABBONAMENTO CON FULLCAP5 < 01 01 2026 E PRESTAZIONE >= 01 01 2026 PREFATTURE COMPLIMENTS CARTACEI TIPO PAGAMENTI
PA	PA-1362	PA AFFILIATO CON ABBONAMENTO CON FULLCAP5 <01 01 2026 E PRESTAZIONE < 01 01 2026 PREFATTURE GRUPPO ECONOMICO DEDICATO CARTACEO TIPO PAGAMENTI
PA	PA-1363	PA AFFILIATO CON ABBONAMENTO CON FULLCAP5 < 01 01 2026 E PRESTAZIONE >= 01 01 2026 PREFATTURE GRUPPO ECONOMICO DEDICATO CARTACEO TIPO PAGAMENTI
PA	PA-1364	PA AFFILIATO CON ABBONAMENTO CON FULLCAP5 <01 01 2026 E PRESTAZIONE < 01 01 2026 PREFATTURE CAP5 CARTACEI TIPO PAGAMENTI
PA	PA-1365	PA AFFILIATO CON ABBONAMENTO CON FULLCAP5 < 01 01 2026 E PRESTAZIONE >= 01 01 2026 PREFATTURE CAP5 CARTACEI TIPO PAGAMENTI
PA	PA-1366	PA AFFILIATO CON ABILITAZIONE AL SERVIZIO CON FULLCAP5 <01 01 2026 E PRESTAZIONE < 01 01 2026 PREFATTURE TIPO PAGAMENTI
PA	PA-1367	PA AFFILIATO CON ABILITAZIONE AL SERVIZIO CON FULLCAP5 < 01 01 2026 E PRESTAZIONE >= 01 01 2026 PREFATTURE TIPO PAGAMENTI
PA	PA-1368	PA AFFILIATO CON ABILITAZIONE AL SERVIZIO CON FULLCAP5 <01 01 2026 E PRESTAZIONE < 01 01 2026 PREFATTURE GRUPPO ECONOMICO DEDICATO TIPO PAGAMENTI
PA	PA-1369	PA AFFILIATO CON ABILITAZIONE AL SERVIZIO CON FULLCAP5 < 01 01 2026 E PRESTAZIONE >= 01 01 2026 PREFATTURE GRUPPO ECONOMICO DEDICATO TIPO PAGAMENTI
PA	PA-1370	PA AFFILIATO CON ABILITAZIONE AL SERVIZIO CON FULLCAP5 <01 01 2026 E PRESTAZIONE < 01 01 2026 PREFATTURE CANTEEN TIPO PAGAMENTI
PA	PA-1371	PA AFFILIATO CON ABILITAZIONE AL SERVIZIO CON FULLCAP5 < 01 01 2026 E PRESTAZIONE >= 01 01 2026 PREFATTURE CANTEEN TIPO PAGAMENTI
PA	PA-1372	PA AFFILIATO CON ABILITAZIONE AL SERVIZIO CON FULLCAP5 <01 01 2026 E PRESTAZIONE < 01 01 2026 PREFATTURE CAP5 TIPO PAGAMENTI
PA	PA-1373	PA AFFILIATO CON ABILITAZIONE AL SERVIZIO CON FULLCAP5 < 01 01 2026 E PRESTAZIONE >= 01 01 2026 PREFATTURE CAP5 TIPO PAGAMENTI
PA	PA-1374	PA AFFILIATO CON ABILITAZIONE AL SERVIZIO CON FULLCAP5 <01 01 2026 E PRESTAZIONE < 01 01 2026 PREFATTURE TR CARTACEI TIPO PAGAMENTI
PA	PA-1375	PA AFFILIATO CON ABILITAZIONE AL SERVIZIO CON FULLCAP5 < 01 01 2026 E PRESTAZIONE >= 01 01 2026 PREFATTURE TR CARTACEI TIPO PAGAMENTI
PA	PA-1376	PA AFFILIATO CON ABILITAZIONE AL SERVIZIO CON FULLCAP5 <01 01 2026 E PRESTAZIONE < 01 01 2026 PREFATTURE COMPLIMENTS CARTACEI TIPO PAGAMENTI
PA	PA-1377	PA AFFILIATO CON ABILITAZIONE AL SERVIZIO CON FULLCAP5 < 01 01 2026 E PRESTAZIONE >= 01 01 2026 PREFATTURE COMPLIMENTS CARTACEI TIPO PAGAMENTI
PA	PA-1378	PA AFFILIATO CON ABILITAZIONE AL SERVIZIO CON FULLCAP5 <01 01 2026 E PRESTAZIONE < 01 01 2026 PREFATTURE GRUPPO ECONOMICO DEDICATO CARTACEO TIPO PAGAMENTI
PA	PA-1379	PA AFFILIATO CON ABILITAZIONE AL SERVIZIO CON FULLCAP5 < 01 01 2026 E PRESTAZIONE >= 01 01 2026 PREFATTURE GRUPPO ECONOMICO DEDICATO CARTACEO TIPO PAGAMENTI
PA	PA-1380	PA AFFILIATO CON ABILITAZIONE AL SERVIZIO CON FULLCAP5 <01 01 2026 E PRESTAZIONE < 01 01 2026 PREFATTURE CAP5 CARTACEI TIPO PAGAMENTI
PA	PA-1381	PA AFFILIATO CON ABILITAZIONE AL SERVIZIO CON FULLCAP5 < 01 01 2026 E PRESTAZIONE >= 01 01 2026 PREFATTURE CAP5 CARTACEI TIPO PAGAMENTI
PA	PA-1392	PORTALE EASYCHECKWEB LOCALI E LISTINI ASSENTE
PA	PA-1393	PORTALE EASYCHECKWEB LOCALI E LISTINI
PA	PA-1394	PORTALE EASYCHECKWEB LOCALI E LISTINI DOMANDE FREQUENTI
PA	PA-1395	PORTALE EASYCHECKWEB LOCALI E LISTINI GESTIONE LOCALI E LISTINI
PA	PA-1396	PORTALE EASYCHECKWEB LOCALI E LISTINI GESTIONE LOCALI E LISTINI MOSTRA DATI FATTURAZIONE
PA	PA-1397	PORTALE EASYCHECKWEB LOCALI E LISTINI GESTIONE LOCALI E LISTINI VAI AL DETTAGLIO
PA	PA-1398	PORTALE EASYCHECKWEB LOCALI E LISTINI GESTIONE LOCALI E LISTINI CREA LISTINO
PA	PA-1399	PORTALE EASYCHECKWEB LOCALI E LISTINI GESTIONE LOCALI E LISTINI MODIFICA LISTINO
PA	PA-1400	PORTALE EASYCHECKWEB LOCALI E LISTINI GESTIONE LOCALI E LISTINI DUPLICA LISTINO PER QUESTO LOCALE
PA	PA-1401	PORTALE EASYCHECKWEB LOCALI E LISTINI GESTIONE LOCALI E LISTINI DUPLICA LISTINO PER PIU LOCALI LOCALE
PA	PA-1402	PORTALE EASYCHECKWEB LOCALI E LISTINI GESTIONE LOCALI E LISTINI AGGIORNA PREZZO
PA	PA-1403	PORTALE EASYCHECKWEB LOCALI E LISTINI GESTIONE LOCALI E LISTINI AGGIORNA VALIDITA
PA	PA-1404	PORTALE EASYCHECKWEB LOCALI E LISTINI GESTIONE LOCALI E LISTINI SCARICA TABELLA
PA	PA-1405	PORTALE EASYCHECKWEB LOCALI E LISTINI NON PSICOLOGO GESTIONE LOCALI E LISTINI CREA LISTINO
PA	PA-1406	PORTALE EASYCHECKWEB LOCALI E LISTINI NON PSICOLOGO GESTIONE LOCALI E LISTINI MODIFICA LISTINO
PA	PA-1407	PORTALE EASYCHECKWEB LOCALI E LISTINI NON PSICOLOGO GESTIONE LOCALI E LISTINI DUPLICA LISTINO PER QUESTO LOCALE
PA	PA-1408	PORTALE EASYCHECKWEB LOCALI E LISTINI NON PSICOLOGO GESTIONE LOCALI E LISTINI DUPLICA LISTINO PER PIU LOCALI LOCALE
PA	PA-1409	PORTALE EASYCHECKWEB LOCALI E LISTINI NON PSICOLOGO GESTIONE LOCALI E LISTINI AGGIORNA PREZZO
PA	PA-1410	PORTALE EASYCHECKWEB LOCALI E LISTINI NON PSICOLOGO GESTIONE LOCALI E LISTINI AGGIORNA VALIDITA
PA	PA-1411	PORTALE EASYCHECKWEB LOCALI E LISTINI NON PSICOLOGO GESTIONE LOCALI E LISTINI SCARICA TABELLA
PA	PA-1423	PORTALE AFFILIATI TRANSAZIONI ELETTRONICHE REPORT DELTA TEMPORALE TRANSAZIONI CAMPO CANALE VALORIZZATO
PA	PA-1424	PORTALE AFFILIATI TRANSAZIONI ELETTRONICHE REPORT DELTA TEMPORALE TRANSAZIONI CAMPO CANALE NON VALORIZZATO
PA	PA-1425	PORTALE AFFILIATI TRANSAZIONI ELETTRONICHE REPORT DELTA TEMPORALE TRANSAZIONI CAMPO CANALE VALORE NON PRESENTE A DB
PA	PA-1426	PORTALE AFFILIATI TRANSAZIONI ELETTRONICHE REPORT DELTA TEMPORALE TRANSAZIONI CAMPO CANALE VALORIZZATO NON TR
PA	PA-1427	PORTALE AFFILIATI TRANSAZIONI ELETTRONICHE REPORT DELTA TEMPORALE TRANSAZIONI CAMPO CANALE NON VALORIZZATO NON TR
PA	PA-1428	PORTALE AFFILIATI TRANSAZIONI ELETTRONICHE REPORT DELTA TEMPORALE TRANSAZIONI CAMPO CANALE VALORE NON PRESENTE A DB NON TR
PA	PA-1429	PORTALE AFFILIATI TRANSAZIONI ELETTRONICHE REPORT DELTA TEMPORALE PREFATTURE CAMPO CANALE VALORIZZATO
PA	PA-1430	PORTALE AFFILIATI TRANSAZIONI ELETTRONICHE REPORT DELTA TEMPORALE PREFATTURE CAMPO CANALE NON VALORIZZATO
PA	PA-1431	PORTALE AFFILIATI TRANSAZIONI ELETTRONICHE REPORT DELTA TEMPORALE PREFATTURE CAMPO CANALE VALORE NON PRESENTE A DB
PA	PA-1432	PORTALE AFFILIATI TRANSAZIONI ELETTRONICHE REPORT DELTA TEMPORALE PREFATTURE CAMPO CANALE VALORIZZATO NON TR
PA	PA-1433	PORTALE AFFILIATI TRANSAZIONI ELETTRONICHE REPORT DELTA TEMPORALE PREFATTURE CAMPO CANALE NON VALORIZZATO NON TR
PA	PA-1434	PORTALE AFFILIATI TRANSAZIONI ELETTRONICHE REPORT DELTA TEMPORALE PREFATTURE CAMPO CANALE VALORE NON PRESENTE A DB NON TR
PA	PA-1440	PORTALE AFFILIATI TRANSAZIONI ELETTRONICHE CHECK INVIO E MAIL UNES DATA SCHEDULAZIONE IMPOSTATA
PA	PA-1441	PORTALE AFFILIATI TRANSAZIONI ELETTRONICHE CHECK INVIO E MAIL UNES DATA SCHEDULAZIONE NON IMPOSTATA
PA	PA-1442	PORTALE AFFILIATI TRANSAZIONI ELETTRONICHE CHECK INVIO E MAIL PRODELCO DATA SCHEDULAZIONE IMPOSTATA
PA	PA-1443	PORTALE AFFILIATI TRANSAZIONI ELETTRONICHE CHECK INVIO E MAIL PRODELCO DATA SCHEDULAZIONE NON IMPOSTATA GIORNO 6
PA	PA-1444	PORTALE AFFILIATI TRANSAZIONI ELETTRONICHE CHECK INVIO E MAIL PRODELCO DATA SCHEDULAZIONE NON IMPOSTATA GIORNO 20
PA	PA-1445	PORTALE AFFILIATI TRANSAZIONI ELETTRONICHE CHECK INVIO E MAIL UNES DEPOSITO SU CARTELLA FTP
PA	PA-1450	PCE GESTIONE ANAGRAFICHE IMPORTA ANAGRAFICHE ES 9000 RECORDS OK
PA	PA-1451	PCE GESTIONE ANAGRAFICHE IMPORTA ANAGRAFICHE ES < 9000 RECORDS OK
PA	PA-1452	PCE GESTIONE ANAGRAFICHE IMPORTA ANAGRAFICHE ES 10 RIGHE VUOTE CONSECUTIVE A INIZIO FILE TOT 9000 RECORDS OK
PA	PA-1453	PCE GESTIONE ANAGRAFICHE IMPORTA ANAGRAFICHE ES 10 RIGHE VUOTE CONSECUTIVE A FINE FILE TOT 9000 RECORDS OK
PA	PA-1454	PCE GESTIONE ANAGRAFICHE IMPORTA ANAGRAFICHE ES 10 RIGHE VUOTE NON CONSECUTIVE TOT 9000 RECORDS OK
PA	PA-1455	PCE GESTIONE ANAGRAFICHE IMPORTA ANAGRAFICHE ES 9000 + 1 RIGHE VUOTA ALL'INIZIO TOT=9001 NOK
PA	PA-1456	PCE GESTIONE ANAGRAFICHE IMPORTA ANAGRAFICHE ES 9000 + 2 RIGHE VUOTE NON CONSECUTIVE TOT=9002 NOK
PA	PA-1457	PCE GESTIONE ANAGRAFICHE IMPORTA ANAGRAFICHE ES > 9000 RIGHE NOK
PA	PA-1458	PCE GESTIONE ANAGRAFICHE IMPORTA ANAGRAFICHE ES 11 RIGHE VUOTE CONSECUTIVE A INIZIO FILE NOK
PA	PA-1459	PCE GESTIONE ANAGRAFICHE IMPORTA ANAGRAFICHE ES FORMATO DEL FILE ERRATO NOK
PA	PA-1460	PCE GESTIONE ANAGRAFICHE IMPORTA ANAGRAFICHE ES FILE VUOTO NOK
PA	PA-1461	PCE GESTIONE ANAGRAFICHE IMPORTA ANAGRAFICHE ES 11 RIGHE VUOTE CONSECUTIVE A META FILE NOK
PA	PA-1462	PCE GESTIONE ANAGRAFICHE IMPORTA ANAGRAFICHE ES 11 RIGHE VUOTE CONSECUTIVE A FINE FILE NOK
PA	PA-1463	PCE GESTIONE ANAGRAFICHE IMPORTA ANAGRAFICHE ES 1 RIGA OK
PA	PA-1464	PCE GESTIONE ANAGRAFICHE IMPORTA ANAGRAFICHE ES 10 RIGHE VUOTE NON CONSECUTIVE 5 RIGHE TOT 15 RECORDS OK
PA	PA-1465	PCE GESTIONE ANAGRAFICHE IMPORTA ANAGRAFICHE ES 11 RIGHE VUOTE NON CONSECUTIVE E DISTRIBUITE NEL FILE OK
PA	PA-1469	PA SEZIONE COMPILA DISTINTA VISUALIZZAZIONE BUONI BUONO PASTO
PA	PA-1470	PA SEZIONE COMPILA DISTINTA VISUALIZZAZIONE BUONI CANTEEN
PA	PA-1471	PA SEZIONE COMPILA DISTINTA VISUALIZZAZIONE BUONI COMPLIMENTS
PA	PA-1472	PA SEZIONE COMPILA DISTINTA VISUALIZZAZIONE BUONI DOTE SCUOLA
PA	PA-1473	PA SEZIONE COMPILA DISTINTA VISUALIZZAZIONE BUONI PSP
PA	PA-1474	PA SEZIONE COMPILA DISTINTA VISUALIZZAZIONE BUONI TICKET WELFARE
PA	PA-1475	PA SEZIONE CONDIZIONI ECONOMICHE VISUALIZZAZIONE PAGAMENTO STANDARD
PA	PA-1476	PA SEZIONE CONDIZIONI ECONOMICHE VISUALIZZAZIONE PAGAMENTO ABBONAMENTO
PA	PA-1477	PA SEZIONE CONDIZIONI ECONOMICHE VISUALIZZAZIONE PAGAMENTO ABILITATO AL SERVIZIO
PA	PA-1481	PA E2E CREAZIONE CONTRATTO BRUCIO TICKET E FATTURAZIONE
PA	PA-1487	PA PREFATTURA NUOVO CONTRATTO BUONO PASTO
PA	PA-1488	PA PREFATTURA NUOVO CONTRATTO COMPLIMENTS
PA	PA-1489	PA PREFATTURA NUOVO CONTRATTO TICKET WELFARE
PA	PA-1490	PA PREFATTURA NUOVO CONTRATTO CANTEEN
PA	PA-1491	PA PREFATTURA NUOVO CONTRATTO DOTE SCUOLA
PA	PA-1501	PA NUOVO LOCALE CONTRATTO FOOD 60 GIORNI
PA	PA-1502	PA NUOVO LOCALE CONTRATTO FOOD 45 GIORNI
PA	PA-1503	PA NUOVO LOCALE CONTRATTO FOOD FLY2
PA	PA-1504	PA NUOVO LOCALE CONTRATTO FOOD FLY15
PA	PA-1505	PA NUOVO LOCALE CONTRATTO CANTEEN 60 GIORNI
PA	PA-1506	PA NUOVO LOCALE CONTRATTO CANTEEN 45 GIORNI
PA	PA-1507	PA NUOVO LOCALE CONTRATTO CANTEEN FLY2
PA	PA-1508	PA NUOVO LOCALE CONTRATTO CANTEEN FLY15
PA	PA-1509	PA RINEGOZIAZIONE CONTRATTO FOOD 60 GIORNI
PA	PA-1510	PA RINEGOZIAZIONE CONTRATTO FOOD 45 GIORNI
PA	PA-1511	PA RINEGOZIAZIONE CONTRATTO FOOD FLY2
PA	PA-1512	PA RINEGOZIAZIONE CONTRATTO FOOD FLY15
PA	PA-1513	PA RINEGOZIAZIONE CONTRATTO CANTEEN 60 GIORNI
PA	PA-1514	PA RINEGOZIAZIONE CONTRATTO CANTEEN 45 GIORNI
PA	PA-1515	PA RINEGOZIAZIONE CONTRATTO CANTEEN FLY2
PA	PA-1516	PA RINEGOZIAZIONE CONTRATTO CANTEEN FLY15
PA	PA-1517	PA CONTRATTO FOOD PIU IMPEGNATIVA
PA	PA-1518	PA CONTRATTO CANTEEEN PIU IMPEGNATIVA
PA	PA-1519	PA ESTENDI CONTRATTO FOOD DA PROSPECT
PA	PA-1520	PA ESTENDI CONTRATTO FOOD DA RINEGOZIAZIONE
PA	PA-1521	PA ESTENDI CONTRATTO CANTEEN DA PROSPECT
PA	PA-1522	PA ESTENDI CONTRATTO CANTEEN DA RINEGOZIAZIONE
PA	PA-1545	PA UPDATE CONDIZIONI ECONOMICHE SU PARTNER BASE LOCALE CON ATTIVO BUONO PASTO E CANTEEN CON FLY
PA	PA-1546	"PA UPDATE CONDIZIONI ECONOMICHE SU PARTNER BASE LOCALE CON ATTIVO BUONO PASTO CANTEEN E COMPLIMENTS CON FLY "
PA	PA-1547	"PA UPDATE CONDIZIONI ECONOMICHE SU PARTNER BASE CAP 5 LOCALE CON ATTIVO BUONO PASTO E CANTEEN CON FLY "
PA	PA-1548	"PA UPDATE CONDIZIONI ECONOMICHE SU PARTNER BASE CAP 5 LOCALE CON ATTIVO BUONO PASTO CANTEEN E COMPLIMENTS CON FLY "
PA	PA-1549	"PA UPDATE CONDIZIONI ECONOMICHE SU PARTNER BASE FULL CAP 5 LOCALE CON ATTIVO BUONO PASTO E CANTEEN CON FLY "
PA	PA-1550	"PA UPDATE CONDIZIONI ECONOMICHE SU PARTNER BASE FULL CAP 5 LOCALE CON ATTIVO BUONO PASTO CANTEEN E COMPLIMENTS CON FLY "
PA	PA-1561	SOAP UI WSAFFILIATIMOBILE GETFILEFROMDATABASE
PA	PA-1562	SOAP UI WSAFFILIATIMOBILE GETFILE
PA	PA-1563	GESTIONE LOCALI E LISTINI GESTIONE LISTINI CREAZIONE LISTINO CON MERCHANT CHE INIZIA CON 0
PA	PA-1564	GESTIONE LOCALI E LISTINI GESTIONE LISTINI CREAZIONE LISTINO CON MERCHANT CHE NON INIZIA CON 0
PA	PA-1565	GESTIONE LOCALI E LISTINI GESTIONE LISTINI WSDATIPERSONALI GETLOCALELISTINO MERCHANT CHE INIZIA CON 0
PA	PA-1566	GESTIONE LOCALI E LISTINI GESTIONE LISTINI WSDATIPERSONALI GETLOCALELISTINO MERCHANT CHE NON INIZIA CON 0
PA	PA-1583	PA AFFILIATO PARTNER BASE CON CONTRATTO FOOD E FLY 30 GRATUITO CONFERMA PREFATTURE INIBIZIONE PAGAMENTI MIGLIORATIVI
PA	PA-1584	PA AFFILIATO PARTNER BASE CON CONTRATTO CANTEEN E FLY 30 GRATUITO CONFERMA PREFATTURE VISUALIZZAZIONE PAGAMENTI MIGLIORATIVI
PA	PA-1585	PA AFFILIATO PARTNER BASE CON CONTRATTO FOOD E FLY 45 GRATUITO CONFERMA PREFATTURE INIBIZIONE PAGAMENTI MIGLIORATIVI
PA	PA-1586	PA AFFILIATO PARTNER BASE CON CONTRATTO CANTEEN E FLY 45 GRATUITO CONFERMA PREFATTURE VISUALIZZAZIONE PAGAMENTI MIGLIORATIVI
PA	PA-1587	PA AFFILIATO PARTNER BASE CON CONTRATTO FOOD E FLY 60 GRATUITO CONFERMA PREFATTURE INIBIZIONE PAGAMENTI MIGLIORATIVI
PA	PA-1588	PA AFFILIATO PARTNER BASE CON CONTRATTO CANTEEN E FLY 60 GRATUITO CONFERMA PREFATTURE VISUALIZZAZIONE PAGAMENTI MIGLIORATIVI
PA	PA-1597	PA SEZIONE UAM UTENZA LOCALE
PA	PA-1598	PA SEZIONE UAM ESTRATTO CONTO UAM UTENZA LOCALE
PA	PA-1599	PA SEZIONE UAM ESTRATTO CONTO UAM APERTURE ELENCO PUNTI VENDITA UTENZA LOCALE
PA	PA-1600	PA SEZIONE UAM ESTRATTO CONTO UAM APERTURA LABLE ANNO UTENZA LOCALE
PA	PA-1601	PA SEZIONE UAM ESTRATTO CONTO UAM RICERCA PER SOLO LOCALE UTENZA LOCALE
PA	PA-1602	PA SEZIONE UAM ESTRATTO CONTO UAM RICERCA PER SOLO ANNO UTENZA LOCALE
PA	PA-1603	PA SEZIONE UAM ESTRATTO CONTO UAM RICERCA PER LOCALE ED ANNO UTENZA LOCALE
PA	PA-1604	PA SEZIONE UAM ESTRATTO CONTO UAM RECUPERO SINGOLO DOCUMENTO UTENZA LOCALE
PA	PA-1605	PA SEZIONE UAM ESTRATTO CONTO UAM RECUPERO MULTIPLI DOCUMENTI UTENZA LOCALE
PA	PA-1606	PA SEZIONE UAM ESTRATTO CONTO UAM RECUPERO NESSUN DOCUMENTO UTENZA LOCALE
PA	PA-1607	PA SEZIONE UAM ESTRATTO CONTO UAM SCARICA DOCUMENTO UTENZA LOCALE
PA	PA-1608	PA SEZIONE UAM MOVIMENTI UAM UTENZA LOCALE
PA	PA-1609	PA SEZIONE UAM MOVIMENTI UAM APERTURE ELENCO PUNTI VENDITA UTENZA LOCALE
PA	PA-1610	PA SEZIONE UAM MOVIMENTI UAM SELEZIONA DATA DA UTENZA LOCALE
PA	PA-1611	PA SEZIONE UAM MOVIMENTI UAM SELEZIONA DATA A UTENZA LOCALE
PA	PA-1612	PA SEZIONE UAM MOVIMENTI UAM RICERCA PER SOLO LOCALE UTENZA LOCALE
PA	PA-1613	PA SEZIONE UAM MOVIMENTI UAM RICERCA PER SOLO DATA UTENZA LOCALE
PA	PA-1614	PA SEZIONE UAM MOVIMENTI UAM RICERCA PER DATA E LOCALE ENTRO LIMITE TEMPORALE UTENZA LOCALE
PA	PA-1615	PA SEZIONE UAM MOVIMENTI UAM RICERCA PER DATA E LOCALE OLTRE LIMITE TEMPORALE UTENZA LOCALE
PA	PA-1616	PA SEZIONE UAM MOVIMENTI UAM RICERCA SINGOLA TRANSAZIONE UTENZA LOCALE
PA	PA-1617	PA SEZIONE UAM MOVIMENTI UAM RICERCA MULTIPLE TRANSAZIONI UTENZA LOCALE
PA	PA-1618	PA SEZIONE UAM MOVIMENTI UAM RICERCA NESSUNA TRANSAZIONE UTENZA LOCALE
PA	PA-1619	PA SEZIONE UAM MOVIMENTI UAM EXPORT EXCEL SINGOLA TRANSAZIONE UTENZA LOCALE
PA	PA-1620	PA SEZIONE UAM MOVIMENTI UAM EXPORT EXCEL PIU TRANSAZIONI UTENZA LOCALE
PA	PA-1621	PA SEZIONE UAM UTENZA GRUPPO FATTURAZIONE
PA	PA-1622	PA SEZIONE UAM ESTRATTO CONTO UAM UTENZA GRUPPO FATTURAZIONE
PA	PA-1623	PA SEZIONE UAM ESTRATTO CONTO UAM APERTURE ELENCO PUNTI VENDITA UTENZA GRUPPO FATTURAZIONE
PA	PA-1624	PA SEZIONE UAM ESTRATTO CONTO UAM APERTURA LABLE ANNO UTENZA GRUPPO FATTURAZIONE
PA	PA-1625	PA SEZIONE UAM ESTRATTO CONTO UAM RICERCA PER SOLO LOCALE UTENZA GRUPPO FATTURAZIONE
PA	PA-1626	PA SEZIONE UAM ESTRATTO CONTO UAM RICERCA PER SOLO ANNO UTENZA GRUPPO FATTURAZIONE
PA	PA-1627	PA SEZIONE UAM ESTRATTO CONTO UAM RICERCA PER LOCALE ED ANNO UTENZA GRUPPO FATTURAZIONE
PA	PA-1628	PA SEZIONE UAM ESTRATTO CONTO UAM RECUPERO SINGOLO DOCUMENTO UTENZA GRUPPO FATTURAZIONE
PA	PA-1629	PA SEZIONE UAM ESTRATTO CONTO UAM RECUPERO MULTIPLI DOCUMENTI UTENZA GRUPPO FATTURAZIONE
PA	PA-1630	PA SEZIONE UAM ESTRATTO CONTO UAM RECUPERO NESSUN DOCUMENTO UTENZA GRUPPO FATTURAZIONE
PA	PA-1631	PA SEZIONE UAM ESTRATTO CONTO UAM SCARICA DOCUMENTO UTENZA GRUPPO FATTURAZIONE
PA	PA-1632	PA SEZIONE UAM MOVIMENTI UAM UTENZA GRUPPO FATTURAZIONE
PA	PA-1633	PA SEZIONE UAM MOVIMENTI UAM APERTURE ELENCO PUNTI VENDITA UTENZA GRUPPO FATTURAZIONE
PA	PA-1634	PA SEZIONE UAM MOVIMENTI UAM SELEZIONA DATA DA UTENZA GRUPPO FATTURAZIONE
PA	PA-1635	PA SEZIONE UAM MOVIMENTI UAM SELEZIONA DATA A UTENZA GRUPPO FATTURAZIONE
PA	PA-1636	PA SEZIONE UAM MOVIMENTI UAM RICERCA PER SOLO LOCALE UTENZA GRUPPO FATTURAZIONE
PA	PA-1637	PA SEZIONE UAM MOVIMENTI UAM RICERCA PER SOLO DATA UTENZA GRUPPO FATTURAZIONE
PA	PA-1638	PA SEZIONE UAM MOVIMENTI UAM RICERCA PER DATA E LOCALE ENTRO LIMITE TEMPORALE UTENZA GRUPPO FATTURAZIONE
PA	PA-1639	PA SEZIONE UAM MOVIMENTI UAM RICERCA PER DATA E LOCALE OLTRE LIMITE TEMPORALE UTENZA GRUPPO FATTURAZIONE
PA	PA-1640	PA SEZIONE UAM MOVIMENTI UAM RICERCA SINGOLA TRANSAZIONE UTENZA GRUPPO FATTURAZIONE
PA	PA-1641	PA SEZIONE UAM MOVIMENTI UAM RICERCA MULTIPLE TRANSAZIONI UTENZA GRUPPO FATTURAZIONE
PA	PA-1642	PA SEZIONE UAM MOVIMENTI UAM RICERCA NESSUNA TRANSAZIONE UTENZA GRUPPO FATTURAZIONE
PA	PA-1643	PA SEZIONE UAM MOVIMENTI UAM EXPORT EXCEL SINGOLA TRANSAZIONE UTENZA GRUPPO FATTURAZIONE
PA	PA-1644	PA SEZIONE UAM MOVIMENTI UAM EXPORT EXCEL PIU TRANSAZIONI UTENZA GRUPPO FATTURAZIONE
PA	PA-1646	PA SEZIONE UAM UTENZA PARTITA IVA
PA	PA-1647	PA SEZIONE UAM ESTRATTO CONTO UAM UTENZA PARTITA IVA
PA	PA-1648	PA SEZIONE UAM ESTRATTO CONTO UAM APERTURE ELENCO PUNTI VENDITA UTENZA PARTITA IVA
PA	PA-1649	PA SEZIONE UAM ESTRATTO CONTO UAM APERTURA LABLE ANNO UTENZA PARTITA IVA
PA	PA-1650	PA SEZIONE UAM ESTRATTO CONTO UAM RICERCA PER SOLO LOCALE UTENZA PARTITA IVA
PA	PA-1651	PA SEZIONE UAM ESTRATTO CONTO UAM RICERCA PER SOLO ANNO UTENZA PARTITA IVA
PA	PA-1652	PA SEZIONE UAM ESTRATTO CONTO UAM RICERCA PER LOCALE ED ANNO UTENZA PARTITA IVA
PA	PA-1653	PA SEZIONE UAM ESTRATTO CONTO UAM RECUPERO SINGOLO DOCUMENTO UTENZA PARTITA IVA
PA	PA-1654	PA SEZIONE UAM ESTRATTO CONTO UAM RECUPERO MULTIPLI DOCUMENTI UTENZA PARTITA IVA
PA	PA-1655	PA SEZIONE UAM ESTRATTO CONTO UAM RECUPERO NESSUN DOCUMENTO UTENZA PARTITA IVA
PA	PA-1656	PA SEZIONE UAM ESTRATTO CONTO UAM SCARICA DOCUMENTO UTENZA PARTITA IVA
PA	PA-1657	PA SEZIONE UAM MOVIMENTI UAM UTENZA PARTITA IVA
PA	PA-1658	PA SEZIONE UAM MOVIMENTI UAM APERTURE ELENCO PUNTI VENDITA UTENZA PARTITA IVA
PA	PA-1659	PA SEZIONE UAM MOVIMENTI UAM SELEZIONA DATA DA UTENZA PARTITA IVA
PA	PA-1660	PA SEZIONE UAM MOVIMENTI UAM SELEZIONA DATA A UTENZA PARTITA IVA
PA	PA-1661	PA SEZIONE UAM MOVIMENTI UAM RICERCA PER SOLO LOCALE UTENZA PARTITA IVA
PA	PA-1662	PA SEZIONE UAM MOVIMENTI UAM RICERCA PER SOLO DATA UTENZA PARTITA IVA
PA	PA-1663	PA SEZIONE UAM MOVIMENTI UAM RICERCA PER DATA E LOCALE ENTRO LIMITE TEMPORALE UTENZA PARTITA IVA
PA	PA-1664	PA SEZIONE UAM MOVIMENTI UAM RICERCA PER DATA E LOCALE OLTRE LIMITE TEMPORALE UTENZA PARTITA IVA
PA	PA-1665	PA SEZIONE UAM MOVIMENTI UAM RICERCA SINGOLA TRANSAZIONE UTENZA PARTITA IVA
PA	PA-1666	PA SEZIONE UAM MOVIMENTI UAM RICERCA MULTIPLE TRANSAZIONI UTENZA PARTITA IVA
PA	PA-1667	PA SEZIONE UAM MOVIMENTI UAM RICERCA NESSUNA TRANSAZIONE UTENZA PARTITA IVA
PA	PA-1668	PA SEZIONE UAM MOVIMENTI UAM EXPORT EXCEL SINGOLA TRANSAZIONE UTENZA PARTITA IVA
PA	PA-1669	PA SEZIONE UAM MOVIMENTI UAM EXPORT EXCEL PIU TRANSAZIONI UTENZA PARTITA IVA
PA	PA-1677	PORTALE AFFILIATI TRANSAZIONI ELETTRONICHE REPORT DELTA TEMPORALE TRANSAZIONI UAM OK
PA	PA-1678	PORTALE AFFILIATI TRANSAZIONI ELETTRONICHE REPORT DELTA TEMPORALE DATA PREFATTURA TRANSAZIONI UAM OK
PA	PA-1679	PORTALE AFFILIATI TRANSAZIONI ELETTRONICHE REPORT DELTA TEMPORALE TRANSAZIONI UAM KO
PA	PA-1680	PORTALE AFFILIATI TRANSAZIONI ELETTRONICHE REPORT DELTA TEMPORALE TRANSAZIONI UAM REFUND
PA	PA-1681	PORTALE AFFILIATI TRANSAZIONI ELETTRONICHE REPORT DELTA TEMPORALE TRANSAZIONI ELETTRONICHE
PA	PA-1682	PORTALE AFFILIATI TRANSAZIONI ELETTRONICHE REPORT DELTA TEMPORALE DATA PREFATTURA TRANSAZIONI ELETTRONICHE
PA	PA-1683	PORTALE AFFILIATI TRANSAZIONI ELETTRONICHE CHECK INVIO E MAIL UNES TRANSAZIONI UAM OK
PA	PA-1684	PORTALE AFFILIATI TRANSAZIONI ELETTRONICHE CHECK INVIO E MAIL E DEPOSITO PRODELCO TRANSAZIONI UAM OK
PA	PA-1685	PORTALE AFFILIATI TRANSAZIONI ELETTRONICHE CHECK INVIO E MAIL UNES TRANSAZIONI TR
PA	PA-1686	PORTALE AFFILIATI TRANSAZIONI ELETTRONICHE CHECK INVIO E MAIL E DEPOSITO PRODELCO TRANSAZIONI TR
PA	PA-1693	PA I TUOI PUNTI VENDITA CONDIZIONI ECONOMICHE CONTRATTO FOOD STANDARD 45GG
PA	PA-1694	PA I TUOI PUNTI VENDITA CONDIZIONI ECONOMICHE CONTRATTO FOOD 60GG
PA	PA-1695	PA I TUOI PUNTI VENDITA CONDIZIONI ECONOMICHE CONTRATTO FOOD FLY15 ABBONAMENTO
PA	PA-1696	PA I TUOI PUNTI VENDITA CONDIZIONI ECONOMICHE CONTRATTO FOOD FLY2 ABBONAMENTO
PA	PA-1697	PA I TUOI PUNTI VENDITA CONDIZIONI ECONOMICHE CONTRATTO CANTEEN STANDARD 45GG
PA	PA-1698	PA I TUOI PUNTI VENDITA CONDIZIONI ECONOMICHE CONTRATTO CANTEEN 60GG
PA	PA-1699	PA I TUOI PUNTI VENDITA CONDIZIONI ECONOMICHE CONTRATTO CANTEEN FLY ABBONAMENTO
PA	PA-1700	PA I TUOI PUNTI VENDITA CONDIZIONI ECONOMICHE CONTRATTO COMPLIMENTS STANDARD
PA	PA-1701	PA I TUOI PUNTI VENDITA CONDIZIONI ECONOMICHE CONTRATTO COMPLIMENTS FLY ABBONAMENTO
PA	PA-1702	PA I TUOI PUNTI VENDITA CONDIZIONI ECONOMICHE CONTRATTO TICKET WELFARE STANDARD
PA	PA-1703	PA I TUOI PUNTI VENDITA CONDIZIONI ECONOMICHE CONTRATTO TICKET WELFARE FLY ABBONAMENTO
PA	PA-1704	PA I TUOI PUNTI VENDITA CONDIZIONI ECONOMICHE CONTRATTO TICKET SERVICE STANDARD
PA	PA-1705	PA I TUOI PUNTI VENDITA CONDIZIONI ECONOMICHE CONTRATTO TICKET SERVICE FLY ABBONAMENTO
PA	PA-1706	PA I TUOI PUNTI VENDITA CONDIZIONI ECONOMICHE CONTRATTO FOOD STANDARD 45GG EXPORT EXCEL
PA	PA-1707	PA I TUOI PUNTI VENDITA CONDIZIONI ECONOMICHE CONTRATTO FOOD 60GG EXPORT EXCEL
PA	PA-1708	PA I TUOI PUNTI VENDITA CONDIZIONI ECONOMICHE CONTRATTO FOOD FLY15 ABBONAMENTO EXPORT EXCEL
PA	PA-1709	PA I TUOI PUNTI VENDITA CONDIZIONI ECONOMICHE CONTRATTO FOOD FLY2 ABBONAMENTO EXPORT EXCEL
PA	PA-1710	PA I TUOI PUNTI VENDITA CONDIZIONI ECONOMICHE CONTRATTO CANTEEN STANDARD 45GG EXPORT EXCEL
PA	PA-1711	PA I TUOI PUNTI VENDITA CONDIZIONI ECONOMICHE CONTRATTO CANTEEN 60GG EXPORT EXCEL
PA	PA-1712	PA I TUOI PUNTI VENDITA CONDIZIONI ECONOMICHE CONTRATTO CANTEEN FLY ABBONAMENTO EXPORT EXCEL
PA	PA-1713	PA I TUOI PUNTI VENDITA CONDIZIONI ECONOMICHE CONTRATTO COMPLIMENTS STANDARD EXPORT EXCEL
PA	PA-1714	PA I TUOI PUNTI VENDITA CONDIZIONI ECONOMICHE CONTRATTO COMPLIMENTS FLY ABBONAMENTO EXPORT EXCEL
PA	PA-1715	PA I TUOI PUNTI VENDITA CONDIZIONI ECONOMICHE CONTRATTO TICKET WELFARE STANDARD EXPORT EXCEL
PA	PA-1716	PA I TUOI PUNTI VENDITA CONDIZIONI ECONOMICHE CONTRATTO TICKET WELFARE FLY ABBONAMENTO EXPORT EXCEL
PA	PA-1717	PA I TUOI PUNTI VENDITA CONDIZIONI ECONOMICHE CONTRATTO TICKET SERVICE STANDARD EXPORT EXCEL
PA	PA-1718	PA I TUOI PUNTI VENDITA CONDIZIONI ECONOMICHE CONTRATTO TICKET SERVICE FLY ABBONAMENTO EXPORT EXCEL
PA	PA-1732	PA LA TUA SITUAZIONE CONTABILE DOCUMENTO PAGATO UTENZA GRUPPO FATTURAZIONE
PA	PA-1733	PA LA TUA SITUAZIONE CONTABILE DOCUMENTO DA PAGARE UTENZA GRUPPO FATTURAZIONE
PA	PA-1734	PA LA TUA SITUAZIONE CONTABILE DOCUMENTO PAGATO CON NOTIFICA UTENZA GRUPPO FATTURAZIONE
PA	PA-1735	PA LA TUA SITUAZIONE CONTABILE DOCUMENTO BLOCCATO UTENZA GRUPPO FATTURAZIONE
PA	PA-1736	PA LA TUA SITUAZIONE CONTABILE DOCUMENTO PAGATO CASO ANOMALIA UTENZA GRUPPO FATTURAZIONE
PA	PA-1737	PA LA TUA SITUAZIONE CONTABILE DOCUMENTO PAGATO UTENZA PARTITA IVA
PA	PA-1738	PA LA TUA SITUAZIONE CONTABILE DOCUMENTO DA PAGARE UTENZA PARTITA IVA
PA	PA-1739	PA LA TUA SITUAZIONE CONTABILE DOCUMENTO PAGATO CON NOTIFICA UTENZA PARTITA IVA
PA	PA-1740	PA LA TUA SITUAZIONE CONTABILE DOCUMENTO BLOCCATO UTENZA PARTITA IVA
PA	PA-1741	PA LA TUA SITUAZIONE CONTABILE DOCUMENTO PAGATO CASO ANOMALIA UTENZA PARTITA IVA
PA	PA-1750	PA I TUOI PUNTI VENDITA CONDIZIONI ECONOMICHE CONDIZIONI PARTICOLARI EXCEL SERVIZI FOOD
PA	PA-1751	PA I TUOI PUNTI VENDITA CONDIZIONI ECONOMICHE CONDIZIONI PARTICOLARI EXCEL SERVIZI CANTEEN
PA	PA-1752	PA I TUOI PUNTI VENDITA CONDIZIONI ECONOMICHE CONDIZIONI PARTICOLARI EXCEL SERVIZI COMPLIMENTS
PA	PA-1753	PA I TUOI PUNTI VENDITA CONDIZIONI ECONOMICHE CONDIZIONI PARTICOLARI EXCEL SERVIZI TICKET WELFARE
PA	PA-1754	PA I TUOI PUNTI VENDITA CONDIZIONI ECONOMICHE CONDIZIONI PARTICOLARI EXCEL SERVIZI TICKET SERVICE
PA	PA-1755	PA I TUOI PUNTI VENDITA CONDIZIONI ECONOMICHE PRODOTTI STANDARD EXCEL SERVIZI FOOD
PA	PA-1756	PA I TUOI PUNTI VENDITA CONDIZIONI ECONOMICHE PRODOTTI STANDARD EXCEL SERVIZI CANTEEN
PA	PA-1757	PA I TUOI PUNTI VENDITA CONDIZIONI ECONOMICHE PRODOTTI STANDARD EXCEL SERVIZI COMPLIMENTS
PA	PA-1758	PA I TUOI PUNTI VENDITA CONDIZIONI ECONOMICHE PRODOTTI STANDARD EXCEL SERVIZI TICKET WELFARE
PA	PA-1759	PA I TUOI PUNTI VENDITA CONDIZIONI ECONOMICHE PRODOTTI STANDARD EXCEL SERVIZI TICKET SERVICE
PA	PA-1771	PORTALE AFFILIATI TRANSAZIONI ELETTRONICHE REPORT DELTA TEMPORALE TRANSAZIONI UAM COMMISSIONE COMPLEMENTARY NULL
PA	PA-1772	PORTALE AFFILIATI TRANSAZIONI ELETTRONICHE REPORT DELTA TEMPORALE DATA PREFATTURA TRANSAZIONI UAM COMMISSIONE COMPLEMENTARY NULL
PA	PA-1783	PORTALE AFFILIATI GESTIONE ORDINI E COMMERCE RICERCA APPENA SI ATTERRA SULLA PAGINA CON RISULTATI UTENZA LOCALE
PA	PA-1784	PORTALE AFFILIATI GESTIONE ORDINI E COMMERCE RICERCA TRAMITE VALORIZZAZIONE PERIODO CON RISULTATI UTENZA LOCALE
PA	PA-1785	PORTALE AFFILIATI GESTIONE ORDINI E COMMERCE RICERCA TRAMITE VALORIZZAZIONE PERIODO SENZA RISULTATI UTENZA LOCALE
PA	PA-1786	PORTALE AFFILIATI GESTIONE ORDINI E COMMERCE RICERCA APPENA SI ATTERRA SULLA PAGINA SENZA RISULTATI UTENZA LOCALE
PA	PA-1787	PORTALE AFFILIATI GESTIONE ORDINI E COMMERCE RICERCA APPENA SI ATTERRA SULLA PAGINA CON RISULTATI UTENZA GRUPPO FATTURAZIONE
PA	PA-1788	PORTALE AFFILIATI GESTIONE ORDINI E COMMERCE RICERCA TRAMITE VALORIZZAZIONE PERIODO CON RISULTATI UTENZA GRUPPO FATTURAZIONE
PA	PA-1789	PORTALE AFFILIATI GESTIONE ORDINI E COMMERCE RICERCA TRAMITE VALORIZZAZIONE PERIODO SENZA RISULTATI UTENZA GRUPPO FATTURAZIONE
PA	PA-1790	PORTALE AFFILIATI GESTIONE ORDINI E COMMERCE RICERCA APPENA SI ATTERRA SULLA PAGINA SENZA RISULTATI UTENZA GRUPPO FATTURAZIONE
PA	PA-1798	PA SEZIONE UAM MOVIMENTI UAM RICERCA AVVISO DI BONIFICO ITALIA UTENZA LOCALE
PA	PA-1799	PA SEZIONE UAM MOVIMENTI UAM RICERCA AVVISO DI BONIFICO ITALIA EXPORT UTENZA LOCALE
PA	PA-1800	PA SEZIONE UAM MOVIMENTI UAM RICERCA AVVISO DI BONIFICO ITALIA DOWNLOAD BONIFICO UTENZA LOCALE
PA	PA-1801	PA SEZIONE UAM MOVIMENTI UAM RICERCA AVVISO DI BONIFICO ITALIA UTENZA GRUPPO FATTURAZIONE
PA	PA-1802	PA SEZIONE UAM MOVIMENTI UAM RICERCA AVVISO DI BONIFICO ITALIA EXPORT UTENZA GRUPPO FATTURAZIONE
PA	PA-1803	PA SEZIONE UAM MOVIMENTI UAM RICERCA AVVISO DI BONIFICO ITALIA DOWNLOAD BONIFICO UTENZA GRUPPO FATTURAZIONE
PA	PA-1804	PA SEZIONE UAM MOVIMENTI UAM RICERCA AVVISO DI BONIFICO ITALIA UTENZA PARTITA IVA
PA	PA-1805	PA SEZIONE UAM MOVIMENTI UAM RICERCA AVVISO DI BONIFICO ITALIA EXPORT UTENZA PARTITA IVA
PA	PA-1806	PA SEZIONE UAM MOVIMENTI UAM RICERCA AVVISO DI BONIFICO ITALIA DOWNLOAD BONIFICO UTENZA PARTITA IVA
PA	PA-1807	PA SEZIONE UAM MOVIMENTI UAM RICERCA AVVISO DI BONIFICO SEPA UTENZA LOCALE
PA	PA-1808	PA SEZIONE UAM MOVIMENTI UAM RICERCA AVVISO DI BONIFICO SEPA EXPORT UTENZA LOCALE
PA	PA-1809	PA SEZIONE UAM MOVIMENTI UAM RICERCA AVVISO DI BONIFICO SEPA DOWNLOAD BONIFICO UTENZA LOCALE
PA	PA-1810	PA SEZIONE UAM MOVIMENTI UAM RICERCA AVVISO DI BONIFICO SEPA UTENZA GRUPPO FATTURAZIONE
PA	PA-1811	PA SEZIONE UAM MOVIMENTI UAM RICERCA AVVISO DI BONIFICO SEPA EXPORT UTENZA GRUPPO FATTURAZIONE
PA	PA-1812	PA SEZIONE UAM MOVIMENTI UAM RICERCA AVVISO DI BONIFICO SEPA DOWNLOAD BONIFICO UTENZA GRUPPO FATTURAZIONE
PA	PA-1813	PA SEZIONE UAM MOVIMENTI UAM RICERCA AVVISO DI BONIFICO SEPA UTENZA PARTITA IVA
PA	PA-1814	PA SEZIONE UAM MOVIMENTI UAM RICERCA AVVISO DI BONIFICO SEPA EXPORT UTENZA PARTITA IVA
PA	PA-1815	PA SEZIONE UAM MOVIMENTI UAM RICERCA AVVISO DI BONIFICO SEPA DOWNLOAD BONIFICO UTENZA PARTITA IVA
PA	PA-1816	PA SEZIONE UAM MOVIMENTI UAM RICERCA AVVISO DI BONIFICO EXTRASEPA UTENZA LOCALE
PA	PA-1817	PA SEZIONE UAM MOVIMENTI UAM RICERCA AVVISO DI BONIFICO EXTRASEPA EXPORT UTENZA LOCALE
PA	PA-1818	PA SEZIONE UAM MOVIMENTI UAM RICERCA AVVISO DI BONIFICO EXTRASEPA DOWNLOAD BONIFICO UTENZA LOCALE
PA	PA-1819	PA SEZIONE UAM MOVIMENTI UAM RICERCA AVVISO DI BONIFICO EXTRASEPA UTENZA GRUPPO FATTURAZIONE
PA	PA-1820	PA SEZIONE UAM MOVIMENTI UAM RICERCA AVVISO DI BONIFICO EXTRASEPA EXPORT UTENZA GRUPPO FATTURAZIONE
PA	PA-1821	PA SEZIONE UAM MOVIMENTI UAM RICERCA AVVISO DI BONIFICO EXTRASEPA DOWNLOAD BONIFICO UTENZA GRUPPO FATTURAZIONE
PA	PA-1822	PA SEZIONE UAM MOVIMENTI UAM RICERCA AVVISO DI BONIFICO EXTRASEPA UTENZA PARTITA IVA
PA	PA-1823	PA SEZIONE UAM MOVIMENTI UAM RICERCA AVVISO DI BONIFICO EXTRASEPA EXPORT UTENZA PARTITA IVA
PA	PA-1824	PA SEZIONE UAM MOVIMENTI UAM RICERCA AVVISO DI BONIFICO EXTRASEPA DOWNLOAD BONIFICO UTENZA PARTITA IVA
PA	PA-1833	PORTALE BACKOFFICE IMPERSONA UTENZA CON PRIMO LOGIN SU PA E PRODOTTO UAM UTENZA LOCALE
PA	PA-1834	PORTALE BACKOFFICE IMPERSONA UTENZA SENZA PRIMO LOGIN SU PA E PRODOTTO UAM UTENZA LOCALE
PA	PA-1835	PORTALE BACKOFFICE IMPERSONA UTENZA CON PRIMO LOGIN SU PA E PRODOTTO WELFARE UTENZA LOCALE
PA	PA-1836	PORTALE BACKOFFICE IMPERSONA UTENZA SENZA PRIMO LOGIN SU PA E PRODOTTO WELFARE UTENZA LOCALE
PA	PA-1837	PORTALE BACKOFFICE IMPERSONA UTENZA CON PRIMO LOGIN SU PA E PRODOTTO UAM UTENZA GRUPPO FATTURAZIONE
PA	PA-1838	PORTALE BACKOFFICE IMPERSONA UTENZA SENZA PRIMO LOGIN SU PA E PRODOTTO UAM UTENZA GRUPPO FATTURAZIONE
PA	PA-1839	PORTALE BACKOFFICE IMPERSONA UTENZA CON PRIMO LOGIN SU PA E PRODOTTO WELFARE UTENZA GRUPPO FATTURAZIONE
PA	PA-1840	PORTALE BACKOFFICE IMPERSONA UTENZA SENZA PRIMO LOGIN SU PA E PRODOTTO WELFARE UTENZA GRUPPO FATTURAZIONE
PA	PA-1841	PORTALE BACKOFFICE IMPERSONA UTENZA CON PRIMO LOGIN SU PA E PRODOTTO UAM UTENZA PARTITA IVA
PA	PA-1842	PORTALE BACKOFFICE IMPERSONA UTENZA SENZA PRIMO LOGIN SU PA E PRODOTTO UAM UTENZA PARTITA IVA
PA	PA-1843	PORTALE BACKOFFICE IMPERSONA UTENZA CON PRIMO LOGIN SU PA E PRODOTTO WELFARE UTENZA PARTITA IVA
PA	PA-1844	PORTALE BACKOFFICE IMPERSONA UTENZA SENZA PRIMO LOGIN SU PA E PRODOTTO WELFARE UTENZA PARTITA IVA
PA	PA-1845	PORTALE AFFILIATI UTENZA CON PRIMO LOGIN SU PA E PRODOTTO UAM UTENZA LOCALE
PA	PA-1846	PORTALE AFFILIATI UTENZA CON PRIMO LOGIN SU PA E PRODOTTO WELFARE UTENZA LOCALE
PA	PA-1847	PORTALE AFFILIATI UTENZA CON PRIMO LOGIN SU PA E PRODOTTO UAM UTENZA GRUPPO FATTURAZIONE
PA	PA-1848	PORTALE AFFILIATI UTENZA CON PRIMO LOGIN SU PA E PRODOTTO WELFARE UTENZA GRUPPO FATTURAZIONE
PA	PA-1849	PORTALE AFFILIATI UTENZA CON PRIMO LOGIN SU PA E PRODOTTO UAM UTENZA PARTITA IVA
PA	PA-1850	PORTALE AFFILIATI UTENZA CON PRIMO LOGIN SU PA E PRODOTTO WELFARE UTENZA PARTITA IVA
PA	PA-1851	PORTALE BACKOFFICE IMPERSONA UTENZA CON PRIMO LOGIN SU PA E PRODOTTO COMPLIMENTS UTENZA LOCALE
PA	PA-1852	PORTALE AFFILIATI UTENZA CON PRIMO LOGIN SU PA E PRODOTTO COMPLIMENTS UTENZA LOCALE
PA	PA-1865	TEST 1 WALLETLIST ELENCO WALLET PER BENEFICIARIO
PA	PA-1866	TEST 2 TRANSACTIONLISTAPPEDENRED LISTA TRANSAZIONI WALLET APP EDENRED
PA	PA-1874	TC 01 SP LISTA TRANSAZIONI WALLET PORTALE BENEFICIARI
PA	PA-1875	TC 02 SP ELENCO WALLET PER BENEFICIARIO PORTALE BENEFICIARI
PA	PA-1876	TC 03 NR SP LISTA TRANSAZIONI WALLET APP EDENRED APP EDNRED
PA	PA-1877	TC 04 NR SP ELENCO WALLET PER BENEFICIARIO APP EDENRED
PA	PA-1887	PORTALE AFFILIATI TRANSAZIONI SCONTIPOSTE
PA	PA-1888	LANCIO NRT AUTOMATICI
PA	PA-1914	01 ESTRAZIONE REPORT PREFATTURE NRT VERIFICARE CHE IL RISULTATO DELLE NUOVE QUERY NON CAMBI RISPETTO ALLA VERSIONE AS IS E TEST SPECIFICO SUL CASO LIMITE P IVA CON +1000 LOCALI
PA	PA-1915	02 ESTRAZIONE REPORT PREFATTURE VERIFICA PULIZIA TABELLA DI APPOGGIO
PA	PA-1916	03 ESTRAZIONE REPORT PREFATTURE VERIFICARE CHE I TEMPI DI ESECUZIONE RESTINO RAGIONEVOLI NESSUN DEGRADO PRESTAZIONALE ANOMALO RISPETTO ALLE ALTRE PARTITE IVA
PA	PA-1921	02 ESTRAZIONE REPORT PREFATTURE TEST DEDICATO PA 1691 INVIO A PARTITA IVA SBAGLIATA
PA	PA-1922	03 ESTRAZIONE REPORT PREFATTURE VERIFICA PULIZIA TABELLA DI APPOGGIO
PA	PA-1927	PORTALE AFFILIATI LOG IN
PA	PA-1928	PORTALE AFFILIATI APPARIZIONE E CHIUSURA BANNER
PA	PA-1929	PORTALE AFFILIATI LA TUA AZIENDA DATI FATTURAZIONE
PA	PA-1930	PORTALE AFFILIATI LA TUA AZIENDA DATI FATTURAZIONE MODIFICA DATI ED INVIO
PA	PA-1931	PORTALE AFFILIATI LA TUA AZIENDA I TUOI RIFERIMENTI
PA	PA-1932	PORTALE AFFILIATI LA TUA AZIENDA I TUOI RIFERIMENTI AGGIUNGI REFERENTE
PA	PA-1933	PORTALE AFFILIATI LA TUA AZIENDA I TUOI RIFERIMENTI RIMUOVI REFERENTE
PA	PA-1934	PORTALE AFFILIATI LA TUA AZIENDA I TUOI CONTRATTI
PA	PA-1935	PORTALE AFFILIATI LA TUA AZIENDA I TUOI CONTRATTI DOWNLOAD CONTRATTO
PA	PA-1936	PORTALE AFFILIATI LA TUA AZIENDA COORDINATE BANCARIE
PA	PA-1937	PORTALE AFFILIATI LA TUA AZIENDA COORDINATE BANCARIE SCARICA MODULO
PA	PA-1938	PORTALE AFFILIATI LA TUA AZIENDA MODIFICA PASSWORD
PA	PA-1939	PORTALE AFFILIATI LA TUA AZIENDA MODIFICA PASSWORD IMPOSTA NUOVA PASSWORD
PA	PA-1940	PORTALE AFFILIATI LA TUA AZIENDA ANAGRAFICA
PA	PA-1941	PORTALE AFFILIATI LA TUA AZIENDA ANAGRAFICA INVIA DATI
PA	PA-1942	PORTALE AFFILIATI I TUOI PUNTI VENDITA ELENCO PUNTO VENDITA
PA	PA-1943	PORTALE AFFILIATI I TUOI PUNTI VENDITA SPECIFICHE PUNTO VENDITA
PA	PA-1944	PORTALE AFFILIATI I TUOI PUNTI VENDITA SPECIFICHE PUNTO VENDITA MODIFICA SPECIFICA PUNTO VENDITA
PA	PA-1945	PORTALE AFFILIATI I TUOI PUNTI VENDITA SPECIFICHE PUNTO VENDITA MODIFICA INDIRIZZO
PA	PA-1946	PORTALE AFFILIATI I TUOI PUNTI VENDITA SPECIFICHE PUNTO VENDITA MODIFICA LICENZA
PA	PA-1947	PORTALE AFFILIATI I TUOI PUNTI VENDITA SPECIFICHE PUNTO VENDITA RICHIEDI CHIUSURA
PA	PA-1948	PORTALE AFFILIATI I TUOI PUNTI VENDITA SPECIFICHE PUNTO VENDITA I TUOI RIFERIMENTI
PA	PA-1949	PORTALE AFFILIATI I TUOI PUNTI VENDITA SPECIFICHE PUNTO VENDITA MODIFICA I TUOI RIFERIMENTI
PA	PA-1950	PORTALE AFFILIATI I TUOI PUNTI VENDITA SPECIFICHE PUNTO VENDITA ORARI DI APERTURA FERIE
PA	PA-1951	PORTALE AFFILIATI I TUOI PUNTI VENDITA SPECIFICHE PUNTO VENDITA ORARI DI APERTURA FERIE INSERIMENTO GIORNO DI APERTURA
PA	PA-1952	PORTALE AFFILIATI I TUOI PUNTI VENDITA SPECIFICHE PUNTO VENDITA ORARI DI APERTURA FERIE RIMOZIONE GIORNO DI APERTURA
PA	PA-1953	PORTALE AFFILIATI I TUOI PUNTI VENDITA SPECIFICHE PUNTO VENDITA ORARI DI APERTURA FERIE INSERIMENTO GIORNO DI FERIE
PA	PA-1954	PORTALE AFFILIATI I TUOI PUNTI VENDITA SPECIFICHE PUNTO VENDITA ORARI DI APERTURA FERIE RIMOZIONE GIORNO DI FERIE
PA	PA-1955	PORTALE AFFILIATI I TUOI PUNTI VENDITA RICHIESTA NUOVA APERTURA
PA	PA-1956	PORTALE AFFILIATI I TUOI PUNTI VENDITA RICHIESTA NUOVA APERTURA INSERIMENTO RICHIESTA DI NUOVA APERTURA
PA	PA-1957	PORTALE AFFILIATI I TUOI PUNTI VENDITA CONVENZIONI ATTIVE
PA	PA-1958	PORTALE AFFILIATI I TUOI PUNTI VENDITA CONDIZIONI ECONOMICHE
PA	PA-1959	PORTALE AFFILIATI I TUOI PUNTI VENDITA CONDIZIONI ECONOMICHE PRODOTTI STANDARD SCARICA EXCEL
PA	PA-1960	PORTALE AFFILIATI I TUOI PUNTI VENDITA CONDIZIONI ECONOMICHE CONDIZIONI PARTICOLARI SCARICA EXCEL
PA	PA-1961	PORTALE AFFILIATI LE OPPORTUNITA PER TE
PA	PA-1962	PORTALE AFFILIATI LE OPPORTUNITA PER TE CLICK SU OPPORTUNITA
PA	PA-1963	PORTALE AFFILIATI LA TUA SITUAZIONE CONTABILE
PA	PA-1964	PORTALE AFFILIATI LA TUA SITUAZIONE CONTABILE RECUPERO DOCUMENTI
PA	PA-1965	PORTALE AFFILIATI LA TUA SITUAZIONE CONTABILE DOWNLOAD DOCUMENTI
PA	PA-1966	PORTALE AFFILIATI LA TUA SITUAZIONE CONTABILE SCARICO MOVIMENTI
PA	PA-1967	PORTALE AFFILIATI RICHIEDI RIMBORSI BUONI CARTACEI
PA	PA-1968	PORTALE AFFILIATI RICHIEDI RIMBORSI PREFATTURE
PA	PA-1969	PORTALE AFFILIATI RICHIEDI RIMBORSI PREFATTURE CONFERMA PREFATTURE
PA	PA-1970	PORTALE AFFILIATI CONSULTA TRANSAZIONI DIGITALI TRANSAZIONI DEMATERIALIZZATE
PA	PA-1971	PORTALE AFFILIATI CONSULTA TRANSAZIONI DIGITALI TRANSAZIONI DEMATERIALIZZATE RICHIESTA REPORT TRANSAZONI DEMATERIALIZZATE
PA	PA-1972	PORTALE AFFILIATI CONSULTA TRANSAZIONI DIGITALI TRANSAZIONI ELETTRONICHE
PA	PA-1973	PORTALE AFFILIATI CONSULTA TRANSAZIONI DIGITALI TRANSAZIONI ELETTRONICHE RICHIESTA REPORT TRANSAZONI ELETTRONICHE
PA	PA-1974	PORTALE AFFILIATI CONSULTA TRANSAZIONI DIGITALI TRANSAZIONI EASYCHECKWEB
PA	PA-1975	PORTALE AFFILIATI CONSULTA TRANSAZIONI DIGITALI TRANSAZIONI EASYCHECKWEB RICHIESTA REPORT TRANSAZONI EASYCHECKWEB
PA	PA-1976	PORTALE AFFILIATI CONTROLLA BUONI NON VALIDI
PA	PA-1977	PORTALE AFFILIATI CONTROLLA BUONI NON VALIDI SCARICA EXCEL
PA	PA-1978	PORTALE AFFILIATI STATISTICHE RIMBORSI
PA	PA-1979	PORTALE AFFILIATI GUIDE AI SERVIZI DIGITALI SERVIZI DEMATERIALIZZATI
PA	PA-1980	PORTALE AFFILIATI GUIDE AI SERVIZI DIGITALI SERVIZI DEMATERIALIZZATI SCARICA LA GUIDA AI SERVIZI DEMATERIALIZZATI
PA	PA-1981	PORTALE AFFILIATI GUIDE AI SERVIZI DIGITALI SERVIZI ELETTRONICI
PA	PA-1982	PORTALE AFFILIATI GUIDE AI SERVIZI DIGITALI SERVIZI ELETTRONICI SCARICA LA GUIDA AI SERVIZI ELETTRONICI
PA	PA-1983	PORTALE AFFILIATI DOCUMENTI DISTINTE VERSAMENTO
PA	PA-1984	PORTALE AFFILIATI DOCUMENTI DISTINTE VERSAMENTO DOWNLOAD MODULO
PA	PA-1985	PORTALE AFFILIATI DOCUMENTI MODULI MANUALI E GUIDA ALLA COMPILAZIONE
PA	PA-1986	PORTALE AFFILIATI DOCUMENTI MODULI MANUALI E GUIDA ALLA COMPILAZIONE DOWNLOAD MODULO
PA	PA-1987	PORTALE AFFILIATI DOCUMENTI MATERIALE INFROMATIVO
PA	PA-1988	PORTALE AFFILIATI DOCUMENTI MATERIALE INFROMATIVO DOWNLOAD MODULO
PA	PA-1989	PORTALE AFFILIATI DOCUMENTI RICHIEDI MATERIALI
PA	PA-1990	PORTALE AFFILIATI DOCUMENTI RICHIEDI MATERIALI INVIA RICHIESTA
PA	PA-1991	PORTALE AFFILIATI CALENDARIO RIMBORSI
PA	PA-1992	PORTALE AFFILIATI CALENDARIO RIMBORSI DOWNLOAD MATERIALE
PA	PA-1993	PORTALE AFFILIATI COMUNICAZIONI GENERALI
PA	PA-1994	PORTALE AFFILIATI COMUNICAZIONI GENERALI DOWNLOAD MATERIALE
PA	PA-1995	PORTALE AFFILIATI COMUNICAZIONI CONTRATTUALI
PA	PA-1996	PORTALE AFFILIATI COMUNICAZIONI CONTRATTUALI DOWNLOAD MATERIALE
PA	PA-1997	PORTALE AFFILIATI EDENRED ONLINE ACADEMY
PA	PA-1998	PORTALE AFFILIATI EDENRED ONLINE ACADEMY RIPRODUZIONE CONTENUTO
PA	PA-1999	PORTALE AFFILIATI EASY CHECK WEB
PA	PA-2000	PORTALE AFFILIATI EASY CHECK WEB SPENDI O STORNA VOUCHER LEGGI BUONO
PA	PA-2001	PORTALE AFFILIATI EASY CHECK WEB SPENDI O STORNA VOUCHER LETTURA BUONO
PA	PA-2002	PORTALE AFFILIATI EASY CHECK WEB SPENDI O STORNA VOUCHER LETTURA BUONO "NO CONTRATTO NON RITIRARE"
PA	PA-2003	PORTALE AFFILIATI EASY CHECK WEB SPENDI O STORNA VOUCHER LETTURA BUONO "NON VALIDO NON RITIRARE!"
PA	PA-2004	PORTALE AFFILIATI EASY CHECK WEB SPENDI O STORNA VOUCHER LETTURA BUONO "SCADUTO NON RITIRARE!"
PA	PA-2005	PORTALE AFFILIATI EASY CHECK WEB SPENDI O STORNA VOUCHER STORNO BOUNO
PA	PA-2006	PORTALE AFFILIATI EASY CHECK WEB SPENDI O STORNA VOUCHER STORNO DI UN BUONO
PA	PA-2007	PORTALE AFFILIATI EASY CHECK WEB SPENDI O STORNA VOUCHER RIEPILOGO
PA	PA-2008	PORTALE AFFILIATI EASY CHECK WEB SPENDI O STORNA VOUCHER RIEPILOGO DOWNLOAD PDF
PA	PA-2009	PORTALE AFFILIATI EASY CHECK WEB SPENDI O STORNA VOUCHER RIEPILOGO DOWNLOAD EXCEL
PA	PA-2010	PORTALE AFFILIATI EASY CHECK WEB EC WEB GESTISCI CASSE
PA	PA-2011	PORTALE AFFILIATI EASY CHECK WEB EC WEB GESTISCI CASSE RECUPERA PASSWORD
PA	PA-2012	PORTALE AFFILIATI EASY CHECK WEB EC WEB GESTISCI CASSE CANCELLA CASSA
PA	PA-2013	PORTALE AFFILIATI EASY CHECK WEB EC WEB GESTISCI CASSE AGGIUNGI CASSE
PA	PA-2014	PORTALE AFFILIATI EASY CHECK WEB EC WEB CONFIGURA CASSE
PA	PA-2015	PORTALE AFFILIATI EASY CHECK WEB EC WEB CONFIGURA CASSE RICHIEDI CASSE
PA	PA-2016	PORTALE AFFILIATI ASSISTENZA
PA	PA-2017	PORTALE AFFILIATI ASSISTENZA SELEZIONE PRODOTTO
PA	PA-2018	PORTALE AFFILIATI ASSISTENZA SELEZIONE PRODOTTO DIGITA DOMANDA
PA	PA-2019	PORTALE AFFILIATI SCONTI POSTE DATI SCONTIPOSTE
PA	PA-2020	PORTALE AFFILIATI SCONTI POSTE DATI SCONTIPOSTE INFORMAZIONI IMPRESA
PA	PA-2021	PORTALE AFFILIATI SCONTI POSTE DATI SCONTIPOSTE LEGALE RAPPRESENTENTE
PA	PA-2022	PORTALE AFFILIATI SCONTI POSTE DATI SCONTIPOSTE NEGOZIO
PA	PA-2023	PORTALE AFFILIATI SCONTI POSTE TRANSAZIONI SCONTIPOSTE
PA	PA-2024	PORTALE AFFILIATI SCONTI POSTE TRANSAZIONI SCONTIPOSTE RICERCA
PA	PA-2025	PORTALE AFFILIATI SCONTI POSTE MOVIMENTI SCONTIPOSTE
PA	PA-2026	PORTALE AFFILIATI SCONTI POSTE MOVIMENTI SCONTIPOSTE RICERCA
PA	PA-2027	PORTALE AFFILIATI SUPERPRANZO
PA	PA-2028	PORTALE AFFILIATI SUPERPRANZO RENDICONTIZIONE
PA	PA-2029	PORTALE AFFILIATI SUPERPRANZO RENDICONTIZIONE RICERCA
PA	PA-2030	PORTALE AFFILIATI SUPERPRANZO ESTRATTO CONTO
PA	PA-2031	PORTALE AFFILIATI SUPERPRANZO ESTRATTO CONTO RICERCA
PA	PA-2032	PORTALE AFFILIATI TICKETSERVICE
PA	PA-2033	PORTALE AFFILIATI TICKETSERVICE PAGAMENTO CON CRS
PA	PA-2034	PORTALE AFFILIATI TICKETSERVICE PAGAMENTO CON CRS INSERIMENTO CODICE FISCALE
PA	PA-2035	PORTALE AFFILIATI TICKETSERVICE PAGAMENTO CON CRS RIEPILOGO
PA	PA-2036	PORTALE AFFILIATI TICKETSERVICE PAGAMENTO CON CRS RIEPILOGO DOWNLOAD PDF
PA	PA-2037	PORTALE AFFILIATI TICKETSERVICE PAGAMENTO CON CRS RIEPILOGO DOWNLOAD EXCEL
PA	PA-2038	PORTALE AFFILIATI TICKETSERVICE PAGAMENTO CON APP
PA	PA-2039	PORTALE AFFILIATI TICKETSERVICE PAGAMENTO CON APP INSERIMENTO CODICE NUMERICO
PA	PA-2040	PORTALE AFFILIATI TICKETSERVICE PAGAMENTO CON APP RIEPILOGO
PA	PA-2041	PORTALE AFFILIATI TICKETSERVICE PAGAMENTO CON APP RIEPILOGO DOWNLOAD PDF
PA	PA-2042	PORTALE AFFILIATI TICKETSERVICE PAGAMENTO CON APP RIEPILOGO DOWNLOAD EXCEL
PA	PA-2043	PORTALE AFFILIATI TICKETSERVICE NOTE DEBITO TICKET SERVICE
PA	PA-2044	PORTALE AFFILIATI TICKETSERVICE ESTRATTO CONTO CEDOLE
PA	PA-2045	PORTALE AFFILIATI TICKETSERVICE ESTRATTO CONTO CEDOLE RICERCA
PA	PA-2046	PORTALE AFFILIATI TICKETSERVICE ELENCO PRENOTAZIONI CEDOLE
PA	PA-2047	PORTALE AFFILIATI TICKETSERVICE ELENCO PRENOTAZIONI CEDOLE RICERCA
PA	PA-2048	PORTALE AFFILIATI TICKETSERVICE ELENCO PRENOTAZIONI CEDOLE DOWNLOAD EXCEL
PA	PA-2049	PA SEZIONE UAM
PA	PA-2050	PA SEZIONE UAM ESTRATTO CONTO UAM
PA	PA-2051	PA SEZIONE UAM ESTRATTO CONTO UAM APERTURE ELENCO PUNTI VENDITA
PA	PA-2052	PA SEZIONE UAM ESTRATTO CONTO UAM APERTURA LABLE ANNO
PA	PA-2053	PA SEZIONE UAM ESTRATTO CONTO UAM RICERCA PER SOLO LOCALE
PA	PA-2054	PA SEZIONE UAM ESTRATTO CONTO UAM RICERCA PER SOLO ANNO
PA	PA-2055	PA SEZIONE UAM ESTRATTO CONTO UAM RICERCA PER LOCALE ED ANNO
PA	PA-2056	PA SEZIONE UAM ESTRATTO CONTO UAM RECUPERO SINGOLO DOCUMENTO
PA	PA-2057	PA SEZIONE UAM ESTRATTO CONTO UAM RECUPERO NESSUN DOCUMENTO
PA	PA-2058	PA SEZIONE UAM ESTRATTO CONTO UAM SCARICA DOCUMENTO
PA	PA-2059	PA SEZIONE UAM MOVIMENTI UAM
PA	PA-2060	PA SEZIONE UAM MOVIMENTI UAM APERTURE ELENCO PUNTI VENDITA
PA	PA-2061	PA SEZIONE UAM MOVIMENTI UAM SELEZIONA DATA DA
PA	PA-2062	PA SEZIONE UAM MOVIMENTI UAM SELEZIONA DATA A
PA	PA-2063	PA SEZIONE UAM MOVIMENTI UAM RICERCA PER SOLO LOCALE
PA	PA-2064	PA SEZIONE UAM MOVIMENTI UAM RICERCA PER SOLO DATA
PA	PA-2065	PA SEZIONE UAM MOVIMENTI UAM RICERCA PER DATA E LOCALE ENTRO LIMITE TEMPORALE
PA	PA-2066	PA SEZIONE UAM MOVIMENTI UAM RICERCA SINGOLA TRANSAZIONE
PA	PA-2067	PA SEZIONE UAM MOVIMENTI UAM RICERCA MULTIPLE TRANSAZIONI
PA	PA-2068	PA SEZIONE UAM MOVIMENTI UAM RICERCA NESSUNA TRANSAZIONE
PA	PA-2069	PA SEZIONE UAM MOVIMENTI UAM EXPORT EXCEL SINGOLA TRANSAZIONE
PA	PA-2070	PA SEZIONE UAM MOVIMENTI UAM EXPORT EXCEL PIU TRANSAZIONI
