NUP	NUP-1532	32d5e8b352a7f0568cb2fba3bc5c523348fb9b5834a55b00a057f1073539612c
NUP	NUP-1533	b9b2b03c34707d4958e2f5d5216f7333207d8abe8e471e695b5b2c9c0239a57f
NUP	NUP-1540	a609a13942975b205e215818ab123917490348c5ce7da2574331e057cad94545
NUP	NUP-1546	7c0546c376ff93dff799e832b7fa978e9c78c4319cc49efbef3ce5dbb945f3e3
NUP	NUP-1547	98b457cc5a6db45cdba0b2fb6bec43cc3bce29f218292a9199574c6b3f2ea48d
NUP	NUP-1596	02db5201db5da104df76a16baf85a600f6edee6b1a58aa2324786477c9bdce1f
NUP	NUP-1597	d5cb059d7e393513d2047c387ecb9d20c0834b2fb34acd18b3d71bdeb7c25a3d
NUP	NUP-1598	3429109caa88ff29e28f82228edf11e6422302ff6082f798cab14b821e8965e5
NUP	NUP-1599	cc3f067fb6cce2ebf13f9eee6e5112d2b9ccaa85c9d734898e1064546e378c97
NUP	NUP-1600	f5c859830c84282da8a1d19a0a86b8477f415ccf02b320ca586c97ccbb4f3ea6
NUP	NUP-1601	fb44fd3063194b1ad9014ec0cd47c5c04e52dcb591040b927fcf889aa47ca21b
NUP	NUP-1602	d2a0ffaa45a203bb61213b5257a4de6ce7cdada24d53931a07d6d8cbcd74e415
NUP	NUP-1603	cc18e63a7f8069f017c8b3574b586bf275342edf5eed4e6fdbc2c83709fc7728
NUP	NUP-1604	7415bab7f276ceb09ca123dc44b3109a3903688cf4ebcf78d76896f6d9acafca
NUP	NUP-1605	89a59be20042720b570e08d1dbdd866ce183aed49dfeac0a9279cd1b68a28131
NUP	NUP-1606	8db1f8dce2c4155bd1bb9f05eecd275e9518184441fc6ade4bd211e4df5f67e7
NUP	NUP-1607	773c33e4c33e854b1aac49cd7a5108ed5525c07552403f35e21db8164dc3ae27
NUP	NUP-1608	6d044b3562bb99134f343ee31097550c11dad9d2ea7eb3f18304038ea676b020
NUP	NUP-1609	f0f3d977bcb5ebb06667f759e10937b20995bcd3237b745f07653802447de6ab
NUP	NUP-1610	40f39faccccc084839da98abf302896d4083674eebdece9d9905aab00a11684e
NUP	NUP-1611	60e20122335754e356bce45d6585139a9c876fe3af82f672d1af8ad1e531a87d
NUP	NUP-1612	c6826a8bae0be5c23c51c40c248ba97204b8cbd56ffcf4fed530a0186ce942cc
NUP	NUP-1613	9be034580ad05e4405bf248f2979388232b34346d5e8de466e7fac402038e72a
NUP	NUP-1618	467ad0bb339f32cb866d77928bf302e7223dd2cda17ab6c59171c1d4d64bdcac
NUP	NUP-1619	e89d252c2a9f2c2a70cbab9af8e3858382027b8d11fd453081abbb4ab6afe970
NUP	NUP-1620	f35f9f6bcc116ffcff8c468f5a47823946feeec5f0be4140ba6d875dd6f09e83
NUP	NUP-1621	fa6997e89bca99a30db1e38299e1f9dc8efe9ff752a2cdc04075f9e0dcd42154
NUP	NUP-1622	8c634aad5cbbba40dbdd5d16b9418fc8a1cc9dedf3c9ab4b25bb6e2be9b5bfba
NUP	NUP-1623	2a900cffd860c02dbaed00543bb7c7777e3c48d055ed53b71e41b26b4b777677
NUP	NUP-1624	6cb5f85199c3650cc66e7e4a19ad58cb8275a326402e1b895db6812b5099726d
NUP	NUP-1625	3eefeaec23a562806fed3492a9aee732e1406a29cf28d9e3e00d524eae6e17d8
NUP	NUP-1626	4832582aeadab09f14cb09800e02fe10c84b2aa27fd78eaa136a740400701b72
NUP	NUP-1627	0f4ad3804c9b70fe9cb125c691b6dc6bedae70c8d44a12a615c5d6eb72ccb6ff
NUP	NUP-1628	59751506a9ee4b3705258b2a958366955c68273dbb384fc55c6813bc580da2f0
NUP	NUP-1629	34af2b12e232edc46788c3425663a489b554cbb84c92b924c710a1692a765cee
NUP	NUP-1630	cb19ad15010dd861a9d37cde932cb7817db3222574ee0b74c16b6d888f5f95e8
NUP	NUP-1631	73a97a880218cc2130c0eb185fbab5f8138524a877fbff3526797756bf141b15
NUP	NUP-1632	fb9fa0aa544aeccf0062a09a75d8bd61fd04369e21e2f5d6d16ca160fea0cb15
NUP	NUP-1633	4f427c1c61a1293ca3ec9d286f0e18552ad97c59964b7fbe5f0f94bcc67296bf
NUP	NUP-1634	87045dfe9a539033b6ce6cbc39e270e77263ae438e01dd81c80a4773ceab6c22
NUP	NUP-1635	c734c70fbb2ec4a51eec97b41cb805a399b53561cda990f5f7919d35401b286a
NUP	NUP-1636	c90ddfaa604a881a5fe5069a0263e530f7d0ca8470708346ce78a9fb4b160067
NUP	NUP-1637	eace9d5ce8f2ae0ee29c7643241af281252f4c38a50e5ca5c1c73ba47c052101
NUP	NUP-1638	d491ef913dc352c68071801735a4257cfaeecba419759b2e5f654509bb1c2b21
NUP	NUP-1639	127c43f7cb00d8426b80f9dc286a3cf58932f98e93f88c9ebafc0247e15624c5
NUP	NUP-1640	98301edc63c6373d2009712030e85dbe7204b236394ef8a4a98aaa2efff40a80
NUP	NUP-1641	5b480bea06be01061f1c1d400b3aedecbc049bcb373332fea157ff6cf6c65156
NUP	NUP-1642	5b41b50811e6fb346ddff92ddd7b9bd1c3a45fbefaa079f242f489961a4dbb05
NUP	NUP-1643	7ddd12ecbeba8382255cd66140878523600b297de65394103b513ef03afc5475
NUP	NUP-1644	6867eb39d4617d7b3dfcda4333d220d2d29198663804fdc29103a0bb73fe7f02
NUP	NUP-1645	7b3814f2bb2c413b20228e9220028e72e581f0da4a095adbfc4ce84bfab4dbf3
NUP	NUP-1646	3633ae7119407531106adf2bf0f139987ed0b102efca675500432a899fd2bc5a
NUP	NUP-1647	208e1f39438b06baa2a8af0a684ba155850783000ca166db51a29ebc49dd7d09
NUP	NUP-1648	5775d41a9129938a2309e0196e159cfc3c8fd762703310a4962b5fab72be0dc9
NUP	NUP-1649	0c894dcfebd19610f47311f60bf43e67d896ee1d665f93516c8b6b1e2b3db05c
NUP	NUP-1650	9b60f49779846ca4c3a76b8ac40bcdd06d6439b73f45576170b8c4a5aa128f85
NUP	NUP-1651	18dee99d1e5796c5825040ab1b63ac950430b7300907401d6827daf63df85191
NUP	NUP-1652	29b7e4ead4b4a4c5a6ac7dd5ed1b8395368c147ed519ab34ed5eb3ea06809a39
NUP	NUP-1653	003104fc58692c8e80c40dbe2034eabe6718e5e9b72e98056d1a56510ff9b78b
NUP	NUP-1654	0d9c4f7ec8ba76d7077f89c20075ae3aaec90ba93f8470e46fd00ae8876aa9f0
NUP	NUP-1655	208ebf9380f19e27cfdc72eaac82f5d11f91f50b7c3c7f036be106d6bdf71210
NUP	NUP-1656	062ce24c6cc079960525f7dbf1cc565c5d2e4f77b570658c1fcfbd85eda11122
NUP	NUP-1657	fc7d0c94572aa798d0b9832b659b6f5c6beec8393a32cca789bd040a6d12b209
NUP	NUP-1658	572d40d9955e97cd66bccefae17436bb22ac47013d71e66165987b88d812390f
NUP	NUP-1659	9e9d39648ec9fce59df8931415f5a9e4159dad226e4dbda92cefa19c985ca08e
NUP	NUP-1660	11925c6f7a6b88ab51137b79bbb127d647a8e2eae188d77a23fcb5a3a5d98de6
NUP	NUP-1661	0293f9ec9e6d972178e7a354012606e529f3a174fd3cc495ef59c842d9e7a823
NUP	NUP-1662	d329a5415c326c187be2217883238789b4be6c3d275552f6a406b6a83066697d
NUP	NUP-1666	92aa980e73dcb49c962ff06f9ce38a14652df2a30b66ae85aad86ebd9fe6f8bc
NUP	NUP-1667	0fa9ffca9081b96cf127faa0a2de75ac14ecd6019adec9d8e1a8d63ad1c2239f
NUP	NUP-1668	b5fdae18180687613676cee4d9a59ab79cf729e98953c0df86d3e161360886f7
NUP	NUP-1669	744e6cbc0c2e3377263cc02b546ba27f1de9d33cb77279f5e2b29367dbcac75e
NUP	NUP-1670	b441ef65731fbf27cf31d462331edd72dee914ee8c5d0baa62745b3b454d744b
NUP	NUP-1671	f163022a46d102797e604fc3cc0a977b7f10cf964dfd5f1178b0a83285b9f4cc
NUP	NUP-1672	3ff44287934d2a34798a3dbd4c5cdb8f2724d7e7e153e0475fadebf770e3ee6d
NUP	NUP-1673	7f23f34bdf001138ebc51b76ef74ed3259e0374a070a952f1431c9a0df72bd35
NUP	NUP-1674	4e2713366427254be57a3ccfe830b940759708c83a5d8f0c544acce169214f2c
NUP	NUP-1675	2a3b65e3546efb5884e4342ace893bcca31477ad2b463e5d6b566046b025a293
NUP	NUP-1676	639cefceb1d36992980476696b1cff2e03261312d8b966392d47074060e03157
NUP	NUP-1677	677fc7b8625f9afa8c1b1fea29db7c22b705fb5eb76133ef81b0a99c3e4673f3
NUP	NUP-1679	7a1d6550362976d4a43d4af8e6f24100be8281d8b054212993219bb42012421b
NUP	NUP-1680	cc078100fbed3cdab86148ea1da4015cbad3ca70d962c4643580319ec2b1ed24
NUP	NUP-1681	600072c038aa3e7e639acb90de4e763afe9af511c649546b1955b50f3e31969f
NUP	NUP-1682	c66f83f665b6dbccfa7895b9a42656bb231925b0526864d3969fb3690b4016ef
NUP	NUP-1683	0d35355b26ca982ed4b41a5aec0dedab9306161ccd5c92a8e5f721faa6a152c8
NUP	NUP-1685	4e4adac2e778b67f6301665c2aa3e1cd5e3c6d8d98e06a9ae6ae2e1158ad8748
NUP	NUP-1686	feef539dce679038e5dd606d010a15273e917819787102d5b03a905832591632
NUP	NUP-1704	d0c835f1caca320ce2abf8c9bcdfd5070ff3825024c0e57bf565cf48d2a5a988
NUP	NUP-1705	3c2d9c8e37981bb7f1c00acf208cdba849723de4bdc2583950f633168503db33
NUP	NUP-1706	cf749608ca94fd6c29c91af52e1fcbc3dfb32f10af0cf809d1593440a808dd1a
NUP	NUP-1707	3e538c5a15c9de177ede4dc47665a98874a949360cd6b777177bdd72d0f4d052
NUP	NUP-1708	e1b5dfa060b541fff21506199b0bdeb0da3821fef2319949da091d781d5e2a8d
NUP	NUP-1709	ed151f9689e969f5040a8c1133c200d55ff734831e26e5a68bd773ec7866772d
NUP	NUP-1710	e75d13d85568bc8defa1d5e761c8c2d85f2de25362e41677e5fe19997400f486
NUP	NUP-1711	e982ea1f936fbe3cdf32109f9c0c7c04ca89fdf1cbe916b2f55b855c159228e6
NUP	NUP-1712	bf351b4630dc38a97bff20c37c5aaf9b47416bea9cf95279633bc3511156ca59
NUP	NUP-1713	75de564955c19b5c6b8e9d366e2da5a83797e43325303eaa1e76c53321efcbf5
NUP	NUP-1714	ec75be8874e2d3ccb100f8e8c0d971ab177b400bfaa218adde95b3b026120a4a
NUP	NUP-1715	923e02f19b487d64a3a8156f3ed2e325ca37ec2bc9c8ef774a0d6a9021076b7a
NUP	NUP-1716	06ef6b8a9fcdec8f025762b1917a4cf2fb80b35e69249557adbcde153637ad2b
NUP	NUP-1717	414550a1f4ee2f2457332aa7e9822a3c31f4958c85d79099cca693679432dc40
NUP	NUP-1718	1531c9ea82db9e42b828338666340572599d1bfaad17031725d18dc7ffbc8906
NUP	NUP-1719	e2c4829ac4b3f5d800087901e0d1e5792e84e0626d982b4534243f66f0256419
NUP	NUP-1720	12e30200bec3ae11d5b13f9e4be3a4bfeb8039e5a63bd89d3d86e15eec9fcb8f
NUP	NUP-1721	73fbf326c64e257e9e824e7bccd1cb0814960eb5bcff006886160798f0c5013c
NUP	NUP-1722	0376954d633c35098771e1243fb1365093e5e551dc8a6a724405b3baab256104
NUP	NUP-1723	61789e35450e04426291f4e1c8466d08272b50f21542cae23f1da12590f0f5f8
NUP	NUP-1724	32f113fec3dd31611397cada94dd2ce027f8245cbc30ec1849c4c1f6c5ad7ec5
NUP	NUP-1725	e7187ec4cb0a7d9aa719d6c06d73f19e91255880dc68326b5540a5c8c671ec6c
NUP	NUP-1726	95596d9c4c7b14a38b3b53dd30a05dc6f7cf31e92603e48bbd605d2d151b8f3e
NUP	NUP-1727	522a41a22bd5c04cef6804b3b099a3adb600e71e16211a57338b9ff3eb3c38ab
NUP	NUP-1728	340f2c76ae417c29ebab920ecfdf6c828b80219df1f0b7cc12e0f6825a5a65f9
NUP	NUP-1729	c344f8fdd47ffc1862f82c7ec9e10c2281918d6535921668f513e502aa52017b
NUP	NUP-1730	46182df90f6a6b3129037d20bc43072f09bdcfe6052c5806e019ad78e66787bf
NUP	NUP-1731	6b80da1051c8f95b40253aaa967892729a2a86b0879b03f27c86b47845d7f892
NUP	NUP-1732	1c3cb94c75abdf98e24a0e35f14ec8a81467f33a575fff501f7477cbd0bdc810
NUP	NUP-1733	28be3370a02540a5a260d9558667056056c1bc7666e9b2ce86bc433950aef29b
NUP	NUP-1734	d275ad7839b62b6470453652a2103713d836f42acc7895e642da8c31e558d3f7
NUP	NUP-1735	3859bf4218d04cac3e1a1c53723dbafd5e6754f9626c7e87c25ad3f33cb54934
NUP	NUP-1736	de6f73f84be112db1898c07743e36d698d12bca369b6b70be7b6efeb50e967dc
NUP	NUP-1737	b856054caf12d6120ea8fef0abff00bf3e718220ba6812331bf6f6d461e32b70
NUP	NUP-1738	1f16446a9279a42895fbe73fa205915362577213c225cebba10952214a842903
NUP	NUP-1739	7320ff5ca614f4caffc185b96f71412be424d71a0f131e66658fd4928eab79a3
NUP	NUP-1740	fbf4b6236026527e6505c3bdfd8029b5a1aa35ddef736c94c6ede8a92e319036
NUP	NUP-1741	77ccd0bbc611e2ffa6c1f98e7a66aaa3587444aeaadb5eab2c3792e0a07f039e
NUP	NUP-1742	8e1a17b1efd0afd33af56bbea95306a21c9f117bfe0683fd536b03da839165f0
NUP	NUP-1743	1436de843eb201fadf1b660139eb1816ab1e54ad2a5215b8f204441ae751886a
NUP	NUP-1744	8d6c50e1c6c345a097df3c18137b02c209e30db31d42992f233d8595f6256175
NUP	NUP-1745	17f90695bfde67efa55a30415b0cdc450ea0f8a0a5fb8839bdf576e219451ffc
NUP	NUP-1746	50899521425722ab018fe649fb1baf02d1db7cb5a1ae497a9f34cb7bcf87d61e
NUP	NUP-1747	12f900611f858e1bf2a7f2fd84d5ed9298f8fca70d293ccc6b242609aa68b9ac
NUP	NUP-1748	e99170e7fd1a5455d069912fe26ce7df40adebf494fcbfde272e4580558f2a8f
NUP	NUP-1749	304cc1b5f4209cff282f61ed66d5471386349179d68789cbe2bec0c378306337
NUP	NUP-1750	6e9193a6638ab43c82ff6b7835e0d7980cc6aeef98159c3e14543b6de3e86e01
NUP	NUP-1751	d5f99a5e189c857c286fb5b7614bf1751d9b8fd78f1e89460d298704722f19ad
NUP	NUP-1752	fb20777a5e8a69da9c59327a41769813dcf2a6bc1459cd05c5b485e65b48bedb
NUP	NUP-1753	2f7556d3bdc0b60c2636393f82cc57f633eb39069b7dd36600e5b465ccf24b68
NUP	NUP-1754	06c8d05544ec787f9dd8e7aa7ba94b5c24ae7c6541eac4ebd5bc90aa7c4bff90
NUP	NUP-1755	f690f46e597ac7b3e75581818da42877a11ae00bef49cdc2653278588694ed02
NUP	NUP-1756	7a5a32f78e76071739c385efe818e889698ff24fe69b6bd09b790b9af494b4ae
NUP	NUP-1757	2f628aa9d9e003c60a30352310fdc879341ee1125ccea82017466d6844e2352b
NUP	NUP-1758	65abe0a22ba38d9a2de3878cbe828fcd2b7db6e8f58e94a35630786c6934f435
NUP	NUP-1759	2c3549637abb346a922e11ebe9ee4219dd0a450704845f4f6dc96c8b4d3e8713
NUP	NUP-1760	63a212621525143e5527e18394b674956e6f6a87c7aecc812aa191fb852daaed
NUP	NUP-1761	1e207135d1a72d9fabb25e684f81e7afd31b2aba8b609a6cc36e42bbd55b64c4
NUP	NUP-1762	98d6c1b55fdfbc1197ec8f5112394456218dd00589b490f47eaa66bab1aafbf4
NUP	NUP-1763	8944ad891dce75fdc604a12dc84db00963774876b8c09f3143ba472dd01de6b9
NUP	NUP-1764	77292b30971d8795a34742e587da10934a0298e98d36807ed0e5996e8318873f
NUP	NUP-1765	efcb5521549710d73d41dbae8e8b2272ab55a82a641f60f22dba283c4bae50ae
NUP	NUP-1766	13a3b15898b854997fbc307e537d11c5a199c482b6a4bbc7a5124dd983c0b7dc
NUP	NUP-1767	07c0d8ae2c96bc4e971e552569431218cfcb1ef5fc0b487e5004d3612b7189b2
NUP	NUP-1768	c7c28df815dd1716bd2ff7c833e46d96affc17919b02e3a6a03395479e025d95
NUP	NUP-1769	0ac5351dad6abc7dd2e4e086abe1cc20fdee352d790f27007bdcfcfdcc433ba3
NUP	NUP-1770	d1f324a83154473983ae00bc5e43ecb1a5064cc58893a67a598cc3cb657f4aa8
NUP	NUP-1771	50961f54e6c489178a83d6e507ceb7adc9d8b96fb9cfe21b7a413ac5bf4b0374
NUP	NUP-1772	7844064ffc81037e5324f0fbc876e6d580fd25424af286c1111d109df986cb8d
NUP	NUP-1773	7103e01598c9b3d775e07bde16f02237424938572f7d2d0227007513176949cb
NUP	NUP-1774	ab6e64a0eb733b8dd67c6f53cfc234fce5174651da5bf6021eb78d96568fd814
NUP	NUP-1775	b308b9ab8a9a8f574c643b685855a7a16e868e3667e45ed3d8d2db129aa7845b
NUP	NUP-1776	e33fa26c38e9e1719bfa77cc99d519bedf01822606509b29de6c780b2006eba2
NUP	NUP-1777	ef84cd6f17e9cbf6e712005bd0c165d91a23ebfaf38927033ad0ec8d7e955f59
NUP	NUP-1778	c6acb2806b703eb0c46d246bfa41f4b884681ea9bcf33d36f931e9850791acd0
NUP	NUP-1779	d2e3d310d785dd372303e3ca56eed5ff4b6bdf51d24947e06e77b01efc93447e
NUP	NUP-1780	3446453ed93f1d87ae2ccf3b2037058e3378c8fbb518aa1a0fafe334f696e79f
NUP	NUP-1781	ff9c5c6c088de6167a09771aa1c502c339c61a91594dde1dd3f34ba7135564bd
NUP	NUP-1782	ac7c333a4c288ccdb7700a17b37ce82c13a3003a9ee138022a4e1c6249d1bf4a
NUP	NUP-1783	ebde0c7253d3e847303a88d738308befd106ef6dbd095b0e11b00c1fbd48a318
NUP	NUP-1784	e7da339f07219a511cef980e008a10604082f3aabc624300a61dacc312785e0c
NUP	NUP-1785	358965ce5cd43677d985382776c0bc34f2da17851f482e656036970e13fb6991
NUP	NUP-1786	0d62df76bfb74a5492a131a90e262fe9259421048610464be25f048d28d1d771
NUP	NUP-1787	3c1e12babed67c4034a16f7f3a1068423de5c035fb21ad37881ee2b8ddcda32d
NUP	NUP-1788	e7f62c4f571b5351af3ee709dbeaf386fae7e6efa245975b90df655024e3f435
NUP	NUP-1789	2b628292690c7a0e5d55d5bdb20e33e2be43099a7e5758c47ac87e5b19cdd759
NUP	NUP-1790	a5a2631d00d94516f803d26133bc0ed73300c49b76fc69b6934e85f27b924227
NUP	NUP-1791	809248ec24084fb5e11efa3cf233546c1f6b231795b86b976043a645dc0fdbc8
NUP	NUP-1792	16d0a858ff07e0c37d8123fed673f1a4abc0143721dfa35783e297798d2c2f9d
NUP	NUP-1793	4602033a1ceb66d3c4f51f0b009174c885ffe4a89aa6820b480901e969fb4360
NUP	NUP-1794	8bfb4b74020995a0cc6971df3945653aa0ad8c2583586ce90a723af079106a1d
NUP	NUP-1795	1b15642cd37f9ba894889173a1d62ec805f24235a50994042f5acf46c3baa1d5
NUP	NUP-1796	8e3ec2d9ac4f1618cd3b54e6720f35939f4e78f6086fd8b72e8cdef435915690
NUP	NUP-1797	5440366709b7a7bb0d4f464d07b9da06defe871dd65015d121c8e7214263a12d
NUP	NUP-1798	01626b043a75383d8fbb5ca5a8ed6e0d736328a609a692e88a04b77c227d3f3a
NUP	NUP-1799	d0bfb7a399fe9971a2c5ab5479899fdfc6c5e003e353234a04666251e1d7a9da
NUP	NUP-1800	ba743e02cf403e7cbce6f41e2a7215e6477eb67a1d5b7eeb793a95420e7f6910
NUP	NUP-1801	c70c2e4ff2ccc1dbcc2fbfb0ab29e4f6f968176c80986e108e1516b0d79bd938
NUP	NUP-1802	f648e1d37dbf183f2c7f0bc6963a7dd73d0e4bbfe8c007eccaf6286ccf92bf78
NUP	NUP-1803	e1b54d315cba6c838830e8a2970ed40395e439e91906aef7b0abe0beeda86cc0
NUP	NUP-1804	6776d42dafd0112b92d584010684e461f1747c63199443081531d535ad4efca6
NUP	NUP-1805	ece92774985d151481f28128e567f19ea892c71e6a468eedbaeb82e1a0fa210c
NUP	NUP-1806	1833703edeb32b8935f686c6a19cca3ef77d30eb38e57e16aa58605640bafb8e
NUP	NUP-1807	f6cf7473f7a8dccadbf8e22d9baa7aa60608a3b787cc3d280c0ca8b8a1b8011b
NUP	NUP-1808	09d5aa2078f478ad7f23dcdd8381f0bd3dea4a9d934744d6729475162574c204
NUP	NUP-1809	1ff1b6316b4a35a83db6290d376576d9702eb958a039f10448a795c417343a29
NUP	NUP-1810	41ef065172ea4e5245899138e09afd5e0a12a777b458368eb9310225f8cca919
NUP	NUP-1811	471c10f3598701dadcd3c0f8f1cfde6956b6e572472e1945b2c4f995a500c07e
NUP	NUP-1812	dcdad4cb81a670fed49df238a9309c306d4dc6e04d894576c5d3f5c4ff340b98
NUP	NUP-1813	d87704543b2141af86978c2b6c0e44ea8b5bbc8aa59ca8d4018ad40ecb1f4e2a
NUP	NUP-1814	4d1f3ba33b1557f12c1ac5cba0c4c7d522c51e9c24c911c44ebef0beb4c26709
NUP	NUP-1815	6d4d62cf030d46bd090f45473d2642b0854641d529d4565ba7228bad866050e7
NUP	NUP-1816	c584dd813858cf1e22dc1e4fa3dc6144fe05c98f250f18e1ebc8fe017eb048f5
NUP	NUP-1817	26caeefb84327c3321689e5a86ea96472ee5bbff5dc3a105327f2e47afdbea8b
NUP	NUP-1818	6f6bea32d22f9e1b306c980515377eae22c53131668f425dee97f59e304a79c1
NUP	NUP-1819	ceb5b2a962f0a6cc91f427b29351d26d6acf53f00fcd7e9d8e4f15a6253330cb
NUP	NUP-1820	a51ab27262cfbd7a871b5ce858b684ec0751635eb748eeb6550647084f4f6693
NUP	NUP-1821	e69f8ff3095c12d5a1e57334a6e1f9a2c5066e88efcaa409fc7bfe3904280549
NUP	NUP-1822	3e0602a5c10a84432b67e7d402dcd9092c51586587ca9d605284cde78b39fc3b
NUP	NUP-1823	23880eec1101f355c8900d7f6b635490544ad27aec97867febdaaceb336aefc4
NUP	NUP-1824	42237a005b61d11f6bb5e1b84069d413688e515c6630ed47070cddf00bfd8da6
NUP	NUP-1825	8f569df895a04f555300df3b324db007ec737ea9178f915c8072e4a44340bfd7
NUP	NUP-1826	ff44597e1ce5d66d89ebd7f392ed274891db893e492c3fd5564933c23d41dc37
NUP	NUP-1827	f31bc923bce99b00a371b57fcc6e02f0d0a7a218a7ecac3cc57e2b50a88abc3f
NUP	NUP-1828	ce06cc6a4ffdce54a559e4c8240aeff8e7c25cd49b098b754b7f7ab1d4a205de
NUP	NUP-1829	66959c884faaf22173b51525821c63f07d517c7eb8db324958f0f834e537ca03
NUP	NUP-1830	ad7219d6fc813833f510cedccb9c16a95e1582c74abeed672662321ddfcdb1e0
NUP	NUP-1831	79b2d725e3e7e74c4cc7e6ecbd046d03fa2662b01b797efe14f23ff64cd0fb92
NUP	NUP-1832	9b72b373314ff4e028786c464443465b81dcb8a0684188b4265c1fc7d0021cd6
NUP	NUP-1833	24e6d7721c9db3a5685ea96b1f5cf1278bdb15deb3d2388937bb886d3a03e602
NUP	NUP-1834	47b7ca3d65301b0d0fb6bb45523ab414932010c80bd82eab1e26ad1d8b2a7830
NUP	NUP-1835	d105f37284e29d9ec41f15bd052ac809d5163e262bbad6dd968823a85c25b5bc
NUP	NUP-1836	a8b5f0a0c35b9d0bf245e7a3eba0eb7afd20faabf9f5dd6c148c771a2959102c
NUP	NUP-1837	8756a99c8a8a8b4678b81e738834bc6dca2b6d3064af3c724b3dd6877cbcaeb4
NUP	NUP-1838	f0bf0e23eb316eec0e951c904505c463849babb8b0b28f81063332e42a64771b
NUP	NUP-1839	6155f6acb8a0fa22ba762178e0a2e95e86ed87c6a23dac250c03c51ebaa663c3
NUP	NUP-1840	94e9224cb3229c24c155c0fa3eda6877c75f6ed376a4d1887652bc6596c3e3bd
NUP	NUP-1841	b905795db341f1296d7bcd5f192ced835e53fdf03dcff0881187660f501068af
NUP	NUP-1842	a9f75ad258784a22d701d2880a8f14be4f69dde0df410dc163037239d228a070
NUP	NUP-1843	3a802191a3facb456082daae0035e0f2b5f6504b1a7d0f462b2e5a4052dc446d
NUP	NUP-1844	d772fb3a9c8a8f865607d483e3368f4b8eb5e59cb9f8785980670f7ca3e8da44
NUP	NUP-1845	941456479fd7bc989f9b0ed266f0236acb9a7aa736ef4480bba884202028aaa7
NUP	NUP-1846	57ac1963bef0afb9cb117010814571b7b9837e42ecff5bd1f3fc3e03459c7454
NUP	NUP-1847	76e0f954ed3a03088bf7d454c52ac365ca77d9f962601c03a0f7839695b6a4fe
NUP	NUP-1848	ebe77d773c21c37ee083c684a6cdc46630b412574803465b2760af6c79589c2d
NUP	NUP-1849	f25e5526165213849da99108cf47002497755336d7222d95b408e2fcf76ad89d
NUP	NUP-1850	3c4ed4865567553fbdb68015bd917822c3b02a959da39899c365d22c022c5fae
NUP	NUP-1851	727efb75f55d5c943f4a8e49b1826c069b8d4f81102e4bc9cb05f9af8bfc32d6
NUP	NUP-1852	df20274a20784aaed1de8d505cf75c4e0ab665a851c5c9e49a8e9249ba571a7d
NUP	NUP-1853	dca2fec9e0ae40b78c8f73413280f81ed345deb728d8214a954e287b26774204
NUP	NUP-1854	282188ce5525bb24212586a02377e8426771bfe8ee4d86a0f6c713b1d65e4de3
NUP	NUP-1855	f205870f83d09a93ecf0d013fb3e875b5a5efa2636b11f4dfeb32585c0a2f19e
NUP	NUP-1856	2ed27d213cc1e8004e414f40df52591c2edb5955c6ef5a60956ab04e937ebf62
NUP	NUP-1857	95cae911142bdf820dfe077723aef2e6fa2ceb35e845d2867cfbbc8bcf21a78d
NUP	NUP-1858	51fa0abb3f3108e975e51f86ebcd82a4b6728ce92bbf67db5286b73e8ce7960c
NUP	NUP-1859	41df246734e5ab9d92b30fe1439cc9fce5ed196c2ae6e2400832b3f06468d2ea
NUP	NUP-1860	e79af0e881a1515b42eca58c6f782dc8024072abef190af6c1fc489d63737878
NUP	NUP-1861	ced1e6085c7e649d83b655d881bac4bbbc7039860dc58a2662f7658e3fc9f726
NUP	NUP-1862	0c457527b9ccb0af4543000907bea6042475b0f7621ed07c1da1a3fd85c54de0
NUP	NUP-1863	95260bd439c1d4207e33948154c2e2f0a8af0a45c625a1616c52101e8b266960
NUP	NUP-1864	b6a170c0e982f0e387823aef4e93f04273ade052a2a3d5456698aaa5e3b10515
NUP	NUP-1865	f87e3dd614bd69d863fb216cae1d246e4e1e41e4e8f2a152c7a82b0bbf7bc945
NUP	NUP-1866	8e5989e0c5c3015cde69f227a6016645a7bd0af92928f8e55fea0d62290f3989
NUP	NUP-1867	6b421c984502180b91adc2a6de916143af62e92279f1a7e640e85128d78db6a7
NUP	NUP-1868	0432c0abb06cd082b9c581b0a2c762d90e2b55e704897b75c53e6b3f5d7c7b7e
NUP	NUP-1869	e86604346fd822f2ae9bd070614d16a7bd5361d7b6c199b56c61f04978383565
NUP	NUP-1870	5b3184788f56b12344690dbe6ad8525fa027317742411a4084027a2ff854fc34
NUP	NUP-1871	6bf740b1d70ae901c470f0f90145b8ebdd43d9e426527c8a4bba0324bf30450a
NUP	NUP-1872	dd863b9ac254d1e7d012551bb9cd681995de866f310e8fda23e39e3133035522
NUP	NUP-1873	9bc0407fe6b24aa1fb7a8e3aa1564c4666f227a71f688aa688f2bf8ad3a20e53
NUP	NUP-1874	ee0ebcb731378a344ebfa65d18eff25c1f5ce07058f46f669bd0aefdd7695b1e
NUP	NUP-1875	4339920df14e62da8ec07c0b5494f7177ae9c120a60164c301245decc19ea184
NUP	NUP-1876	9df16b3deb4638c1eefd57699685344c99595a0a9eb070a663a0372f59a336ec
NUP	NUP-1877	7ee2b95125299c50d1f412ec5db43d57e6e19eea289d2f5fc4725b12802a1eef
NUP	NUP-1878	054a563ca9f531d49bb848eb425ad78a958cb121633eb99ec0b6763b1165705e
NUP	NUP-1879	3d3206f3f39fcb2f5c11b965a6995e317345a093710aba42920f6194046ceab4
NUP	NUP-1880	6215fc537fb50f08c15cb09c4becc418ce1a954fdeabd580d801910bda747b11
NUP	NUP-1881	f100c19e10eb8d76d8de9c95c64fc7d5965b35fea9a95acd2e5ce2159fd9801c
NUP	NUP-1882	e1343d9f5bca215be0c066199b85937ebd63b24e0b37fcb048b135dd4c2af444
NUP	NUP-1883	d8c5c31809e3b8f329e5f84f96e518fb532c40b36ba2dbb03fc972eb03f129a1
NUP	NUP-1884	d67e52fe0eb35ba763933e1b20374e188fb9dd1ae49cc89d82072b3d8084e223
NUP	NUP-1885	7da6a81fc6f1683ca14f28ef0c4ad1ad6665434cc8ffd0066dd1547cf27aad36
NUP	NUP-1886	32d23848a74801cecf86938562202b4c51e0f8be93db4a5e91baae998fa97114
NUP	NUP-1887	20689f71ae78659311355faa45aeb4942c89db5075e6777bb15b1563f6c813c9
NUP	NUP-1888	eb8b74dee5b4b27bcf0bf6392be21e4b610ef49f1dfb318076323be270b3c017
NUP	NUP-1889	c1ff0fa5b5c8d24335bd75a93ccd38a0ffc6f01f69c7a7d02d2d1dfd5eaeaf60
NUP	NUP-1890	320fbcf3c4ddc2d1ec6e3ee59669b2676c03822cff60f3278f7d5f87cf3e0384
NUP	NUP-1891	290c76b4abdb235554067205ba6b5fed3857dc1bf16da1a1328819bbdaabfe0a
NUP	NUP-1892	565d494f90e0d0d597336b33b225d09ef5efd01338d2a153cdf9a329e41bd4ea
NUP	NUP-1893	bcf1e7cc9af522e64d19e2ac41137c4aa388dc1d163c8fae455affde17b997fb
NUP	NUP-1894	343e7b8815b08997e3b59b107f8d430df4381c3d4b536cc4edea313db0d28e05
NUP	NUP-1895	543238f9eaf71dc6aa2bb2fceac0078c29ce169803b8b3bef7a6f926aba43faa
NUP	NUP-1896	4d8617e21898cf881ba9187b189fa237e164023137658a27a09427350d9c54dc
NUP	NUP-1897	d546f5bd16291972c082131fa173f689c74895ff7a3a6818b88c587797059438
NUP	NUP-1898	6cabd507607c9ffc097c14b11a670403c259b5ccbb3b90ae1cf2df042b2e8567
NUP	NUP-1899	addf318aa52322ee9276d9ad6a4c32a17c4ce22934a0c16c8327354d5dd045a8
NUP	NUP-1900	93cb0113a12d987e4ab622d362a1c2093c4d81e6a146558265d0a6359e2b83ec
NUP	NUP-1901	8d1b388696a9507e909ecdf4ca3d45caae562c84c5845110b5ed8fd479cb7a1d
NUP	NUP-1902	063cfcb2e6be4f0612522745e29153b80174a5d6232dcaaab2d539bd42535dee
NUP	NUP-1903	7cc8e6876d4d56759ea726098eb37dfa0a5ce1988a63578a902a9154076d0d21
NUP	NUP-1904	70701c163a4631c7b6bc7bc4240d31ed0cb1db2471c9fd5e16f743d24fa4bd9e
NUP	NUP-1905	a3de0db3ca2c94c17dfd09a5ca1dda36854117090316c6da2fb109b4620f731b
NUP	NUP-1906	12dbe85dfccb03fc53f66457d898357a774b7ff2338a6c90dafc886624cc033a
NUP	NUP-1907	1483d12bb589e50a05e5eded8f3e6f997fdfeeb56a967ab8816f201e8a83cc6b
NUP	NUP-1908	f0e977bf5ad329a254e44939d85aba1504fa60d7491fcc3c1d617e19345bdf5b
NUP	NUP-1909	32ee4de2fbe05003c2ac7109168bd60227981b3bd1a33ceecc1d51187b4e7a24
NUP	NUP-1910	40c1ea72a2de6138e553f1ac3664f0981a3f9876e60730317b25248951b050a1
NUP	NUP-1911	55eadef9f95b23512e1a499b6039b762e7905f8baf50b76eb95ca8c02c91c983
NUP	NUP-1912	7ee7bf7ec5d56955c66e8e2e52e4f5934ac89aecc2cfb9f2d133fd8a346fd9c5
NUP	NUP-1913	4c76e5ab0dfd5b3af39984d54fd7e846c251ba9c706715206a89a13b71ffccb5
NUP	NUP-1914	98fd10af0cc9dd7782aac04a927ded2db43492e65396183e296082d096ae1d35
NUP	NUP-1915	60bcbc8ab11d1410aa9e98107002f9bb357539c38d00ae8a376b3554fcb8c31b
NUP	NUP-1916	158cac03e96d0c64e74ddd9a5a7856645e23d15789d93559fc4ee3be791f67ed
NUP	NUP-1917	7cac6931f7bdaa86047d5196433d814cdf1a527232ddbd765d2fad96e83efd65
NUP	NUP-1918	fde8a13ce5feee82e0f9b69825334b5209dff3671f1a75d0e391e1a3069bf165
NUP	NUP-1919	fa9e34757be2a0cc6ea2820830fa4e38d39aa4e1335a3ccd866ffea71ffb7e9f
NUP	NUP-1920	90c92d257ded2a5eb3d1d175d37f6a43df7c4e7b737ebe553dd6067ea1f993b2
NUP	NUP-1921	414970ea3d92cb5b81e9f8e3867dfb0b369756d812d818a891508851dafe2eb4
NUP	NUP-1922	89608473e12247069eb84c999923998d1458531171ff9b94039361cf2fc03572
NUP	NUP-1923	cd0d00e47d1df0b30ed62d0af3b68622e74f064d2990c9db73db10f477be8f31
NUP	NUP-1924	ba520f1c3d368136c03585dc363c218a60af69fe53f7504cca9912ae0198f7e6
NUP	NUP-1925	f0e2f7758bdd92040f2405e4a6aec2637d5904323a0d4ad1820285ead8c17297
NUP	NUP-1926	7a8212a3dca51003f0187b1f5834aaff723bb8ed7a1730385f05c67ca059ec8f
NUP	NUP-1927	8105d87bd8f765a2f216387c57dc3bc2addf4fc7cfcef22f2174dbde3db926f6
NUP	NUP-1928	b033378d6b18943289a5f43ce25a9a7e62a2f705af52891444043de8e2cdb1d6
NUP	NUP-1929	eb61bb7a951e32e5c5c884187234a273d482e5aba175701197b54b3af62e419f
NUP	NUP-1930	932067694d436a51b9e0eb750a96a26f3e07a2ae14490fd0c2471911e682fd7c
NUP	NUP-1931	e981fcb08b921b3a0a1a279878a1a2118cf2f21014dcbc6d6d786a016b305f09
NUP	NUP-1932	c4acaf54b5bd43b8722592404b0a247de17c5c5c7fc438a5e8cb21189ee9aa60
NUP	NUP-1933	a1842233804a69f93a99d0b0bbe8ad4bb9e2bc02a9867daccf194c2e3ea750b5
NUP	NUP-1934	5ac43a9957e21ecf4a6cbb7abc516a2bd64e861b33eadcdb335d06184dffa575
NUP	NUP-1935	34f863102bd9e92299cd29d6e1f9ca2adc9375540f60f7d409aca734a7e077e0
NUP	NUP-1936	e1e8802056e9e2165e47144a5103a7d7b8fd136a10e2c6125e6d5b42652b9635
NUP	NUP-1937	c5ccf138bdb0cce1b0e1dace9713f893795cef799a7e86f4a4a3b30efcd1d130
NUP	NUP-1938	e757e677e0176a25195abb003c8ac202df4fed1c6b3dc9887a44714044a1b16f
NUP	NUP-1939	5a79aa8b7f20b5a567891e278a04beb2258ce78296cfaf8a09010ab660a0a37b
NUP	NUP-1940	a48450ce1f20c7b59ea70c1ee43c522875989e598e1cbe0e83bf5317a15d2913
NUP	NUP-1941	6f21d97d47dc89b9730f9459760dddeb9ff3c2efe56bc630bcc74a3a4d363fb9
NUP	NUP-1942	9e13d774075d0b8f61bcc324a42c50c2394fdabe938dff57f204dd0c10e0d259
NUP	NUP-1943	3e44a7a4a9d1eab0944df099cdf57a2e20f591a6ade79f14f5015611254b68e8
NUP	NUP-1944	632b24af8929dd173bfa9145bca975c66794bea2130b7a72b05c42e4deee1507
NUP	NUP-1945	85bb548e4982207ef81fba657578957877f30c9aa0fdf103592086bd3a543ceb
NUP	NUP-1946	b5e77b5cd80891001aec98f8aca5af7da1be6ae2cdaeee2fbe568868faa7b08d
NUP	NUP-1947	b45a44b160504f20fa72067d3ec29a7f8fbc54fca073a1ca67f3d723a4b4f57e
NUP	NUP-1948	7aa9c5ab543b95045943c8fba0d71e4651d46dedaa446eb18b708e4a3be479c4
NUP	NUP-1949	a0a6ee8139a052f812cdae7c1d21902f8b6eff7fbfc97012fa6a0ba7c5f5f082
NUP	NUP-1950	ea19e74c615137d3e72c2de168cbebe3fefc53214209c4f157eb584d02d9e948
NUP	NUP-1951	f4cd176310fc3c71b62a68af92dab2b7c70466e0006f21dc5b43c6285a7b3424
NUP	NUP-1952	0cc10b6062cdedad467425306a49ef0dcf1665bb532c02edb362a57e8d54ab9d
NUP	NUP-1953	9d1f0a2e4b45f570f8e7ab55643e155bb004a7578db7f5c2762aaf0f7797fb14
NUP	NUP-1954	56651c3fe10a0c2232342a827507e6b89938eade32db116ab9d0ed0d9a6f9339
NUP	NUP-1955	2fb74bd16c7133053b92d3dfd14286e79341cc6793608a71dfa4c453f0d7f330
NUP	NUP-1956	a2e4929f3bd3bc8391f4bd4b6ef858f02d0ae91fb10929ecc6093eb7c41bcfb3
NUP	NUP-1957	cd21f0e851c969d627910f4d51b77df8e31210df95fcab74ad4f8df9d920344c
NUP	NUP-1958	466236dfaf793517d5323ce9b8c6a0d65a2feb59d8c1b8302c1e5809758b9ce1
NUP	NUP-1959	2953cbea2d0190d48b7c06f607b12c49944cd70fcc2876d14eed6b0c273847d6
NUP	NUP-1960	616b4bf1b68a7cd4ced3ca1da72c61dfbc1fa7eda0505d22e4063a8a0d5b3adb
NUP	NUP-1961	14eb3ab7fd4b8b123adde1e8a10be6599e38ccb6dd51a5183e9545baebf5e10f
NUP	NUP-1962	c6da7d742cf9a80e74f7e306b071f3a2ce560af72f341d0d2b8bfb8d0fbdc9ad
NUP	NUP-1963	69aa0809ae378d0de3db76d0be9309d9f7fa9046ac46a8c6030cf3ddefae551b
NUP	NUP-1964	e4755bc37e325d08c2240c54cfc5971f7ceeddf47f794de3a9f492a21792c80f
NUP	NUP-1965	de26bf6bd5c52937b7674a7ac06f52a1510bf2d632df811161a49d0cf345d25c
NUP	NUP-1966	0a2443c337aa8db9f26d1f88e2d8a9ee4b87bdecf08123496b9dd7c76014cb91
NUP	NUP-1967	c90987ac6c36002053c639f68ae9df9d2ae0f4f50c565dc33c125c146fd14cb8
NUP	NUP-1968	c277b199e851856b7393baab2d0f48f5dcb70df9057076e3187e2162425f814a
NUP	NUP-1969	d5861c65296c87fde69da48332c86bdb3b638c6a58ae0298ae9d2bdfa4afcb70
NUP	NUP-1970	85c3e1ffd71ade406b601210bfbfc80947ba7bf1ed4c4704983ff126eeeae2ce
NUP	NUP-1971	d821d421a9fcff1d527e8f420b42f309d9c889cfaa38a39adf7435dfd786b02a
NUP	NUP-1972	33dfd4da4ab5dab58d75b6bb96aaaba106cc70011e0f9df32216422502ba954f
NUP	NUP-1973	0ed88aec552a59b5d74b11b82d08d57eb44fde7624bacc81967b06db5fe188b1
NUP	NUP-1974	31625927ea121f65a4377bc3bb1143a9d195e748cf865cf19e86f6a8a2a68380
NUP	NUP-1975	066a22541c1e266421577b4cbb861af93eed0295fda3ef61b097a70330154dc9
NUP	NUP-1976	7217cf6f790449a9c33ef96c035814e0bc7744ca5b520a35136521e06c23de86
NUP	NUP-1977	106bf34b325782b109023c947185545096004fc60bf8716b5bf205a6421764b8
NUP	NUP-1978	9924861e2cbb6d3066174bcdce5fc305468b51a711121339dabfbc4530a001a9
NUP	NUP-1979	68a63279f5fe504e28ab8ca359e0e241a90f8aec8872cc5f334d80b4b4ee913d
NUP	NUP-1980	7433d6f3a1eec1930d3c1375c569a218926be0e51e66548380d453bc2bebc360
NUP	NUP-1981	30546a7da95654c138c75d78bb960400ca427f75fe70545106b1bb33bc00b150
NUP	NUP-1982	795dbc8842f1671111b7009904249c16240c4d16351be2bf459a39c0e76b8895
NUP	NUP-1983	b9bb7865e9af7eee5ef555f86e19f760258b29291463f8f3f123960abdf30bfc
NUP	NUP-1984	6135b2c09fa0daafe1dd83cb1a730984b295d8d4992ff67f2562c298ae5bb6b4
NUP	NUP-1985	bcbad90066b8d0e2fc11f12ea9a6af375b396cf5f79b6ab1f09d6cf1a0c7a667
NUP	NUP-1986	bca2b70a8e9231fc63fd429d096dffc7c72b05ecb48ea1b0f5fa93da7f44ba83
NUP	NUP-1987	00447584d5607fcfeaa3f534336d2fe916d24a5210953b2ac198ba9e98ef16c3
NUP	NUP-1988	8594e57f780723dc47a1ea1ef5db6b4f898e6e6fa8e8e4dd3f723a25c4e2fbb6
NUP	NUP-1989	7a90b952ab437c72ce17ccf5d3cb7d1a6d92dab08c21cc11f164a73e9a5ee492
NUP	NUP-1990	872eb55637c0b9cd118ff69b6950b03a0c3a8914508d84798ecd469a7002525a
NUP	NUP-1991	e135a2ff8ab5ee2f86f5b7edf72793e212c888fec10696f59094e538c58a7a35
NUP	NUP-1992	f7f82eb25d050cc5bb0896bed0b6c5a0bd2b6cd027f6526f7f7832e26287932f
NUP	NUP-1993	7ab7a6368fad20bc451bb9980f25fcc51532bb1491a629bf86ec855e024fe7b7
NUP	NUP-1994	4bcf1a1b50c5473f69d55446763d261777e1660311629aa5cb025080c714ccc6
NUP	NUP-1995	4246f978b39d3c77a6fec131de60927fffa342e319d2d9792581592c557b6999
NUP	NUP-1996	acabffeee036420f9dfb95844dc3f703e67c0af90a365636f44c7c6f4dd7d7d2
NUP	NUP-1997	dd117e46314ff6b5dc360bc8a56f140c7192dd4fb4ae8674542e2fae1e6773ed
NUP	NUP-1998	5486b2bc6683a3642a459bb63a1407045c986fc6fa016e08f3c7a86a9c5e4157
NUP	NUP-1999	9c9a33922b45babf957bd522f062a825d4d9cee4361bda955bed207786d6e0ac
NUP	NUP-2000	b9eadac0fd5aa99d3d12368c25687421ceb0f8ef8b5a5113d2e4663730c896ac
NUP	NUP-2001	d1c4848d8a1cff0ba0442eb43c886eee70fea8b6c7c8254cc954b0b46dcf0e5f
NUP	NUP-2002	04be73512c6b10645ada1529cfb51e331af6f80c5682242fc7361d6ed461637e
NUP	NUP-2003	91ee883cc7b6cbd60c0e7b86f76c94c1d9c44ffda99a7d5f641439f0cdb174d9
NUP	NUP-2004	04e85f032160c2dfa80c8a9ab1e89c39727acddf356541f5ff9fef41ae5e9e0a
NUP	NUP-2005	2c01706ab6f0bc4ca8c09de4f26f898bcb4a1522a4b10e04f8a554175018de84
NUP	NUP-2006	317d3290996db84b53a4e3f7fb3c96e40fd23a77174cd6b8903fcab4af7b0ace
NUP	NUP-2007	a6eeb17a293c14e990b669b36305ef92e94745332701158b045cbb9f02d5a7cd
NUP	NUP-2008	06d5661639f36adb912d954e684dcb8d4d918df124bbedad98b25f65c06819e2
NUP	NUP-2009	a6cad4e81d96b543841665198a5acb959c056a5276ffdc69c52f8396c25fe2e0
NUP	NUP-2010	6baf1bd0757e936b581554f0aadfd65eefcaded91e4ee9188610396ce5f655d5
NUP	NUP-2011	f00f0c325f2ff27efefc05fa5d1d19df77605260943b376d80398e5c23dc1192
NUP	NUP-2012	31e57ed88a7bc7d4288e0bebc9143e25e113d006eaf2aedd5b9b5f0ef77d8e82
NUP	NUP-2013	eed92e0e7b60dbd19019c6109a4067ab158d95a210921429dc7747a905657fdf
NUP	NUP-2014	6c68e14a7c76f362d6b180cc84ad7aeca8e707b9687de583086ec1a14a747fa5
NUP	NUP-2015	9083cda9f00282db871c1f566c38f224901402ec47ffbf759a699881f58d35d4
NUP	NUP-2016	ad1bad12cd74bc04743463713bd90ee2815e74d9c42964bdce0684e346b5b697
NUP	NUP-2017	912eec5a3fee0fce9a9f9f7e77ec82b1bf4e5f6dae4a50f3d2ce28b97f1d1c79
NUP	NUP-2018	39ea00c964d66e3a31c855cc73d7f265c513bca6cf570457afaa6308ddbefe1b
NUP	NUP-2019	71707d6a22a3268523399bc264cc78962e4dd75a55e3b4a4c6ca4cc8ffe81301
NUP	NUP-2020	1699d23dd6a5b68332e9754360b9b299ffeb7357b1e13d49fc7d0b779379aea1
NUP	NUP-2021	b223b967586e2a5f2ba4355c86520e1eb446dfe1b8b0ecafdb92b68252ca1ad1
NUP	NUP-2022	53eadf2adceff46f6d6d3b68a9f5d96703339a2ac6abd6a98c9070cc48736c41
NUP	NUP-2023	e7a90a0b80f1c015f3b4c9fcdf843782946d9dc5bf8db1ffdf853054f0b9b75f
NUP	NUP-2024	16def1d48aba7a0a8cb15feacbc74e11ae154c86739b16e50cdbe0d5b3e63532
NUP	NUP-2025	f47b163f59599adc09273862061ee190438ae2d26c7ebeaeaf4b6067044afa56
NUP	NUP-2026	511f6561c994d4bc6fae01531bdb89ffd7caa87c4af3581e5345ee35743fb0b8
NUP	NUP-2027	abc5a0bc85cb53e8a5fc346612464eb6d3bce87bfe474759a0247d94a14c967d
NUP	NUP-2028	d4ad3547827d902b4cb79ac1fab190c7099b984b96e5c390904fc5f7413046fc
NUP	NUP-2029	a1112e0d414254a88fb60e72a476028ecb83a8dd4892b278729b40dbcc4f846f
NUP	NUP-2030	3784fe88715ded0e56b9585ca35c7ae8e6c71d81aedd5d475e22b79304fd28dd
NUP	NUP-2031	d41483a67cb93dd5a87b53da3c5e71ee3eec75f1f4d3eee43713c46d47e36640
NUP	NUP-2032	394ad807c782607bb4156cc750bf8a4cb857943fd7f71c9540921de7dc0abb7b
NUP	NUP-2033	95773f8a4bd5f2e910f785cfc277dda1fdfe6231e6f7d0d571574774b59bfaff
NUP	NUP-2034	3f03b1a322b2b19cf412b01e6028209346342f2506ce3ea5c1e7ee1ad906ff79
NUP	NUP-2035	96fbba60add07a566b95572be0715efd3302983a2649d212df1970edbad12bdc
NUP	NUP-2036	307057b9c48802dce13deab3b7fd31e3d5d63d207b3f944eca42738a759ed2b7
NUP	NUP-2037	312405b021456cb32fb5f0f45b578566f019bbc142e0ee417c1fa5fdcc73b1f4
NUP	NUP-2038	75eb0d55221943894c6ac6ce7359ef705a84402bfcddc5b5e6e9da354366d654
NUP	NUP-2039	b36f80452c92a4024e4160f77fe84d1546463aa403c2e785bd80d64a2ffcc431
NUP	NUP-2040	9ef8afa305324d2c1b85246b17de61d3e4c29005b8ff8f335be7dda4cfb276aa
NUP	NUP-2041	4670067a24d848ade5ef66c5878cebf8032b46a836a5b5cace27d9c4404cbb2b
NUP	NUP-2042	81b1205237826072cf429b48f5e53460b7671d54d0ac52108d8fe8fff525280f
NUP	NUP-2043	f569be08b4c580175e668b17663f4e4e54e4947345ced29e251dff5c66ab5583
NUP	NUP-2044	d6acd60ee5f7125ca5cad309e320c5a2b94f77ad1e8b059bb3da64ee081f7c78
NUP	NUP-2045	606d6599c09366e9ce8ca7ab89095225a12b2d773bf40a31b26abe4607714762
NUP	NUP-2046	761a92fdcd9e16d248fa64804281a6a19582ca2b52f2ef371ac461de998985fd
NUP	NUP-2047	c81324598947cc36bd060a90fdf4748810464342036cb8ad34ff43dc8265a479
NUP	NUP-2048	5cab0c4446c5fbb579612dbafedbb072a41cc7d792039f513a9d466fda37cd3e
NUP	NUP-2049	baafcd46a19b3be75f96235934a875ec7c8d37ac35122d377b26ac42fa077ce7
NUP	NUP-2050	de67be440efe3145e158257686f9dab25728f69045b30dacf50f96015bf86d3b
NUP	NUP-2051	264a78da1e85d07a25b7dd62f11b0714551ea0a845691cf36e49d1c398d0a4a0
NUP	NUP-2052	62bfaa789e9f3f0f6cb9ce8fa1f7027911ca28bffd97c152cf5439e07591d8be
NUP	NUP-2053	9f1697834991eaa8f4a71fc9d84aa53eee885932c41eeb48fdc79420abee2b3b
NUP	NUP-2054	4b34761bb194a340b81e7a2b910e26ddeae433f3e9b5ae72dcb2c48adfd3cb6e
NUP	NUP-2055	0fa46011f019deb865803deae708f92758c3280b96d95b41914692ef0025455d
NUP	NUP-2056	4cfdeb28871358a55c4720851351386eb8114c033c896867ddcd9c4aba212b4c
NUP	NUP-2057	2b990e61da167bda8bf2cf44bb75e3b1c17fa5d37d56f4627f3a374f419be8e0
NUP	NUP-2058	e58cf7e5d3aa7eed5b3d62ba714a4b2aa04c0c1ac8149ffa315cb8d3b96faee5
NUP	NUP-2059	4e5866a0de7bfc2b660e9c207e97d64a3039d49771518640428bdc5b489fbf80
NUP	NUP-2060	d51d7d5830ca025bb04146f284837a71e3f9f01aac9fd6380ba73a3fe6a58556
NUP	NUP-2061	193419b6fc39cad25771b0e1daaaf123cfadb692a4050a8894fdd4f603e52ab8
NUP	NUP-2062	8b83df8763faddbcc86433cc7254bb3a4809a8e1f857a4a11512e003472f8959
NUP	NUP-2063	59e0b5d34270dab574e8886e58ac4a145ecbab7070b3d5feec444316cf1c8fa0
NUP	NUP-2064	c109d112392473bd63838cf26d362d309245c08722512ff874807dd82a3dc0b2
NUP	NUP-2065	e8a813147f4df854bddebee11ae98aeb84c2f6237c3820013c75eaf3ef1755b6
NUP	NUP-2066	4f16e598ecca9940e7f0ef3c97845097e9ac0f1867d76a7528af19c5e3296720
NUP	NUP-2067	03f613e74d8ae89b8aad3d28adf0c1fc9f72d3207424d8e6fa2b69bacab71aa3
NUP	NUP-2068	bffdcf85f3a5263863befd1e9660534d93ddfcac8e5591e0e95531052c765839
NUP	NUP-2069	2d9cd437eeff4061c45cb3748d3dcb619b2cface584bb26f8c47d58d53a3ba43
NUP	NUP-2070	7ed26e857b12b9a0f4e402f0775289c0f4f013733f9e4358064be44275d929f7
NUP	NUP-2071	8994fc818d875b66044c00f0e1eb1a16911b07be212f114d5ce1cf6ee24c21a4
NUP	NUP-2072	67e62a712b973bb7a8b4795bbc2fc4674850f6861b7293d824f7945c76a3baf8
NUP	NUP-2073	1606a38591faf22f851c4cfd5abe25f1afa9779ecf0e23e437735799d4ec4776
NUP	NUP-2074	283ea8e4d654c83788d66dde5a90537a6ad372dd91dcbc46948c75284157f431
NUP	NUP-2075	1cf5cc31cf97cc53b12030e7645714bc6b0a43df5e99ec5f19cf09a6df546d31
NUP	NUP-2076	328b094b1ef67df12878ae2817f3d8d69af5dea8aa0af13ba1678ec8e322a522
NUP	NUP-2077	06a741f2abf1e9bda1991503d8adaa4aef4fc3e71777bd49bbdbc50585dc4044
NUP	NUP-2078	b44b27f35deb6560e47b4a157a265b383c0498aad41dce5a640d0a99079c9ba7
NUP	NUP-2079	2e18f138e3d6eb083de055e2617751548ef529c57f4f9aa6b9df2e6d243a131d
NUP	NUP-2080	040b7211cb9d2386850abfc21dd6e6c161c0a763178cc059fe12fca9eaecb94c
NUP	NUP-2081	6ccdc6e7dcf697e05a6e5e55fe3aa32be9ad20c86a3b237bc4d86c4d5d939167
NUP	NUP-2082	50c1c5278b9e1755b0bd697c8c709f16e312ae6019a63e679805dfb5958b307d
NUP	NUP-2083	f043e0cb2a8e995f5b1180d94b52d1aafa46cef450ed18490677cba2d8673142
NUP	NUP-2084	83b6f5d13ef0bbf0a92ea17659cec6f55d4814a46282baa27ec8db1fce74b33b
NUP	NUP-2085	33dfae8b5022d481dd7be29e0f1ba6c34c56301bc571dcd3b8993752f708cb6a
NUP	NUP-2086	eebf9f181bc5b661a54fd168a5775da829f5b643460556766314fb351b3ff68d
NUP	NUP-2087	eae43716a3fedea614700afcc45e67358b94f6978ecebc7087ab4bbb4fe2be48
NUP	NUP-2088	11b7bc5b9feb6ee73c980316004ccbdf614b5dd9c20dd53e7d0db634c28da5bd
NUP	NUP-2089	91d4927db7c71eebb0cd7820ba4f05ba9a96d758ca147bb909205dfadfe74fd6
NUP	NUP-2090	082c9afce3df9e69f0de95a1babfd517670703b7fdd280e3a876059fc524dd3d
NUP	NUP-2091	264630c8ff9e6721bdfebf2f968754760276b16826c78f27d17eeab8baf35d9e
NUP	NUP-2092	788d65ecea6d9c25f16206955ebec2235ff2686222ce4a02b068ace4d5b90462
NUP	NUP-2093	b225f624c0307739f9e83e678a98a15c2ff1de5e46cc4d9895965a99c5268335
NUP	NUP-2094	34610057a81aaa0afc2af160923cab5a33ef5f369bfe1b29fd09b8f3bcd1b74c
NUP	NUP-2095	b3ed4c36f83075be9ce9cf18da684ec573a66d1f16773eaefb847d51a251b008
NUP	NUP-2096	4a3aad50d929530d0aa51eebda8235048647cc968d4e663c7fa5272edbfafae0
NUP	NUP-2097	0aa3f0fe56894bf8da5dc9b299c7c8fe1b6f0cfeb05895ddc21c0df6ea43bbb2
NUP	NUP-2098	f5cbf06afd1a3946f2cecdec11f087c563af37e51804af6e4e5a57661c30fafe
NUP	NUP-2099	2e393565857db71baf2f6699fab94735ae080d524966c07824e0501c20367d57
NUP	NUP-2100	f69b82a023260eb74218d206e8d6c3af839d9625cb6b67fa40f459a12adcdd44
NUP	NUP-2101	d7103affe649c8a69fa4c51a978a4548649a6b88ce42c621e87689fb1c16b829
NUP	NUP-2102	e6d330724ec7ed9bd2f19b00e82829ef7822d514c822e99d9b63e2570bb8f8ff
NUP	NUP-2103	149cd2ceb383ec9132cfdd690b9537d6d3b6a8353623a3d8dbae22c6a45911ee
NUP	NUP-2104	e00c2e270b89610fc67fa95487014bbabb541fff59adb0ce8cd17c03ae0a7c02
NUP	NUP-2105	71cc5b595e35a254e2af8b852442db480e3088bf28c22496ca7320a403d6e293
NUP	NUP-2106	9b80bc666e99476c5212cb3cc6c81d5bb4d93e51c4569dae4ad994494ff9d8b9
NUP	NUP-2107	a3475c755684dfa478a0a59c87ed2785c7b634a3a6d337bb828bbb7bda6ba43f
NUP	NUP-2108	f2a43ebec81c33d5707d9042ace1296cd79c9b527d18bf42764720ea9dae1673
NUP	NUP-2109	6a3f167ee7efbc8297b620b8b6d3de19a5c8c12d26f13a9e4476da64a88cd852
NUP	NUP-2110	51560a4fe50d6c7d32067f9082290e4202bffe13f81de69f8ec43ed71313498e
NUP	NUP-2111	68d4c194cfac7f54b9dbde9caade96c1c5d60850cdeed6433a25d29ac8f8f268
NUP	NUP-2112	31486d6f2b7381f4973c7efc19b8b56ccd0beca12a8fe0cb91670bb2f8a1fb97
NUP	NUP-2113	9c8adbe9788ad56ae4a419d4eca62395ad98d7ce98462dac17ce30182cea28da
NUP	NUP-2114	81d69514bee933947ea50b7741151de6a884812993157db6cc1ff006522afeb2
NUP	NUP-2115	ff7c98eebb056beb859a0b7a2697f41e4d1bdc486c32d6e00e0633b19e6c6739
NUP	NUP-2116	91e9d937046fd93955be5136f65ba81bd0b75e8852715fb9eb5d67e1be386d48
NUP	NUP-2117	787319658465e9867056b4ec94a93b2123d0a5e7ea6ca24bc0013cc031d93111
NUP	NUP-2118	8211f03a4ec99d58ad4ad0604259431b2b6ca66f83c6e3ba2040d9ddbe1b4d05
NUP	NUP-2119	8a9d0f99a83bed2970bf89cfeacd569a229612316e181dd71097828b7b618d7c
NUP	NUP-2120	90431f3b2a9958c3fabe6fc3a3decf31559bf1ada69560b25dc1750a2147238c
NUP	NUP-2121	31716ff9a945bdbed2eb67c0913e45bb01d6d3ad71f0f41f25102708283a6f66
NUP	NUP-2122	2824e85286eae222a4ce81e0a2ed49c61c1e553af1cfdb43222091fdad796199
NUP	NUP-2123	ab8600349b6c991f086add6d6d533395eef42698431ecef8d747d26584e09eb2
NUP	NUP-2124	dec8161fdfa8f57cb8d900e8e753783927fecc6ca8be4bec6775e1e45af16404
NUP	NUP-2125	c100f82bc7d3d33160d861d3366ceed60a5e9e67b77a68b6be3e2b609daaed45
NUP	NUP-2126	da533a9fb0ea5c5161ab68de2153a76d1d56a76f801993981153c1cf1d196aa2
NUP	NUP-2127	efb68907c0797f864a1144e6a78fe90a8c249da50411e8f4c0e418e774635050
NUP	NUP-2128	548b06a92b643714dc0baab05264857a34aa4deda0cb429e5216fb498755cd3f
NUP	NUP-2129	355602bced710aa1fa2f5705f6d852189c69e1718b91bf564155a7a74a79957c
NUP	NUP-2130	36773aac43e3ebbcfe1a3be7424c54af01c43b2e14494272560f802d7c0478a5
NUP	NUP-2131	39b6dc5cbf0c265dd5735430206e2206e21373113737ea6902a211ce99e9cb47
NUP	NUP-2132	820205c43d9141ac1b36726af71fd1683f01708ba96ee8e9e1f24339309d77d9
NUP	NUP-2133	7ce9f65e0f99889bd90be63b4071755c951470d80cf984ac379aa65b866289de
NUP	NUP-2134	e39ea2f056a935039fc5079dab313fb09bdd23dcb61cbb7f5727292ad4d16837
NUP	NUP-2135	a1e907aea591d8e0e8e6bd8d086daddd3ab6cb6b657401e26cd003faddb6f16c
NUP	NUP-2136	51f3e7722ad37099344c64287557b97ab3cc53b72049ba96ed2170d2cdf83583
NUP	NUP-2137	9d2ee6cdaf808ee8d8148670eedc5d9cd8d9d99ffd035d11dbee2802a435099a
NUP	NUP-2138	20a461c2c16329e89f5f96552c4019fdc5b022d7abe9fa67834c639a01f7c1e9
NUP	NUP-2139	dc6426e610c6f6663ef893ffac9dd546050f1ce52be1c50bdeb5d18521bc855f
NUP	NUP-2140	5ebcede4fe1f74362018fe440c97656040972e7ebf82c858f116a7fc5e7df72d
NUP	NUP-2141	3f89aac0b60419507625976efe86c18860daf1834f449b8997edcbb64213c46b
NUP	NUP-2142	87b74b07004bc69d221870527a58a6390cfe7181170fc6f647647e4eda14c6d3
NUP	NUP-2143	5e3306db417743f7b34556dfa80717f927dd19ae9f9165d4761250c6d5379394
NUP	NUP-2144	aee280c05084d8aff7eca5d3d159a3e3dba2afc67a6b272c973fa51958e3f9aa
NUP	NUP-2145	5f234ed193332dc46b8f50ecc28daee0ae9e1d80d454160778fb5439fd68a5d4
NUP	NUP-2146	7717a5278f30df5bb8d7b1c1f665f4d2eecd69cf767ac2fd56d6e1b7f72a80cc
NUP	NUP-2147	154639fdda8e04f4b33fe25046c3aa39a6ff1767aa9068f50c828254e309c24b
NUP	NUP-2148	e316021e335617415792f22b981e81969bafa38959f957922b0217330b26ec84
NUP	NUP-2149	d062bc5d1c4d9e8dd6a0cb4cb1ff38492f71bfdf276ab45d05c6de2f3392a875
NUP	NUP-2150	8eaba7c5687bfcc65f76717c77dae2716b919dde212d14d54a99ad5f409c9c5b
NUP	NUP-2151	506b76a9ff4a23e7dddbd26c82324bc6a43342a84e116bd2c79e5e4e609c7480
NUP	NUP-2152	2bc6c9d2fec90a4a30b1dd28568ac30eaf44ddb2c4a492fa3580b44305baf138
NUP	NUP-2153	bc4f610de08ba555e155acbf4f55f984481a0d42ee9a164c8c9da91e125a55aa
NUP	NUP-2154	19f02383eadf7068dea8ba215b1a5f1630fe180f5cff3da8a6d966ae47c2a9b2
NUP	NUP-2155	0b42492959cf7f588f5e91cd9f1a0f7970f8f0eda472b340f1872942b68a00c6
NUP	NUP-2156	64868892f854a23d3a3e809f39112a3c156c25b0fc10b28ba0736ced58a28b00
NUP	NUP-2157	d7ab9ab5fabec494f187e082a752a5b858874da92008d372c365dd8547af3057
NUP	NUP-2158	3cbbde0af4274e9094983c4f48b9e401ee669baca7aeeb9e7fa35ae5270be3dd
NUP	NUP-2159	49f13822f64d9e2104a0f7f3f05592b7334f9c4de06cf443aa30fc674c36b838
NUP	NUP-2160	1551e145e18dec3a11c4557e0a570b2a524d595c72c676f1053b7c15e40dbb30
NUP	NUP-2161	1c36d020c192481596a806d216ae385635d5f0a8d3d2a2a697e9b38c0afc7952
NUP	NUP-2162	3270eb1db9a8256713e6148b77190a2cc38d9aad0e4e101fb58e566fbad6e7dd
NUP	NUP-2163	e3bd34c0f4e1e5c7ff533bcf0bcb28ef61b51c6705cdfac32cf58f868c1bae26
NUP	NUP-2164	0424f3ba6669867f966d3b85f33ab518e03c3e33e2a620aa2c739a3e98767553
NUP	NUP-2165	611697a03a61e158b4689f57552ab52a9ba0baa14bc9f2eaad27be4484086c67
NUP	NUP-2166	a72dcb1ac3914f177c9f772f8dd90df853b8ae2e10c4c1406c12100b40046459
NUP	NUP-2167	9e7bd826704c3868826abb6ed89e819c318c975f060817e64e8efb40544f9c92
NUP	NUP-2168	eecc927eeca73fb23477e4836e3a07d51f15f88dc40302b55a1b0ef180d3024a
NUP	NUP-2169	333d38e161d175cfaa64b8af86fc1de5c533a4d919f8b85999a80da755ead1a3
NUP	NUP-2170	719f36d290d7dac00d1cccec3b62d1bb6e908f22148379dfa8ea1417c6777e27
NUP	NUP-2171	d0ef7d338e74d66861cef1d2363c73a1f34249a278bf41f03dfa33b353917d7f
NUP	NUP-2172	a5d06690d236884437d5ecb34318c617780d72e8ec3d53c890484f4d2c06bcc3
NUP	NUP-2173	fc9acab2354249b8b9fb930e9083eb0ba398c0079d29fcd69fa36bbf14b6a33c
NUP	NUP-2174	41c7c636212ba229a1fe26baf87f0a4c3b3b11338c9c979d4dcd890d4000cb9a
NUP	NUP-2175	6ace251ebf91a2b08b3e228361d6655867b70cc96efffa832d5e1771ba30e7a3
NUP	NUP-2176	14e3f81b688bb4f0d5f2e936e3045ccfd32d08959709a8a96b4deb14b88fa583
NUP	NUP-2177	5164657e68d58d94b0888e5439c211fac3a3ecaaeb1774e92dde8476a9f17635
NUP	NUP-2178	5ae083d7ad679b449b27136c5e5ef3587756969f5c4e1d103d6fe4c26cae921e
NUP	NUP-2179	fe7e75d9abb2c795373ba881341e099f470a6a2e358c6d976f95926f07c622a9
NUP	NUP-2180	74f2cf7e8af0796a63d30b78390368dee10608f0102302013b2fec7a9fd90f3b
NUP	NUP-2181	bc15c945d5b28af3f0ec5d9ee1318cae50a6062cc82d2ca0fb6509939bf935fd
NUP	NUP-2182	d68f59823c43d20234e989809daca3bb64a53e15fb5617736e100eb758025a27
NUP	NUP-2183	b2f90e9189e38c58464c6b93105b1985f2d198afa405cb8ffd6b00d23680d5c8
NUP	NUP-2184	c1bfa5ab3def38285ea357af8c18d6f8219c06eb1169e1a0e1f653217bf0dd6d
NUP	NUP-2185	2734d0817d10c2e72f824e7a1928ff73294c851f3456537ff1489be50f320703
NUP	NUP-2186	57110551b114da55519f912df8b9baec8d8ae54b6904f8ff9396cc3ab92048c3
NUP	NUP-2187	f5bf04a123dc3d5b59b3c50d8f0a3936e91380efc3586c7c7c9c47728bd8bef9
NUP	NUP-2188	4741393c6c547be963df64ac2473f9e470e9345cb0d7c14f89fc247dbdfc7e20
NUP	NUP-2189	b7fa4421db22e62e3a3b26e345d379b87d39828f7b1826ce7ee1bb693ae82515
NUP	NUP-2191	8de60798abddb850d157dbddf460d7f6b97f5761b904bef208f597158f37b8f7
NUP	NUP-2192	c5bbd587291095b06a66dc878c17c65a6129c5393ba7be85d042bbdcd6a8baee
NUP	NUP-2193	d724d901261bcbee1cb78d8ebcd6be39c3b7fc360da12d59221c8085b196fb72
NUP	NUP-2194	50876f13366751e6cd056ec23f80ff48fabdc1a95d4da143dcbe194186205900
NUP	NUP-2195	042c22e11eaf4fcc6784d013424ee96a64921194251e3c9a282496725e15f9ae
NUP	NUP-2196	74edef195bca54580676d6e0d99190e57f1969b206ac876c419594ec5b4f93ff
NUP	NUP-2197	b3641edacd9d3a78ee82f5a29762715937124c97cc494c713ce8aac19cf2a27f
NUP	NUP-2198	fd3024453964b8ef1869e90353242f8fdff68b91ca0aa43993a0572e417ed618
NUP	NUP-2199	6d325d5a778395798464b9a3166784fd3671a96ad7f45d80b69fca4b54030111
NUP	NUP-2200	b19a5e6beaf3c24cb0dd8e7092279c587e094e1b1c3cc80258134f1a9e6d41ea
NUP	NUP-2201	b0da1c56cc14e681fcbde9a3f9063dfac04c72ace5e3ec1e9aed3a2f51b63046
NUP	NUP-2202	2866ddcf7e2134e05aaed49d037ab9950f5ebc0429fe37c4f646f7aed84966fb
NUP	NUP-2203	38d74964601fd4759e41309cdb67e1cb082a350e52f4f1ee8a035be176fea21d
NUP	NUP-2204	62b33e955c8aa113195080a3a28194b7bc410ffd889d4c6fae1ca0bd1dc3a93a
NUP	NUP-2205	c64ac51a345edfdd5fadbf99dbaa1f5effc2ea346fe16612b441f1ff5d6fb5e4
NUP	NUP-2206	5f68b5909cb4bb4d741bb7c241eab1e134bb2645dafb5068e6567d502b40308b
NUP	NUP-2207	09cd953c0494c7e1ff32869ce1761ee33fffb6dd3a265ec642df4051ebcc5a49
NUP	NUP-2208	f420369e8c29a9c0b40e23686860c467cfe2ffe7d3ec8dbf8ab1dadeaae6ca98
NUP	NUP-2209	8343b4c18f65411bed37ed53d43e4fc86115123e6e8a7382d76b6ed32fc6b58c
NUP	NUP-2210	93e6128693175990c761d7366dd2a35690d0225afd1053ff1f2d163fd8625988
NUP	NUP-2211	fee91ff18096688c5176b1bf7e02d648f6833ca606d7f96f59ac12b9de96010f
NUP	NUP-2212	1b16b429af2efbe78b09de6faad3482d614583800468858ce7a32f7f4db06f7c
NUP	NUP-2213	a3b2241383c6e3fddacdc2957f14158226b86427d4d297d80683ecb7e1725b47
NUP	NUP-2214	bcde9a83c3154755f990785cf3ffb73ee290aed513491f80cb62a239047a10f9
NUP	NUP-2215	5886570d352a10a20599bc4c588dee4688e98c5dbbde46a3614805a3f2e1f865
NUP	NUP-2216	c08e93ec60fc5216848bf012c00f82754c8311dc26831765346e7bb7b681cad1
NUP	NUP-2217	5943d68b9427329c9e0378eca52c6d3e142b274ba7973030bbe680a63cb1229a
NUP	NUP-2218	b01ee1b9b5e1e656e707b923d0e546658de93ed5f4c5c6e7a073bf5346a3684e
NUP	NUP-2219	d9dddccd11e89c69620fd15516f32410fbb0842219e37f8b85074a41b8666c2f
NUP	NUP-2220	99bcf6a3313df4e1de90cf2a74a81d57c3ef29efd1bb9c9072f6957a2224865b
NUP	NUP-2221	0fd4cfcba2caeed23c88fc77d07d59f4c870c97e69e30e58502d78394d36c975
NUP	NUP-2222	da3b1ac7766938c6ffa33c648e2f7c48527ceb890883ab93629c605b625b2f05
NUP	NUP-2223	94c391588860bc01d5bce254f20f6e69665d9d4f7d3429f99e5547fbfb9c5b00
NUP	NUP-2224	2d65fb9025cd65c7079c6f87d1f30c71383bc3b8484796508493814fabb1197e
NUP	NUP-2225	2ed55d9cc37b7d11a417f29c93826e89dc02c007a51b3e86e873618cfff66be6
NUP	NUP-2226	b78fe8c2d40a9265bbbe8229a36186b8d6a6894c102ee5435892dd1a9ba9467a
NUP	NUP-2227	d8085ab685d840ebc9d011e6492e5f8f7fa9c4c2a6ed7b727b62fe9815b5c00e
NUP	NUP-2228	4e7a8fdee82f152e9c084f42e647dc14e53634b01ea5c2c7bcab43dc411cfccb
NUP	NUP-2229	95bdb8db140800fc24679f61ee9a0637d8556eac5ebdbdae519bbc302c993169
NUP	NUP-2230	723160594581c0d7d12467cc992d5f0b74f8d970182167ccf6242ebafe46c46a
NUP	NUP-2231	9e22ebf883ab693aa22cfee876e85a4ee0607f1731121ba2e8475cf47add64fd
NUP	NUP-2232	c0966f199a53ec20683c6c286ddc65380a206c2b25448f123735257a800752cf
NUP	NUP-2233	c214802aa242640b1dcf345126f56cad6f2b7cd065afef597955a7778f05aa38
NUP	NUP-2234	8ee324af4c812efdc7264e88e07c9b79705e8fab03ed2b539015a852565819de
NUP	NUP-2235	716c91eaed680bd127f08360914d9a6bc56445f1e7f81a9dc5d4678a91f7e1d0
NUP	NUP-2236	59fedf63ed214223be673354168ff969ee1e6b7a24ebf23f63799d07f4c78f64
NUP	NUP-2237	e5570baeee009051ffcb1f5932dd598e58cc6fd7bb055543e8156a792be721d6
NUP	NUP-2238	b271b9dbbcee95e13daa461e216529f1db42e541f200a44c3c4b381c2c0e29d7
NUP	NUP-2239	afba4db44e8046648aee446ff59df3a95dfb9295cdb21a67fa8c838ce35299e0
NUP	NUP-2240	563e5a143818dc38b7b08b44962708ab2300d03ad981f9d2158eda6cb1cf8e00
NUP	NUP-2241	cdd6f3d7815e85d3d533bed3959d8aa9133650c9503d144807ede4fa86450c84
NUP	NUP-2242	58ac67c83aa3e464c25f6931ef0feca5856f8630b9b2b71c0f754826a62f14a6
NUP	NUP-2243	05ddc89b1331b34e67e879947cce8f642a6fca5c94dfa8e307296f1b2ff6fc7c
NUP	NUP-2244	e8ba51ab3de5b616bb9fa15160d90a46c94144fb0de4fd24c068bc9054f2be0c
NUP	NUP-2245	52354b5b0f99ba6ddf26a03e9cb86efd67a8bcae04229586b765a0c9211bd9d0
NUP	NUP-2246	80b2c78a137c6e482efc3cc2372595651d48418a3e144ac6f3c49b09cfaa6409
NUP	NUP-2247	584b8658a5d2c6cabd11995331ca1cde2f8167ee53c43e5a96cfbf649098b02d
NUP	NUP-2248	3a309d18aa8b8997a8341298cb76103f546d94bdd4d0b7581195ff8e395769fa
NUP	NUP-2249	69db0ad86a4444e7206398949ed785240f689972542a31763e61bbb9f85e498d
NUP	NUP-2250	e5c59d06d2f0404aabde1cc2a862e2f7b2a1e40cc80f73fc7ca807431bd2a114
NUP	NUP-2251	e744dc9a4fade0a1c688d99aabdb7f06b581134a7cc0d009e39d214ad8821f8d
NUP	NUP-2252	8353d1c2c9e846719cbd828fdd7609dbc7f973e87c8d8ef9be823a634e8e1b28
NUP	NUP-2253	aa68d3afdce78f88588d8e1cff24cc5d1923cfbc2383ffea35dbeaac2b4d2100
NUP	NUP-2254	b9b231ccd138d135aacde15298d001dc5404bcbd2442678056341cd46031d982
NUP	NUP-2255	63b7c958c26b409b7814da195eff4b3c2a03a0ee046120574ce4922423d281fd
NUP	NUP-2256	e132ae2d6d7e6e25f271f7361231da7d6e057796475e3352b9cec2dfd345bd2b
NUP	NUP-2257	0cbd4a3b4b06edc4d1915a450189141dea38d5560c11d9f8fa6c63cc6cdff496
NUP	NUP-2258	a41dcf431b610d5413f5a77456e639b23744e2fbff4bceab03407c5820bd6684
NUP	NUP-2259	3d1de3dfded091221ca932152acaf9fb0277d7e70d3b25f3a731f9c79d66db8d
NUP	NUP-2260	9036baaaf270c5bf3bbd105a5d05120d2cf78b05154eeb7bbd9bfaca94a4f7a7
NUP	NUP-2261	4140c0db801b5fd0f2a81dbba147a89f47bcc6ff92e6ef10aaba709b9357135d
NUP	NUP-2262	80d7aa01bfa6c28bdb2b335453604c24d4cc3e0d2e72493f997faff42d03fabe
NUP	NUP-2263	8fb370e6f8640c9e28b339fc9a826d8f474b93e6e8f13cd097081cc1c9038207
NUP	NUP-2264	91c3124a7bf553ab7510bb32641d8dea2fbfa90f927e07d05d81191236d75e9e
NUP	NUP-2265	27999088c624acbab54afe2399dccae61b93bc4fe18bbc5ae71f762b608b4ab9
NUP	NUP-2266	e6c05658ff76e0abdf8c2b2a333081380cb7e99e2554732c9c713c805398ecd0
NUP	NUP-2267	8870f317e9379e468382cb379d5d0ddd8f39d764306b5d62165b54cd27e0568d
NUP	NUP-2268	a95b0d5fe8701ee6df64f25ab14f8d09e234f95da4f0cca954a44e7bddc6792b
NUP	NUP-2269	d2986ed6f804cdfcf6c117f4d445e3a76d0a20d5bc10047b4780ff95acfca795
NUP	NUP-2270	4bfb3407bc801e035cb8cf39f505290ab8c0e7b077d6d841a4404f355612d2a7
NUP	NUP-2271	c6da2479f24b2ca11639fa92b32960285817575e1bf6d2c48ea1c317c33cf7cb
NUP	NUP-2272	693be3bd6f34dc7a1bc99a1eee443f780c1436b7b50f5ff16c62055ba3f31873
NUP	NUP-2273	dc6bb4853aa798c9584ad6ccf19d5339ecbb2d1b98adf2f93a442288a7e44db5
NUP	NUP-2274	462c54533e2465bebddb7b5aaf3021f5e9dd2874627a95a187482cca0ff48538
NUP	NUP-2275	e1cf9734ef2ed278ebf6f6125ef9e6f3526c383fc07d74a4bbfa9bfc770724c7
NUP	NUP-2276	635def3c66aefda007f93cc2ab5354b46c317840263f1e764c45a53e8068bfd9
NUP	NUP-2277	2ebb2d8f4970956b405d8406d93eb7e24189e23ed7521ce805b810efdadd89e8
NUP	NUP-2278	5781fcd9c5f5ce07d119ed310f7c73628352c093898a7304e8610575dfdebf24
NUP	NUP-2279	61b13270f4be944478210cab1b206ad74317bf5f3aca8668cb87a1e13c993ca9
NUP	NUP-2280	d8f2859130bf843004e2b53cfdb4f60f311045d673d80b9f2dbe92804ad3e72b
NUP	NUP-2281	500c8af1f984f34b6709eddf4cb19c6a659c8255b57d3977fe8052666035cbfd
NUP	NUP-2282	386c557eab0fd900376e084f7bb2a49654c2f2e3e9a7e6060a9cb7386f565967
NUP	NUP-2283	a89818d2345377598b1848988456acd7f87f9ca47cbe4d51518b4e769ff96fb0
NUP	NUP-2284	8d0713f3866054b5837c5325196df9a9c320f992d667fb6c9cdd37a8517137a8
NUP	NUP-2285	dc5f27480cd0e66f8e9205dbb126bc33b00fdf82dab3db6987da04808ccfcbe6
NUP	NUP-2286	bb4acf5e27d76e140b4831b82c6972685d42b2bf0ad100720e994dba4066a0a0
NUP	NUP-2287	6acf87ea4ee0179672903eb396dea4e3d718983d3ba54a0737cd1653fbe00541
NUP	NUP-2288	86b5135333bf95e1864ce921feed50a31b1b89a240c667574ef358c0adb189fc
NUP	NUP-2289	138eb0fa090564c2b5efaa94d2e312661a3c507e58c4fdbf6df10395cd73f746
NUP	NUP-2290	3bc4bb5d6b13703b93ff84373b4ef67bd60186ecbe76ec66f611441335ee68d3
NUP	NUP-2291	64919402c8a4b77ce3da404aa6641a88f75766acc7599734b87c1d33168dc938
NUP	NUP-2292	b0f968972176ca2c25f07ed69133f03fc6d795e04f98e9fb24ee2f7260bd66a7
NUP	NUP-2293	5670c19bd01941bc3f522e12a78d6b21da8e3c3d7290fe63565e4e8d3a6401af
NUP	NUP-2294	b19f3163a8c7bf0980b835450d0ded7b53f8a623c9a6452e637a70cab3fb3226
NUP	NUP-2295	4a3bb59cd9c77fa655bfd2f3cec8e0fa3ffc6efd31109a02fa89067e57b5d4df
NUP	NUP-2296	fd03051929cf7274adc74e59d9f03b9d928c1d48b716557623e2fb8c594d12a5
NUP	NUP-2297	3979e08cc49235d00fd5e5f637d6210c63aa1252d08bcd06c06b28ebc1185668
NUP	NUP-2298	489bfa82da8ffaed3581574095ce009ca408aa9be09b00ad6186a6389e887823
NUP	NUP-2299	bb1e1026efdab375361946aa79ec814a95908643578834efaa0f3cf66295e9a7
NUP	NUP-2300	af00293c4e63c967f68beb5b38da66157ec822d1d9e86de1b84e85e20b9ba098
NUP	NUP-2301	043421781c1e7f95d2ec997e84f20914a684bd138b511d8c309829586bb7bdbb
NUP	NUP-2302	c9dee01d701353502279277f7020708e1f6c68515900ce022bd1310f8e20df40
NUP	NUP-2303	27806dc65abc5adbf89c3fadab37b6b328731c7070b2ec644cf06882529f2286
NUP	NUP-2304	151b8667145039e9f86d7636570177b7e2e459b7c0a3f0edf4f7d4cc7dc8e7f5
NUP	NUP-2305	b3a4f5da2c62612cf3ffda240e0ae7f208bd15151743514e9b989cd9a0b1bb39
NUP	NUP-2306	f12c8776b8fbd54c009ab299d289dbb19a1889fe37465c679f02c85d94d501a6
NUP	NUP-2307	03d5b54e23fc26c2ac92acb935c1cc0f9bed49f4de2879c6690c16853c222a28
NUP	NUP-2308	c7ba6089d1cfe98a02ea5a7c86539ac950b7d3c4661c3a4dc8896a9f1fa51466
NUP	NUP-2309	0d57ade77e05f4076fdf6f9699ed6502d411cac2474cc74ef123691f423ebb11
NUP	NUP-2310	d0be0f923bfaeb7b8ac04f55abd50d20e8129c23733da10b27c6efaec02a4be4
NUP	NUP-2311	4496b0cb595d045eabf0eb0166156f29dcb87f871b6609078735226add041085
NUP	NUP-2312	1c9e10fa32c3e6099df379820890a68015936098978348bcc4c86b87298f384c
NUP	NUP-2313	9092116c88d4d04d1fbea5f111f73e1cd11df18773ffcb215bc04002e0067740
NUP	NUP-2314	24f8b6a1cff02f2b1406fedd5a3353d6d27e30ff890143cac18e5749b31e903f
NUP	NUP-2315	90c58e2ad3e4a3929bf9d357581658e9d46351acf04e06bc81a5f2311a684e93
NUP	NUP-2316	fe34d902f1751cea4dbcd0b644008d7c096f72bdbfd243271550a9240123030a
NUP	NUP-2317	02383ca2ff16976b05b914ec42082cffb1d5e9bf7db53e45c28b1398c817f1c3
NUP	NUP-2318	6db994b54afca55457988dba373661fad44ade79e73648923b403b6af45faacf
NUP	NUP-2319	b9d9643574a42cb98cdb254d20d8f34a372737d5c24d006c8310743d8cfc5401
NUP	NUP-2320	07fbeadd626347911228406ac8b61798d47f8988c1211013f3e488c25f584145
NUP	NUP-2321	b43f1522acdbadc74c6db5ce2598562ed85d08195bda5e689f6b609b303be0e0
NUP	NUP-2322	d84621ade0d0f06b5ad44a4b5167e5e39d856061017a7ed63a8a6790d22f24eb
NUP	NUP-2323	efd76b9e710a1a4844e0762465e586fb7c5584426883eff115257f28168d1c65
NUP	NUP-2324	36a901687d4ecb788bfcff2532c2d64526c1768f3ffdfe9f5d55aaf8477b8b6f
NUP	NUP-2325	71464064be36c8c4c34a8b45ccc9ff5bbca2cbba33764a083ebbd373b6a9141f
NUP	NUP-2326	0870fe46a3ea5cf79a8e6fe797a67d5c1f538d56a228b6615719e5986d828f56
NUP	NUP-2327	3b13ed98e11d56351ab5bc7f079843b012b14f258b0ba71c68cda851b5133c68
NUP	NUP-2328	920695931653881dbe371e89c812e6dbbd026780950f48389a5662b84531ff0e
NUP	NUP-2329	f814e101ac05904fe415b4fd666d32c20eecee6fa8b4948fb3d5ae5e37cc4697
NUP	NUP-2330	a41d0b9b065fe77385f5ffe94d250324c1f8c77ca8b3040f153ec502d9bb6875
NUP	NUP-2331	e1b33e25332169c1dca2db0fe7b0458d1ba485c7690e1f434ceea35bdb6a72dc
NUP	NUP-2332	9560b14f788347fb629c75e3034e967ad583604bc5bdba011a3fc1e889008f42
NUP	NUP-2333	9a98d149aed93ff7a62465a6e5babba120b5414c9ed67b75404a92b430ed47df
NUP	NUP-2334	5e39dfa2ad5537e859e52318f94b7363cb01f1c5b471fd0b490154828ca07784
NUP	NUP-2335	79fbc430fc92fde1598b05717406d3bc75b5a9bff362d8945043bd67dbab85f5
NUP	NUP-2336	92ca15cc2dcc294f08c9b5b9c60a75011eb5972fb1ced3492d43f7b5bb1dd7e0
NUP	NUP-2337	04d9fa68e6922cd33cb27cfcc05e0b9540c0e872adf982d3c5f322bebe5992db
NUP	NUP-2338	341712ff073dce822891f3a415a44777c4ef7e2b0ecafd65adc9f5e8a321dc77
NUP	NUP-2339	b170d7ff4c823ff015e24d90e8ccdc7ccd5c41bd00312b7acf1438564a483512
NUP	NUP-2340	5ab524fa6aec9ff287b7603f6d77e9ae22cda43ac2c9316ed263246a02ff4fdc
NUP	NUP-2341	2dc7b0a78161f419e4f5f0f5965f63385f9ce0ab55d7466b0fe1b9a9d3302ef2
NUP	NUP-2342	f1c99ef0c66f57a71af9aead2fd5f6e71fd9e133aa241445770751be951350d2
NUP	NUP-2343	31a132241ee8225fc88fdf65560514b23fa0594f95f67f426e506ad7cd9c25bd
NUP	NUP-2344	f2b39dc6873e46447c51e1db2e70fe47105436679b5e0a91ada52d1786392f96
NUP	NUP-2345	0a11ba444a08168d3129d927fa91071bbdd426b5014f485b6d28310c589d898a
NUP	NUP-2346	d9e13d259dfe6b4d605b5d079c3967c1a3fa360f34960309ebc9864bf09179a4
NUP	NUP-2347	91d06d545a0eee17175309bb793887852877791ee9a259b86e71e60fdee0e610
NUP	NUP-2348	21b007103323f90b9f1a07e71dacf33f79c251407f50709d6d4cccfdcd0a33bc
NUP	NUP-2349	fee1ac123a5a1376fdaac39c43621a90c07e1ed7571c74f4e5504c5446b2fae3
NUP	NUP-2350	ac4ab71fb6891c5ed4223a3eefc59b49a19a79a45b18daa857600ff5fb2bd735
NUP	NUP-2351	eb63f6185b09c10ed5ae16abe56c121ca015291409759b1d11b4429487bcf1d0
NUP	NUP-2352	f97cf4cd5efd3a4d9e90d3139d3f5d372eae850d99a21b699b63883960db6e8c
NUP	NUP-2353	84ac7d66da24c508f0c97ba88bb3a76f65a1a63c33548f256f00e9617dbc703c
NUP	NUP-2354	a77e78424fbf1029238dec84c101aac0ec895e02b541dea95beed666577a8e07
NUP	NUP-2355	82d0f7148cdaf82d0b9868803c4455e3341f6d7b3887672c51072f8358045769
NUP	NUP-2356	72d32217501f48de08ff066ffbc96c70e914e31aa9ba37d1a6818c6c0f0f1f2b
NUP	NUP-2357	e0672972f3f9406b846f8ea8c45b00c108e4a4b65cb37fff65bc0bd7234e3022
NUP	NUP-2358	3d1330a984bcf1fe5a59ae501bdb91985d5bf70e45337421dd2e71d6bc80c627
NUP	NUP-2359	2df6fc4b17b73ba2c2029ad9866d18e91eab4be4c4b8f84c641065d4bf3d5426
NUP	NUP-2360	20fbccce726acdc700595d0fbb78731dab8f07b1827235b094ea8ccb410f754d
NUP	NUP-2361	5ac5bb8eb31b2a6a0b3e93743094b9405a04f7ce7385cdfc5b61c80ddafea5e4
NUP	NUP-2362	b1bba76fc8f1447faddbf00716eabf31072b7ed180175ba3ca47a9c69432ac7a
NUP	NUP-2363	b24e6baf5cb9ce40b96ebc83b7ffc6a2416c4137530c658325cfb65ba3b71ba2
NUP	NUP-2364	1516b87e63ed86c575f7f1108dae49302069a38474d7e1cc22dbaba315dfed8c
NUP	NUP-2365	f79e384a5d75b78f1cc1728299f2a895f94a00aafe43cf42e5ed01d78841b1a5
NUP	NUP-2366	085d2b30ce71c21872ddc4d50253fc25e72cd7a8ac8b657a1bd8e370a7c7bbe4
NUP	NUP-2367	928ca338478b75e25a59c551529841be8675d40addb27f4c4bac55069e8b960a
NUP	NUP-2368	8c6dd5eb236b2847e73e453bb4171b9de60023fea372f1f95ae54b216ccbcaf4
NUP	NUP-2369	737f51dd513d73d7c102caae87bbe2e7f7cf91b8f7d95c6ae715656ed880e9c5
NUP	NUP-2370	2c1a454a39dfa19fe3b49ed9aece87d4dc65b36ca281a3e8950f3aec2acae29c
NUP	NUP-2371	ecaae04c56d4dbd9ee995bec94640e12fece1e3e2539889caf4b951695827a93
NUP	NUP-2372	5db3c6eb57c73d16733f98ed8dfc644005a51f2563f082bc5d26fcf013a4fd61
NUP	NUP-2373	f38c9c993fdfd04c3f3ad8746013a926707521a5bb8ac5da2cf454ce78f87705
NUP	NUP-2374	0102cf581f8304a8952f596346e96671250e3b79486e4468623a96d745b6415d
NUP	NUP-2375	411cdf76de358700219685fcbb62998b82441b5efbc6a903f800f7a6305858b9
NUP	NUP-2376	cc8f71b512bf3b43bfaefea03cb688ce618212777be07e2db8c34fef401fb4f4
NUP	NUP-2377	16739728a5098f4c9efb6b887a90666830981ba1e94b9265864f224498eecf94
NUP	NUP-2378	399527663ea533f70ded50ffb0754d9a6280bb8456fece94dce56cfc565e0fcb
NUP	NUP-2379	c43029c5c9c16bbb175baf920b229b82c65fc0dce97257cfa7ca59b81f9b5cbb
NUP	NUP-2380	73183a69f81c768a658c93a4cc4bab07174f0ad7cc48481f435ab17d84ee2147
NUP	NUP-2381	fef76dc245f7fbe455600f9ddd134408b9954e9c946f36220a45526ea50f42b4
NUP	NUP-2382	2d924de19d9b7e1bca9e240c54c015eadb794cc890392e33e165ccf596d09482
NUP	NUP-2383	7fd4fe7dec2e03a8fab7c1a72ba429505a7a0d92f4341c16eaab03b52cd850f1
NUP	NUP-2384	53d0af36fbbcfa72f520958cbd3a2efcf486a6b59d521928b51c87195d79c178
NUP	NUP-2385	111a550fdcf7e81c26f925b644b510ae7ec08db2709f9c335bbcc984406bb826
NUP	NUP-2386	bfa17f7a17c95670c2fe74136d12854b43fa4cd9a6cd894961a75b91bbb5872b
NUP	NUP-2387	a7f4ee3368afcb2776301e6f2ed6276901afba03043789f2848697d76b7e0521
NUP	NUP-2388	22550788cd8ae2f988fbd6353aca6d7dd682b68aea95caff09fd9348119da30e
NUP	NUP-2389	fe2d394a184d5e38634d5e74b4d646281f7da209430b5f69d55ec5909fd4d194
NUP	NUP-2390	9f03137b166694a9903a972fbb2089408ded5932f23cd2f49cc09dcf9bf1bd3f
NUP	NUP-2391	e2f332573bf8834ced2bdc4a9785826c58a45cc4e0609acab506d84a73b0e2bb
NUP	NUP-2392	1407945c566695a6440c130fb8fbd1c4f9a058ed2bbe8daf1d3eb7b9db367217
NUP	NUP-2393	18f22decdd3dcd08ff178a37a069860ae3a9a9d7a798ecb917c815798c4d980c
NUP	NUP-2394	31d2143f71904497c2588387e9dfd8dd0e1169a7642815530b9d90343698e6b2
NUP	NUP-2395	6198d0e1b282296b520c89e162e2589b465bf9c572188b5cec790c9f65f98f09
NUP	NUP-2396	37afd2a4f6730ef390943db129d981e98aef5dbb93a241c91662e1b15f144291
NUP	NUP-2397	ef07b5892d24dd418024ede166648765a01c87541b817f0b7dc3cfd613f454e5
NUP	NUP-2398	0d492916bcb6f1dc0afc141a4d4466fb72df5054b4dabf78f61530b127c67d63
NUP	NUP-2399	12d46fb9a8c2eb6ff46d07547d845adf7ca9d49dc1ded79861477d93b5dc80cc
NUP	NUP-2400	bc8302c8e6f0f43b42ffdf8c431a4ea7bcac69d8d0bd004afc96fe261ba7a2ff
NUP	NUP-2401	8f510efa33964b734cc6fa06cbfbfbe4b549965f0b3e576a622d01703e2de2f5
NUP	NUP-2402	9e412a430d35a7df888e19c87a3985fe9392a94056da991aea96bd7fcc218cfa
NUP	NUP-2403	911c4c3a4041f3843a723ffe7544102968740de5b13aa033876e7e0d593efd4c
NUP	NUP-2404	87c540985f38082fdcd2ba7b210f2ba994d03475590a36aac90ae9f5836151f3
NUP	NUP-2405	b7deb77db128971dad46cae9c713d7ca8cba8072dd661ed8fd521c45baddf642
NUP	NUP-2406	3e12d180bcecc8f40e2d5fdf051c06c46b3f3c5a1d50ae706078c3546b3e7e9b
NUP	NUP-2407	b9db693e293969e0636985c2f75ea459158208d5b97c63b68ef2498e4c45f5a8
NUP	NUP-2408	b0d201aaade8f215037b0d58f36f1507c73aaaa0a2ab93466293c0781f540b32
NUP	NUP-2409	5075bdad68b9fec6ac541f87b5f767cb67ae8c674a342f31091db047502f54b3
NUP	NUP-2410	42c1902ac2a4851acda80f1a2ff8d0c8c3044dac61c36495a6ae88346cdb6296
NUP	NUP-2411	7c46a6c557f4c436790db851eba56822cd300c1fc7b59affb8602c3da85db39f
NUP	NUP-2412	bf377ba72f8c0a813164a7a1753b749d575d21cd7abc152e20297009dc67e3e2
NUP	NUP-2413	6ac21d6ac1b19ee5d6843959859cdff46fd07eacba838f797053b75314091078
NUP	NUP-2414	5189d3b66e90c4231478a8b81801e2dc6309fbf442df29c3b40b72446099bb61
NUP	NUP-2415	114cd564f69aa7dff8ddbec5b336022f23341c4ed730464648e24fb78819ad2c
NUP	NUP-2416	8919cea1407d067afec5a9ebe2091323c4cb13358613cc71bb520f93df4762a6
NUP	NUP-2417	ca7c8e67c918ea84adf0e697939d9426b22b8062693c5de10fd235d32602237c
NUP	NUP-2418	192b2c62ee7c47f9e707955628914df2799d43e42e8618990d3aa458c5fc54ec
NUP	NUP-2419	7d9157483dbc7c85352d34bf069d364a943ffb80b7a15f5dd3f6932efe1660f8
NUP	NUP-2420	5e57438a0d1dda45c0045163ee38eb2d0f4c82291e0561b1776b59dbb1fe9025
NUP	NUP-2421	9a1f3b0dd858e210d6a6ff065a6f36203e32691b9e991de419fd11a46439b0d2
NUP	NUP-2422	63ee7815670d34e682f7d99b5d448c7ff6ece04aed7d5597d6dfc9a506805474
NUP	NUP-2423	fc9b87a9356f1d2e54620c45d8277c58d73171e229b2e3f6f9b800d27d5b30da
NUP	NUP-2424	1c678ba1a2401d0b1a84ff7148061edbefb2fb3803b7d7f3956e3703acf31f6f
NUP	NUP-2425	367cad5f2dfe1bed57dcbe0de2290296c619a55da90ab4d9c95a84d172c72d82
NUP	NUP-2426	d9abbacfd6e5ee09843fbf34a410f0a37b680e79b51e9ade2ca7b19490e6359d
NUP	NUP-2427	0e61c24dfde47e89bcfd7c2aa1574f82db3018bedf9856072b1e8d022b995b74
NUP	NUP-2428	e799e5a0cf0b32d2eb7e71a867e2b410ea081089687c582d8a2550648736cc8b
NUP	NUP-2429	e1515ad39f4ff8b9226e62c02212458a57b09d4b115de2006158d0bc50ffe9e4
NUP	NUP-2430	922cdd4e684f5d712fc6361337ba3f42ad3f7543ac69648f7b4a5937893388d2
NUP	NUP-2431	24872efc9b860eec1082fccf814733ccbfae85a9a900aaf6218401bc8a34b37a
NUP	NUP-2432	1adb2d080dc3e8d41b27e8bd6568a52af97a4f71e8dfd6313ffdf0dcf78b431d
NUP	NUP-2433	868d82776254c27ffc0d31c31a39b59534763d9add8302b2f906f7dc5705ecf2
NUP	NUP-2434	c47e8146d6dad914ade3e7af0cc23dc60ccf2d23f439944de59f0024b9e7a025
NUP	NUP-2435	d83340a11dd267b6a9c268dbe6a28650f7de49e4d348014a7f2b368cda87e7e7
NUP	NUP-2436	1cee30decc8fe10ed7e2b69debaa612dc9fa84246a68e76412291b35a71047f1
NUP	NUP-2437	242494cc4ae3bce7e8a4d68f4c89f2b2d5dd6c21b59e6a95cc8b0a134a4e9fdb
NUP	NUP-2438	7058410e2d014c0c39daa7eb8d0dba50c72270d03abe22df614e28a1e5b18bef
NUP	NUP-2439	287f818c1424f6197e3a9f83d5d84e1e0e04847d95a148ebb83843f041f4f84f
NUP	NUP-2440	6fe2473e24cc06587da81afcd54b0e33d7c4c46859419826d27f3d0c63ac8c56
NUP	NUP-2441	43ca5f1729d1df0347f232dfc3922f8723a80f04f27a0bfbf4f21561b6f2faa1
NUP	NUP-2442	406b15cfbc1265b2242596c5cfeb50852bb070c8a0f18448cf7794b59284a1b6
NUP	NUP-2443	696470e071e039800ec8af584bba44ef22230edb5cce1ac26269054383dee73b
NUP	NUP-2444	b5f5151f4ef693f7b547c7d9052d70779051a98b280c95b30c3df37f77651877
NUP	NUP-2445	d2622f159a24de6f45edc2cdf45e6e2a277d132022f606eda72637ab78ca4242
NUP	NUP-2446	8d9cf6ca2da3a86a2f3c90375b4ec17ead9096cff643b7b5cfc6acff66f0b71b
NUP	NUP-2447	9ff8f4d1a711afbc805474087db3da140694ac2706105a69901fde288210a097
NUP	NUP-2448	07fcc5722e6dd1412c50fed546139f3e41c09d015fbe3ce220117848ffe54ec1
NUP	NUP-2449	91cc544dbc1f7a5a49dc9abb85bd428be52cf9a6d4f966b60a8afcdb34b56ca3
NUP	NUP-2450	0b284f3a421f35727e6dbfbfd09b9c17c8bac7df64fb67190b60f0394e17cbd9
NUP	NUP-2451	6bf7f66e32f0d07cfd48960f7aa025747e4f918543cd0c45e709ba3ae0fd4d64
NUP	NUP-2452	20ec415bcaac2cc14a1568089fa09e139b108614063820aee3cfbef47fe4cb07
NUP	NUP-2453	ee08ed8f42d0650786d74f6319e7ee5297873fa906be2d8a6f3d18c30cf1628c
NUP	NUP-2454	5aeb62815560954fa62f929f81a59e7a42fe4db087ed4ea48b47df057744f71d
NUP	NUP-2455	1be3ba7d8cf96f0717a3ea0a1da3f4fef8c93a616dbce91371630e9375f09b8d
NUP	NUP-2456	06d54312ea11e7176337c05e82abfcca2671c7d0fad67440069a897e7b69b018
NUP	NUP-2457	0dfcc07640d5a6205b00df1b2b66752dc72667e2891af5a4c69d0b36044a552a
NUP	NUP-2458	c309f12036be173af765aaa06c8f0aafd07be7e61c7c85237f568446b5857c07
NUP	NUP-2459	9d48cb55cf2ff4048795ea58a2354e1f3311f583851b43141d1588279f18c5d6
NUP	NUP-2460	6591290bb06e6c435e02ffab78e4b09c1a43d02d6db5fb8a60a2efd0696b9c03
NUP	NUP-2461	d43b689a6effea219462e77d82edc80bc26f9f09e1e821cf0285e834806b3650
NUP	NUP-2462	d02910e63e9263bb695e8700d351ad0694b4cfef8a129059c6ae0b5a5e82bec0
NUP	NUP-2463	8a6b5fee634cb05204bd75f4a9a16babbd9954deb7170f4c9ed254ab51cfb038
NUP	NUP-2464	9db59eb4f0cdc5e0a441761542a5ebd0f48c27cbb5efccba803f8285e9b72f3a
NUP	NUP-2465	0142cfb03d2f93bcefb13a043754793e5068d6b02b542f0fe90fefd277c7ba5d
NUP	NUP-2466	4644bf48d0a03460b424ce76d1c6b3a1f05492644dbcf7a9c03da1c4924bfa21
NUP	NUP-2467	03c2624090ab1e62212832d4684ae7ec3c24e055933dc964648f1aa54bf6b32e
NUP	NUP-2474	aa76ca4e7bad2eab9626ead737e8611f39650f871d4559028b3ca0502298982e
NUP	NUP-2475	6a773286e22fac326bc3c692a3ada9d6cf9f4ab56cf3fe2e492dabaf1678d745
NUP	NUP-2476	0e19cc9d7652d68faedaf9b6e4e92c4c018c93957609737c74b2690d971c0717
NUP	NUP-2477	f066208f10dac4f8d17e19fb9f12acbdefbcd87666a17e79927fbb7425402cda
NUP	NUP-2478	810cff3b8b11162196f06d000ceea00ffb1f99a389f42938e3f2dc4551848c4f
NUP	NUP-2479	c23cb5140c3bc24738e3cc5148cbd7446b774a2b40d0cbc6f48b49fc12bd99fa
NUP	NUP-2480	8bf5510853ec0db5f399e454b9d6707f034cbbcddcbddafa325dffb018e8ec72
NUP	NUP-2481	f21de26877213ed354c69b6a54a462cfa4015ad03f718d6d04863f2603e9fe95
NUP	NUP-2482	6c25aef87ba12920c75a1fccca0101615c8564d5b1b0aedcfa14c779fc5e28c8
NUP	NUP-2483	e018fd15e588d9651953b0a971fa6b402d6fd2b8bc1c6f2aa9ac60caa8eb425b
NUP	NUP-2484	6ba6256e9545977533e8395ea739a0cdac7a61a337847facb34bf034c4a5f985
NUP	NUP-2485	00362bc18baf930b8a66fa221525d640966d5055805a554fd8f30be6a639a6bf
NUP	NUP-2490	344c55d902505b12a8aff7c058715e1b8255e292ef84719a3e63b6d42af1be9b
NUP	NUP-2491	d5b2d07a613a677dbbb5d2a48ad245a648bd8ace8cd6d493253130ced684990c
NUP	NUP-2492	cdacf63b18b74ba0d72b8a7147a56ecb336fd84b4374cd57847f87b1455cfa3d
NUP	NUP-2493	dfbe00b17165555267109ba89c8e933bbf39305f5f2397f813a275577e9a41ac
NUP	NUP-2494	005eab08586b88b0d1b79b7435c10b3eaf06524d61990def5a806fdd2da75b54
NUP	NUP-2495	9fdbd2380c883a41c60c4320e05bbe0eec6fc0382fa1df9eebdce17331a5d083
NUP	NUP-2496	678fe320c10c65c1ef54c89c8af212f02ce6fe413162de4ed419719a5b7cb084
NUP	NUP-2497	d835d5e502b5b0f1cb0b3635da5b51d64bec5158bef5f26507e15f267dc66b3f
NUP	NUP-2498	06ef59002c35cc4f67d2cad9fe9538858850ff4551f62a1373709491f353a618
NUP	NUP-2499	dc44969a02b53776ad3a96ccfe76348fe9840de9d6cb702661f43ffc624054f7
NUP	NUP-2500	e1cf9da60a4453ec729c4d4b1245ad8a79783c26916b3dbdf6f85972022d019f
NUP	NUP-2501	32e1b0b1792d2de2b4cfd88a070b4e3ac9079a82ee1df090db3af19f2500aff7
NUP	NUP-2502	d4918566ff98790e1fc3aa047f08ac8638f2b5b715a0fa750096fa66f378d8de
NUP	NUP-2503	206efd875ddd54b33b8ef559b334b4590c74c56509b6c6c335fd69885f904cd1
NUP	NUP-2504	d48b09c98843b0678bdb3339eb957edf863d779c4f1e835b9e6c36931b7fafbe
NUP	NUP-2505	e093b2eb7ba9325a16c29d9acdbd321e809e017357004578017d25076b99cc78
NUP	NUP-2506	1b2d495ba5fce7ce95428da84f13827d66e174eb33d2d6a9d0f08e579e23ef59
NUP	NUP-2507	557f02414f720ef16d43f2a17e9e7127e63822eb93f5892be86d84872476bce3
NUP	NUP-2508	4b2c031d915342a23bff26d920c2700a7bfd40038ce3140a91fd702d90b1cc69
NUP	NUP-2509	fbc6609a9f9d67a0508895ad97d1b90fc237ed1bcf8839f66093cd95d38cf37c
NUP	NUP-2510	2066f8730b01c04d94a7161ffe18ee4b33050b2bba5d2c0806d20c08fbc5bed0
NUP	NUP-2511	9bd100181f3a0603e47d03819e25608235bf99efd728fa217864f3ffafac60d1
NUP	NUP-2512	41717689f8dce4d4b57b7b56386b64ed946f7789e97ca733fa1b3cdf4e72afff
NUP	NUP-2513	533d88aadc9a49908e8f4c705274059d7fd5c33c1910fa6d66669bf0e3063ae8
NUP	NUP-2514	84169f82b49269ba343d95b563f586792fc5f89756f951bf6e6c72b0c0350375
NUP	NUP-2515	2bc16d3e5105f552039b80b8253132c94488e2bf93eaa5d8d64aedac9750cd5a
NUP	NUP-2516	305fb91d9eff7027ad8c523f3499debf56558d13eae61f114b8771eeb165f8f6
NUP	NUP-2517	8a519166025244382c9dd1037b53798f18986db179f15799f8679e13a520eb6d
NUP	NUP-2518	8139ac03ff24e811f16ecf976acc942faee081f7033ca771d511bb7189971b7f
NUP	NUP-2519	6eec454b7a8c0ea64c1a5032ff7d6567b1094d5a2fc27fd2be5e24f0810e79d8
NUP	NUP-2520	7b467b17d77a8bfc75c6cca79f9263b69ebff6fbf950c45852b59d2557ed5b44
NUP	NUP-2521	5c4391d1b790ffd7ed3e920b925d0187ecca859c405b7d37125065ec40d6bb31
NUP	NUP-2522	9825f3665dbd3552fb994cbe12a377696d221de582b6661edf8f4483f7915182
NUP	NUP-2523	1f8a82f366331bb2d01df4cc7a5a26f41e7ef16625e907ee0545b2b53500774c
NUP	NUP-2524	07d4b99dd42f18a7c05700f9f5a7e5517f48100e98200c7f681a86bed978447f
NUP	NUP-2525	bdb9cb80f7a8774a925f6ca3ed23e24d5d8fe7dad6112c8b4b72f4ab442457d0
NUP	NUP-2526	76d275a1629f4f0516fc512dccbbc27b90f62828872bfd0b803c359b0bc82ebc
NUP	NUP-2527	841302ddcf2bad04273b4569ce64afa5ead6a42ecbfad59800f5100fa322caa0
NUP	NUP-2528	267d27a435d39aeaa13cabf4825d76b8ab793e3bde27bd08d631a6c9667bbcf0
NUP	NUP-2529	bcc6a1e2ceac6f7e556d0cbbdd60dbf71fc4eb48b70247a9b426a5515d04fa24
NUP	NUP-2530	d3aa1c18850966099bdfea9c8d4924dc6eef9396a366a2f7bcd1c29ede6815e0
NUP	NUP-2531	b2c97590a7a77102a395368459d187eb9c37b60e59182d9d546f40e6373c34be
NUP	NUP-2532	21fd66a1475ed3cdf428842085cf26b9e56577d9f56e6d581720d5232537b990
NUP	NUP-2533	49426a8b603b321c3530c6e66e93b7562c9eb5c7db2ec143a19abe6793ffc3c4
NUP	NUP-2534	331a6052e283386d487658969692f7d9e947566a7607ccc0fda4434ba09d582e
NUP	NUP-2535	12893869523ca565ca43c8b3575d13d1f85b63bd116f8601789d0a2d2f404ed4
NUP	NUP-2536	f2fc5d2ac1f6b39aa932d464e37a64ad9622e43dc94ae6bb58390e565ae367a5
NUP	NUP-2537	3b53e59164f374e0a2cec6a22079b09f9001d37219a92153a4825d2ce22b4fa6
NUP	NUP-2538	ed5e91bbc174097be949009e8cf56b1c99d2e1a6c38ab0f0a393fc10eb91f1d8
NUP	NUP-2539	00f11beff2aa95b6d64458e6e3908bd9bb6a9b38e854051e82f98125cdd8dc07
NUP	NUP-2540	1084f7b91d03e789537d5ead16ad40c93f38e19614871333d1972bf6b02d6941
NUP	NUP-2541	15e95ba89e5da7a446b048f7336cc05c743a2c2436655e28d5e3c2d502947c98
NUP	NUP-2542	a169b7329e3e1fcdb618cd1f0bf05b9f36980d1be81f82ad795fa2d614fd4614
NUP	NUP-2543	839c5f137ebfc7647c5164cad38f6762a0ea6e66ef18b3663b85c778f0e755fa
NUP	NUP-2544	b94b1214673ce86b55c048e52d5375e181a0608ba44eb19a438fdff671458e52
NUP	NUP-2545	9cbb01cfbb842fad690a983e5a9eb0b1e3d122eb3ee35461ab8249ef58dd761a
NUP	NUP-2546	2f3a68b6182a2345dafa1e0e28657ad2c9758f254e97c67d2ab55f2552022515
NUP	NUP-2547	5842d0d25006a73c073a3de2236d0da0ecda8d931afcb52109d251aba6055190
NUP	NUP-2548	ee61087f6f46b1c98a4531cbfda3ede628ea278032a51646ed7cc001c8cc3481
NUP	NUP-2549	dfa716eda2213d277dc1ff691a38b8216f4d9fc0ce16f9d692aa0e2a24c49d8e
NUP	NUP-2550	9f8b16272422e8702a2114e505b9ea8e3316ca790f0c506974bf6183a419db74
NUP	NUP-2551	787ece469788542b0228c7ef2a52faa08290cb9ce06cf927c48b95d8e17a6955
NUP	NUP-2552	b4bc90e4426d2e0dff1c0b59bd1abe0b188f6dde09ce0a875db9875ee656f418
NUP	NUP-2553	c501dd34e39e0ac7c7f1463aa8ac6d1239de715f02a9bc9ce382f71ef2675095
NUP	NUP-2554	e3668ab6d805cf29b5c2ca8367ea93e19494aff253d8b2f180df331797daeb3a
NUP	NUP-2555	8626e341d453e1e93b17920fc24851ef5c2f9db6f5574c00ea85eb0751fbb6f2
NUP	NUP-2556	674ccc68eaa4bbc03dcc4c87e826665d665b3bf6f061179bade9288efbc422a2
NUP	NUP-2557	f182a174248b9c2dd45c8b57a4894f6b0ef51cd0c117e4d843640474be635407
NUP	NUP-2558	18097eafceb1fc5b2f7c5d62d89095a61ba3bddc962a78e1d3ea11993f2ba249
NUP	NUP-2559	8971dcf9966e1aac0bba94b2755f19b014ff01bddf27488c4364d6222ba28468
NUP	NUP-2560	400ee480ba151e2c6cbf60ad315ae96c6df089aea458560fd281442b615641db
NUP	NUP-2561	0760706d0d0b2b8875996a10d624c8c0683dd2bbd2507f2d371de7c74699096b
NUP	NUP-2562	cbd5ca1dc86b8ea75a5b18eb2f84e6d703d8d5ae362f6a86594d541e9cae366d
NUP	NUP-2563	5c38a8c9cfe213217e00c0ea7825c72308b503174c4414fa3604815dcaef9c64
NUP	NUP-2564	b40ab69add5042140d17d90ec7b034457bc83971d1cf85cf816a18670b9dca77
NUP	NUP-2584	1d70207cc75fd0891e60e43fdc92d6d0f085b302c719c83d1d8e381aa62539e2
NUP	NUP-2585	d6be99bb05d5530139e359e94d57c05d451ef838b3d907aa9f71425f949a8c12
NUP	NUP-2586	f847de23413fbe71109afb5ae7e10cdde0d9a73a935f296a8bcb75df73e62147
NUP	NUP-2587	6c317a2167ccc9caa482eae3b38ff26cd3ab155e2f5b46b19303111c8aa6bd94
NUP	NUP-2588	0310aa93afe56ad256e37d137b7b7c300b1cbd150b60b652412358f53e4c4731
NUP	NUP-2589	bf89b7d976b2e47fbeab8d43262fdf8274beacccbac2f56b7b91d0eaad7e4824
NUP	NUP-2590	9bf9896fc659a34ad0e75e9e675c398414be0edac9c9415f1337cb4b70ddcd15
NUP	NUP-2591	b27b19c5818c623087cf6a8bf83e799ed5862dc263b58e8c4f3c910ed11f731b
NUP	NUP-2592	faba6a2f487c35a22bb8bf6bf83bd3d595afb15d64d04d4022d8e0589126a7d4
NUP	NUP-2593	3ab34fb653d87eca2f9543c8a01dca11cb6bf46dc569fb67fe3bc5cb29b9f2ce
NUP	NUP-2594	e63f5de5f49b5bc39315225ca5af6ebcd951da18b7e65d6e7557d9939cc8d573
NUP	NUP-2595	1b416d97ba634dc0b89ce3ee53e03bb4d9b49147d47137549eae0d337c113bad
NUP	NUP-2596	864c4e4f42f1ac5cf37fac57f4e93f5416acad3abe11079b73185e73deb8c88c
NUP	NUP-2597	ee3157e3416a5c9aa70019453e1ae0c495fc3708654d1507e50093a56d7fdefb
NUP	NUP-2598	4d86c23ec1df05f6b23bd5eaabc557e8ec78a2c727b1a719c6c9cf35e8b2e47e
NUP	NUP-2599	8ee1fe68def951fa877bc3892efc1e911ef770e503a0f0c005ee09bbc31b5be7
NUP	NUP-2600	e5acf28e46daa9d079fd068cdb3697c97ec1bfa900d748da000918fc68a80bed
NUP	NUP-2601	ca34c00d0a19380a56fadb18503c52e1ca9b2f0bd2dae3de7086c71b5fe406dc
NUP	NUP-2602	69525838a5ecc3b95d470bcf3f34b59dd08587a5a035a577b9feb0237c8c2635
NUP	NUP-2603	432948367ca4e0934583966a1ef708b5fd045aafae5f3049177df492c8f171b6
NUP	NUP-2604	b038ce2d112367877e98b2c756b38c20111075d68cbab173a8ccc21ea5b66e91
NUP	NUP-2605	abcf78fdb12d4c30c026fc7b458b1654ee09cf4e8cb2a5031be6f8eaad8f65d9
NUP	NUP-2606	8a3cbc38803fe497799bf93caa7797e3a70aef2d1fd4397e83b7a66c945c1b61
NUP	NUP-2607	16c154aa6ec5bb6c30b9d22e7f06a87c755a6c5671058e617cb78930b68ede38
NUP	NUP-2608	9daa2f49fb694606895211fc9c0d402f72e28a303210875309a9cdacc0ced0c1
NUP	NUP-2609	1a446fe53919189a81d6a1ae7992acaa2952b6162180e0518a1ba3625528d336
NUP	NUP-2610	fa1f551d60df9dc0a5306aa1c52d7281699871928a0a15deb5e26b88761ed41b
NUP	NUP-2611	4dde196ce8ed5850ef84643c45a05362b1c6fc04a39cb387258f64a6a94c4694
NUP	NUP-2612	661ef946d15915af868f13b8b0a98ff56eeeb5806fc46256982c614e215ae5c4
NUP	NUP-2613	f05936dcbfd1f88dd3fff5cda16a7c028d05eb81e51e5051ab49d5b5af876840
NUP	NUP-2614	454e376907d74badca903b4d397d1c1c09d94f21afdc36e627741b027a0ad64c
NUP	NUP-2615	fbc0c72b181cab5c0ba568e8011e609770ee1817f2e3412d2d56caf2ecb31731
NUP	NUP-2616	1503aad42f2ea919e0b9918a088425cebdc25048eb6716291afaca30a2f1f78c
NUP	NUP-2617	3c633f9a92e54d86f143c7d2a7a0a980bfdafce5391cc7f4c242e9dea41f5dae
NUP	NUP-2618	ef7acfb7e82fda9cd3e1569e07b7889eb178326cb2993f8ed8deebb811598c25
NUP	NUP-2619	91d9c4938e4a91ec6d588400932563ea965817d59b40e8f802cc4a9c93f5d050
NUP	NUP-2620	fd26c5ebf70ecca395b87a0ed5391d2f70ca3c4f54d59ba7c9dd8aadb48c5c1f
NUP	NUP-2621	21a096c9280f0376139a3ed3b3c37c650a97dd05249444f44c52bde97b44f6c8
NUP	NUP-2622	ce6a84a02740efae6a8a1cfe42b7d0fb8351b56628c31ac15d7cc5f4df64536f
NUP	NUP-2623	4db348e7cbaf85110d00fb830e2eb7376870a0681d843e100f0140f4f3b80731
NUP	NUP-2624	401759371f33f3a486695d431c581363c340bba270ae4dd583fcdcef9d80a0e8
NUP	NUP-2625	110db28342eb5affc525115a87ba3a65fed834d3cb00144e4d93eb45dfdcd705
NUP	NUP-2626	aac561bf9458510209b321f5b5504fa6aa44cbae095831952ca1496704dd2d02
NUP	NUP-2627	4c6bdd892bbfa83eb17ad5a8ed669ca3968bfec6a9339c1ffda9b97f0bfb0144
NUP	NUP-2628	aa544baee2c3a760dffc193308a9251387148c89d3b40245cd6a00d2f1ad568b
NUP	NUP-2629	682991716bd0d733ba44114823ad45d2cdb257aa215fb43fd50ee0c935b8694a
NUP	NUP-2630	a4807be0bcb85da593649bd2e7adb0bc0daf0b9c0cc15faa64f7244c16e39faf
NUP	NUP-2631	0ce3fcbae7bdab24fea9bfafa396f446cc4ee44888047f836f328e684ce64793
NUP	NUP-2632	795894e2ac14b88e66072dd3f50c970c47b9eca0b60aa3cf3aeea864d1ee178f
NUP	NUP-2633	1826de9e7795bffe278d76048c6593456c1980ff22f799bf04178892d367c5f4
NUP	NUP-2634	aa0d4fb128de7ef253d86273c4da334cb162857290c03097bae4e3ea472bca05
NUP	NUP-2635	09442f0bc4253577a2207ee3c744979b8b3702dbbf5bc6e668ea4cb1981485ed
NUP	NUP-2636	7d178fb8aef3441ecc93c3e698c4099dbeeb7c18559e38335b0451bc6a90c1b2
NUP	NUP-2637	c7e95546b9246c2634257bae69028f3d1a576d5cc7029ffff583d1a4e5459b0b
NUP	NUP-2638	598e5fd50e6135045b1a1b50594033655716648c140ecfc8edd7fe2af9dcdfbb
NUP	NUP-2639	c765d9125188dea7a319c02e4d4913a6086112f84a90bd85d58cf6643fe8f17a
NUP	NUP-2640	120b2f9f4dc5fbf44d0b98b83ba17664d219ef727022310b7050bdfcddc00b41
NUP	NUP-2641	1918986e2d739ff22c3ad8375133ecc11e0b8d113ec95f011a0c54d47c953df3
NUP	NUP-2642	ec130a6ee596546124a665a7bebe1a9c7996e9f1606aa6744b947f907f839f8c
NUP	NUP-2643	46562fc762db1a44780ec34a7233242ef21e883d0ff4a8b22bfd1a5713a3b237
NUP	NUP-2644	02d62440d77f997738bc694d0cc63714e6069a5dbc5be18ea6c2eefa95794210
NUP	NUP-2645	52bcad575efe989c0d7334f821e3fea3253802e9747b3e8b068bdd7d393ab6c6
NUP	NUP-2646	fa6fd50fcedcfd1ec8d2d5d609184370a426505f970b64cb3af39122e1071e01
NUP	NUP-2647	ff6bf1d7e176c9f3bf75b752940981e620ec8d42c6f8e58d29fa1883a00a7c2e
NUP	NUP-2648	cc17ce757e22dfe4234d17445cdca2502dba98f00db3de16098c9891ec2458a2
NUP	NUP-2649	a0de82187629fe7e39baddd1a63b01a6cf520ca6002feeeec60d60d5694aa165
NUP	NUP-2650	4d00622e8bb0cf2f437c555c9c7295510150b7f105a3313288611a507d7b27e5
NUP	NUP-2651	6ba298b4d1068f4941142f720a8ee4911758dafcf671146e59228e2c3851f4b6
NUP	NUP-2652	84a9836e080af68a64fef934b15708361e6522705405168cfa8f7e7c98253928
NUP	NUP-2653	a9d37be61c6ebdd6e14355f08740011e5a523337b83d22e403c3798f8df3062f
NUP	NUP-2654	29c21369f712682c0970fac95384a3c9f29a708132582076f7691e4c17c61f1b
NUP	NUP-2655	deabfa4b801848488dde740e03b05e1acaa4b6288d8d0d7e22bf0ff8a4e11088
NUP	NUP-2656	f073e65d5f6c4802d5a941840e1a72e9721ecb6c8ce89c7288148a7b29352af2
NUP	NUP-2657	861c147d0af48e775836e95e318c948066b77816474d5bccd45fa6059f823cfc
NUP	NUP-2658	c32b8d0b637960175d013981ca7dfab2cb21518fb852d7eb6ec45d50866fba4b
NUP	NUP-2659	e777c4047edcc0ec16dcc5605366ed9b9c3573091dec10495ed79a14a2179e1c
NUP	NUP-2660	42a2381170a750a8ab6eb804045245bb74c686155272c3dda4feebe9fbf38d01
NUP	NUP-2661	f646a06c7e68d7c3ae10499bea138708c0506716d4c6912e92ad89b55378fdad
NUP	NUP-2662	7f9e4300a530ed9f4e3a16a89f062342a14fb16d2966c31af0808b4dbdade307
NUP	NUP-2663	5c1c6c01d04df6d4d8b38d2719faf8e2f248ef65c2d100e308ba89043f2ccc47
NUP	NUP-2664	a79a4529072e29fc1186869daf91633659db9553d4f3950c7000c3331708ef0c
NUP	NUP-2665	2fa28c834c1a77d1b698fe2dbe0378f4e3d4a3318fbbaac0e1807ac9fd4457f4
NUP	NUP-2666	43d8d55367623b363351ac5589777e2c2e28b2947b9c5ad44e5d423dc2ce18dc
NUP	NUP-2667	f92ef524862fc0d7ff1395b76c694120999b6caaae6fea062d8569c720900fa2
NUP	NUP-2668	54c9a128f1d89ed74ac485449c18d9d3d4d83e00f0e1792b182f58617cd0ffa5
NUP	NUP-2669	f0b271f475c3df0b1319003c211623e05b7aaa9a6c01dfeb4161104e1b7edc49
NUP	NUP-2670	f70d4ccdf6816be1084f3416569ad0529ca70710e496aa7d5100d3d7f4d82fe2
NUP	NUP-2671	1e5be8db350387253eae593e2a4e642dee7210b1029573f2dbc5177bdd261657
NUP	NUP-2672	de9be1043692bcc9818c8fd6669bf5ec653e3970a2419230cbeb8ae5fe6b36cd
NUP	NUP-2673	4de2df20ec4c4a832447dceb1ec6516d7975c8c05a1b9c399b21adb3eb983f46
NUP	NUP-2674	f73df34663ca7ac118dd56b63c52745b8c86fba196120c59c67905bda6beddec
NUP	NUP-2675	6914219d053f636fc3de416b6c4b0cf624cd065735a078f4dd3d4f9b5c29aa69
NUP	NUP-2676	3fb0a1dff813ef65cf05e53a7a42df96a7638e196d7918fa577b4aad8cbe4147
NUP	NUP-2677	4d029c3886c0efe6b385fb35b3bb12d4dae4643f1407514a22952988aa36641b
NUP	NUP-2678	440b7e723061ee54fa893dfc1798970a189f77ea340fa3bd6ebdd11ed465ec65
NUP	NUP-2679	49647b1601e86df01b84e068243e650cd3b15797fd26fa6ed80f67880dbaca21
NUP	NUP-2680	e4f12ded9c15b1a52a0a7cb1d6baf07b5f54944d6bef819b2db3d4850a57ee7c
NUP	NUP-2681	63ffd59b65bf046811e4948b41f91c7b3734f420c4a1093b3936f0d43202048f
NUP	NUP-2682	79f745e59919409001d302e99a75eb901b196a62a0a0ee9c1ce95e0a6052ae2b
NUP	NUP-2683	91af728201b762f26216659d080fc734015852a0f189f9b98f8465dbd9374c40
NUP	NUP-2684	a5a6de5860730b4fccf697fba65c9e8258257cacd6609f8ea890665418fd6c91
NUP	NUP-2685	e14443e4a2e2c2e92a7d9b18bf2aaa5472be412b51f576c80026a71e9ec356c7
NUP	NUP-2690	964e6e4fb1ee6466acbb6a25e0fed79f328a4e9f89c50fd657fce854c28431ea
NUP	NUP-2691	e035dfeec261f27402c6dad7f0f1dcd97c2aa48680f49a86801184142dce1eb1
NUP	NUP-2692	420f8738728486d8356c2f5ebee569236b952148a5e6099f04fa0befa432eebc
NUP	NUP-2693	50478cdb85d1d0b80a8a047738d4aabacf4180ed1a4030a166e7b2325cb5127f
NUP	NUP-2694	fcc30e55e401bd44d80069b9689e6264a0e905f76068e2ca907ccc8471d40011
NUP	NUP-2695	a084952e4cad05b97944618450dd32a484f34df8e0159c2b9d9b865e9aca130b
NUP	NUP-2696	13774490472ebe7af0fc3a66f743512b4e83a7a7ac70427917f902b15f511300
NUP	NUP-2697	854a2892633943d61e83d54057597edd60e56e8cfb06b8d6f79ce4c64060b9c4
NUP	NUP-2698	8458b0191e39167aca3ea40d8f20aa07dd3415f234696c141b80e63f4d96d94e
NUP	NUP-2699	b9753c7ea07fc238bea771d5c98c526f4912929a568f3a9e7f518640aa570c96
NUP	NUP-2700	56261a5571aba3bfa4f73f475c172d6ab01333d7804eb54016537c41a6a8c6ab
NUP	NUP-2701	e8bb207371dce269e6858a4a84f0a7e245ce9f5d6dc51a2cd6cd3cb144a19c82
NUP	NUP-2702	ce985e9fe4f81fd3e78f4bae09396549d2c826dee61ea5760a639ceb8d801c76
NUP	NUP-2703	aac524d6d64f48ceaae997232c3856993201b0f3af82c2f449d5b3f225f36c86
NUP	NUP-2704	080c0ef2c87d020c5e625665a4e7255b5f0f0ac8fca67ef9dc454448c4ad5aae
NUP	NUP-2723	f7eeb4bbcb93294850cc48cb5c24245682c9f298fd30857717d30dd9fc379235
NUP	NUP-2724	dcc71fe70f78099c69c06ceafc15ef5325c088a6ee93041ea6a8eed006905ce4
NUP	NUP-2725	1f50e3c7ea20e596906bbbbf8d9db2d357f4a29d18799103d87e38f740064047
NUP	NUP-2726	1202ce0b8980d65c1cf3f776e1e6bf5574fb277bbc49412c514381b7e9d12b25
NUP	NUP-2727	b7571b6b2d6153d1c567e49e272a8f0e39e1149b562ea721e3f3d5768c9e24b3
NUP	NUP-2728	6a8103f9972ea8f72f935a324bb662508910695628787d8956c28c24b08811bc
NUP	NUP-2729	c01e8dd37c608cee5d88cb26c3bd9abbe0d2ee95683f9c23b7d2999fa160c495
NUP	NUP-2730	dda5db43b8791fa82bcdfbb381c1b8db05d5a177066513c07a2c1ab9c8b1231c
NUP	NUP-2731	5084a2057c9780aed89a0ceb00b818752b4129f4505c9e04a44bbbe1102acee8
NUP	NUP-2732	4c96bf5b43747bec729c55f0556f536a3d10b3b3ef39b118c232a230eb4a7a90
NUP	NUP-2733	838e636a40743b62e3c010b2cb8ff538894e94563f1eefbe61e080e0823d8b9b
NUP	NUP-2734	7824403e518b302eebf78ad57b44f34116e059c2b3c41858542638707bf48a5f
NUP	NUP-2735	4930ade0cc253e69af7f423c61540a85c2a623e4a423584fa3d2553113f252a8
NUP	NUP-2736	5ea4114f0b54e8942b0dd847f1c299865089d880bc1f400dea86bc1390411463
NUP	NUP-2737	1a21e0fb96fec5a19e7856806e227f0f104c96c8690614c42bc8050e80213615
NUP	NUP-2738	33a2a0ee7d6b5994b00822f77eb9834c38442c8d612312766e24152b052c71ce
NUP	NUP-2739	2c4c235ba0fafc502e2ca0128060fb2daaa46bff20e070945c1c2cfb7b5f9329
NUP	NUP-2740	296c2166985e275aa6e0747d35f4b02fb697fdc6594073ca76b25829b56483d8
NUP	NUP-2741	a2fda85fa29be94c51d347e76943c0a741d905e94645be26401a280a4980ea95
NUP	NUP-2742	b886946ac289ce6c510d7f57dc89d23e6b2a33ee6dd6ccf260a469df1b67f3c5
NUP	NUP-2743	a797673340cb711516ae2b0c74a75771f14c336a39ae43a250c6b322f5aa84b2
NUP	NUP-2744	8e36dd9aa69c9e4d15c515314b3f45b0ece299f4ced8ce2331aa89308e09f800
NUP	NUP-2745	b344a17764f4d6de1ccae74cea35387556a88ce89d675d933507637fb2e1ff39
NUP	NUP-2746	5b63b45be6722b258d9647dfa1b545378846d531158071027616b137ba594c3e
NUP	NUP-2747	0c9a60bb763ffc226dcc1b23e9f9013b9a7950a1f5ff71005d95065b21640774
NUP	NUP-2748	98a52ffc328b602e93eb39cafa36524caeca834708caf2b145ff4cc7c6c702c7
NUP	NUP-2749	9fb7135098d74b2f944fbebfbd621a713ea5ad35a639ed49b32a394adf7e9d44
NUP	NUP-2750	641e446797331d3c89c70ee1e418559cbd22a5fe51087c94ba17bdaaf8195741
NUP	NUP-2751	edce2588aeb519afe27bca4314d3e970b27ecc358eb15fab1ab853b89f1740e6
NUP	NUP-2752	e0dafc7b8c2b9046986b9f3794138b46233fa74b5354a0ff252ef7fb62a4adc8
NUP	NUP-2753	f5c18469649890c853a80b3940df6bec4c8cf9eb950b8aa02cd0b232d95ee685
NUP	NUP-2754	aabe5a11019675cef37d776f43ce35965edf0ca4a96087bdb41552fb5762e170
NUP	NUP-2755	f674f4fbb19198c88ff3ba4c8ddfd272da59455e09d2bf87de1db8398df567ba
NUP	NUP-2756	6e0eceb490f5ec7ef727e619fda124efb8c3e818e586c07bb0d883b2ea453d54
NUP	NUP-2757	7f0724823a018717f7c3da15e6b69b99a0c93102e1d5c5c1c4645c438f2f5a65
NUP	NUP-2758	41b3a6aab2f92119fa0179c28f13170339dda4de0db903d98f3d8e4416390acc
NUP	NUP-2759	6e535fdc69c80351a15bd174dc643dd50ac2177b4256488ce9bd31511c49855f
NUP	NUP-2760	bf0aea3a6945fb958c122139a9c53e7c34dc4c6477f3be3603004f215ac6c4f4
NUP	NUP-2761	5ce3bec99ae1dab88bf39fc880a8ffeb51b33a632e5dd1d16708ecf40e2baa0d
NUP	NUP-2762	35f2e28ef06faa0d40e915cfda9df8b3d10a08b01b14992afbb89fcf7b66684e
NUP	NUP-2763	78988999b0ea79c6b2e55521a59a4449142e84f7cf2384eb17095182582252f8
NUP	NUP-2764	7b499f0a03947cde1acefbad6e627d6f7ba040480f1fcd696435fc12e3fceb32
NUP	NUP-2765	9c5895772ea1b5f2d8204a6743af33b46a396d1805884753309856f56784954e
NUP	NUP-2766	45d32da3c5c94dabdcc6f788a24205a39f68bee30aaccd19fe9fe7faa4fad230
NUP	NUP-2767	f2f7eb8e3a3dd4e424b6ef974861489ba89b4cef9abe9f6c8ea0d64e56042780
NUP	NUP-2768	11d7c471ab64d0a95fe4d024737d8e6352d976ba190548e4956e1b9d0aded2fa
NUP	NUP-2769	d6ed09ce826e36ea183a9459370b287ffec9f4e0673a3d5115e982ec0e32ac75
NUP	NUP-2822	287a81688d6aef7de8aff08f8037344bb8e63ece62d3d53145e61275e16d9af8
NUP	NUP-2823	6c7a9bf004d81ddc9d99c904e2e1f6b21f720bd47416339b376e2274c0f2ca5f
NUP	NUP-2824	f92a5f284acce70955e981f9e98dadf26791fb8d56ac7eda808ceae5d762a6f9
NUP	NUP-2825	8d1d7aa22709b9db3d946cc7a8c281d8c496f8d252e5eb26ee17301fb2690526
NUP	NUP-2826	9b4a484d4e60d88e5e408a4f5ad7e6bbee89e88b1d9c668481bd4e8265349107
NUP	NUP-2827	2d43f1fd28907fc1b4e3bfdade835955bbe46bc483fc2ee018f764bce6e1e61a
NUP	NUP-2828	da7ed714131ab47c882544a938ffd7606ff83ad9a9055108619ce13bc09e99fe
NUP	NUP-2829	a7e4969824c1f6fab5761a5e918b24833c609cf87b18e1fd3ee8df4bb4074834
NUP	NUP-2830	00db0eeae3b85c87c08548830472d337e7e457ac0527bcabd362cebf368e7328
NUP	NUP-2831	b970349354704a41825962acbe833d0043815b3a331ae4102132308d7bdf9717
NUP	NUP-2832	f846e16785cdb09672c3f35a08c571180b5b45cac5f3034510078ff90e8059be
NUP	NUP-2833	72ed9fc34cab91d1e078b974cb7406fe1862ebebcf175fdc4c58aec5b5263dd3
NUP	NUP-2834	ec3ee8912bfd8928be6f57c0f6e230155db3b55f0686987780eebfe048bc64cb
NUP	NUP-2835	1ee71766d058721677e49f1e094e703443d3bc9ac2cc43af3303effebafaaf45
NUP	NUP-2836	5ac6ca0cd49109f3e1ad38c8d2c535e463a175fcfd8e4cedd68bcbeb4d7c1c3d
NUP	NUP-2837	2295654da93014b5f80aba1b8cfa45e0811e1f2b4ebdf223cbdb60521e4b7f7f
NUP	NUP-2838	d752a925b64de4935f3d51d97dc4a4d5b5e8a34f58494cc53979cd1a5938d2e3
NUP	NUP-2839	4c64f019f3ab3d7b04ebbd5d7c3b7ff34bb551b85338795452e68fafe4e9fce2
NUP	NUP-2840	392091563a50b81735003ff37f5bb9e3a825b37813e641f220ab38cf911e1237
NUP	NUP-2841	ada54f3ca811af3e70768bb71a61638edb823f47c8a92c1549c283127e1656a9
NUP	NUP-2842	0a0cc35f3f072e1814c0f35a55a9f54c85ca8179d41138d574b43ca176323747
NUP	NUP-2843	ae83e26a0bcbb0fc87962ba4728bb75f6b5a7eeaabf03d45c2517e07327479f4
NUP	NUP-2844	a84e6d38eea37cb7725cad0deba187b2d0a14b68a4be3e4c7de515851b40987f
NUP	NUP-2845	5c3463fbdbe28ae1707e19bb560aa713951ac5b2e3072a594f53b2d2c1e0d295
NUP	NUP-2846	f07597704608fef6e9899d6713fe48ac8f5279fb122a7905b8b88f4e9e811e90
NUP	NUP-2847	d00c8f1e80d79495ba33e6f8157f987ca34870fcdde2b981978355bf43588f99
NUP	NUP-2848	db2a202f3f1ed1793ed8937b6fdeb3694fd035640140d4319c5c5a1f94279bb6
NUP	NUP-2849	099776693ef8ae28f31245bd0a23a367d8a82718e57b2c987a28691fdb3d2a54
NUP	NUP-2850	ab3e5e347a3f7e073a1201acd2469fe49a172c472c6b5a37ac9de00adbccae06
NUP	NUP-2851	f884f4f6776da738ee869336275b2d17ca18a50c43c80ed4c55ae88f95d40cad
NUP	NUP-2852	ee1a7e254978aabffc7cbfb9a936c5269f22db04c03800d896998983d9d0e078
NUP	NUP-2853	4333ebc62cde904699cb11ee15a90ac19d39b13c3b04173d0255e93451d28e6d
NUP	NUP-2854	4f9052fa2671b6ff8b60eee92fc3e5673f14791bd004777102938c0ff3785084
NUP	NUP-2855	7c51c69e318930acd41b7e14c84570034e6b0c442d127b2d81ce98d2d4a35f4f
NUP	NUP-2856	072f5191aa95600e22a32f926c2a9108d7c28e659768dca9c66a2a5a19945792
NUP	NUP-2857	799af6c56a2cc5c1ff6d697edddfe5b294c8e2ceb63b2296c5a3cbbe287dadda
NUP	NUP-2858	52160a2ea91ab01c5409b9a2c4ebe2e7a8b7ffba2cf3b5203ba6047b518c53f6
NUP	NUP-2859	d30addd1cb4a244fdc833b4488d68925455ec13183d21d0b908f84dfd6e81b83
NUP	NUP-2860	c58c3c0a1e3b68c2154a6fde8dd7e343c6fbf2ecf8a63c33fbe640cc77b1097d
NUP	NUP-2861	57098dbf0483a500c5aaaf73e2f8bdedb0c334be83aac103e1663fd31d32acfd
NUP	NUP-2862	ad5c73d76aa1ccbc54ba6d7b54563c77083914678fb5eda55a02662fc326293e
NUP	NUP-2863	121242e519100ed0b96afc5ac266251ec4caca1022be1e4962decc954429b54f
NUP	NUP-2864	964b372615cfa05e77c843a2d4a59efd8fa0fa5e163500751b636caff490e204
NUP	NUP-2865	1c01dc0a24084f509dc698bf065e70dc9aada14ed28c9e0caa4e1257b5b40566
NUP	NUP-2866	65ca1604217259aeaf1d115b26ba872e40c07fafdbd1428bd16fe4419469a754
NUP	NUP-2867	ce2236f34bee71c7478af3db84e2e4c4df5a76c45e4991d08688481b643d9dd6
NUP	NUP-2868	13c11b861f5c022c421c2c046e4ea66891ed3f3821837357d6c0a361bf735091
NUP	NUP-2869	08b8ececfad6b58f27ea70351b097cdb014c2266a4fd2b4f167110cca4c01426
NUP	NUP-2870	00b7d1ce9af74a115823129675750870455d9f9dd190ba0dd2f2b70cf6970c0e
NUP	NUP-2871	20afc666c3c3d8f87e44f53fa1132f53e370eb792b4efc36c98dc53b145bb455
NUP	NUP-2872	4680884c8becd1ce40f1a860689691cda912a4d4dcbd093673ab9b93755dd082
NUP	NUP-2873	69c5733696b94e87dacb8ca054bff2396b7040a85fad4c578cf24c3162a247e5
NUP	NUP-2874	5894adde00c394274de46811c38a9039cee7075d4e1dd17bc1e3c834d734beb3
NUP	NUP-2875	3d628377cf6cd443ab29d1a9277784d366ec65dd0cc819370bbc89fbf81f6703
NUP	NUP-2876	d36351bfaedceb63763654e19adb84f581958877b4c6bdd2aecf40ee9c3529de
NUP	NUP-2877	b402e20bbc2a2e29911470d0f65d3c0f0b43285ccb82693258c5e4c8d47b0842
NUP	NUP-2878	9022fcf4c90c5ca0f2f1fdcda9321fee3562d71637d173cae6201322744f59ce
NUP	NUP-2879	cae9862016fbc60904159c61aa78fb3092cb79950b1ea3f2cd6148a232ccf21a
NUP	NUP-2880	b5a461bb06d33a1a89f2f0f60c52778a3d21ae542a059eb324c9acefa8379a0c
NUP	NUP-2881	e8cdef0ef3abace23e9299cd282a0e8749ddfc93bdb4e831db1dd8b1aec31e61
NUP	NUP-2882	629d8b720e9adafeb6213308e9ba5e0a9efa7950a41cbf0da6d201b844513bcb
NUP	NUP-2883	f510e6a857bc1563874ffb35805b16dc3cf88ca372596893944701b57ce33fd6
NUP	NUP-2910	eae266d73a12f4eb8715ed5b81a3a7ae1ca00c2db6a2b2533b1692c5f7af9d96
NUP	NUP-2911	365e5b5ebe27243b1dd911d41be1534fdfd00c04b0987db1c2981520aad5faab
NUP	NUP-2912	a75521d94748eb20232086cdd47824b1a2e162007e8a5fc36d46de4dd41ff9c8
NUP	NUP-2913	57fe7c35fad56b5fb0a78a503dd5b23054afe43e41ac27aea350c94548f182d7
NUP	NUP-2914	a91d657d901636ab94a9e626ce7771d5490a55d8f4db95b182c1578a483dd9af
NUP	NUP-2915	f10409a44d74f5aa321b3845045cd5fdf4fd91b7dfc21c14cf5561428363a205
NUP	NUP-2916	c29d3fed33519341f008064a4a004384bb1c73703f0c4c585875d70037e29389
NUP	NUP-2917	bd1d3852e0e0c59e93aa1a2fa4ce09b7273c60a272a9537caebf9e2a16ca4aab
NUP	NUP-2918	f8e8a9bf40c93f661c529ac042070ee68b2aa44bbba8b9325dd97f4c3be29fdc
NUP	NUP-2919	7bf95960d7b73ca04e084950952f375d5a5ccf33fabab06e2a4d68237a7a249d
NUP	NUP-2920	814060c171e7bf5cc841bc2d08533c3dec97bf6813992cb8c4954edccc07df12
NUP	NUP-2921	1e4e6c4f98d05aed6bdf8708665e3d6e5dd3881415a53beb9e4cc78ad52674b8
NUP	NUP-2922	b27d76ee422a4ff483888148f0ea83d3b38952773d09b7c8893ddbfcec4acdc1
NUP	NUP-2923	560c6ed7372d8786155b75e11e25ebc83d2f6ac893495086dbe5e80a32d9fd4a
NUP	NUP-2924	eddc9a3c19186b1713b2d27ab4fa89272e07920be4a99d70466b70072851aecc
NUP	NUP-2925	27e3540a615abc673764aa2f44f0f7886ae08584d45e2a94e7140bce7f2e8123
NUP	NUP-2926	6a1bd79ab0d2f854055803234d8cc6a23e95847b7d1fd85aaf16485f057c1bdf
NUP	NUP-2927	e4c6ea4bc8107b4df36948a1031c093a1b7ac31a4b8c304481cd2250bfa379e0
NUP	NUP-2928	b6a0c9e356447a7afd370425cd6aa07cfa642122e7aa9a865c20afa8361020e7
NUP	NUP-2929	1e2a00b8ce839abfb204283f185c658139c5179703891a4482eb591294eed2f9
NUP	NUP-2930	150ec7e2ea50594c1b11abae5efa227fd6663ea57c45227dfd37c5e3a01f3147
NUP	NUP-2931	2d456abdfa9b447c18a00779f7c14d2a1192358448ec61fc9d1185cc2d3d8125
NUP	NUP-2932	8da94fd5f9efbe6bba285a799e297372f728f1724dd1230585dc3833cc9889fc
NUP	NUP-2933	f631f93b63382fc7372cdc879885d87167fd18f94d5c2c6d98924f2e9f09081f
NUP	NUP-2934	d94c4c3642f618374c9b4143f77a9796a12a38bf021212153cb8c0cbd057cbc1
NUP	NUP-2935	23296ee3915bda61d6f22a736eafa0e1594915b2969b045ad869d18b943b3c9f
NUP	NUP-2936	69f8cab171323c8081df4976e0b29477accfcb1b7da16d7a1b527d444f8df389
NUP	NUP-2937	9b64e8ac9eb0ff52a2d6be251de73f15fde92b87fe66636942eb46d38c1591d5
NUP	NUP-2938	6c1b041ee2506c297d03af577042e3777eb447bf13aacbb5167e1ffd4165d8b3
NUP	NUP-2939	3a1511b34b62bda4301bcd1756d49f75e5ba387dc0388e09cf187231e094004f
NUP	NUP-2940	d9e2f7e4bb1e2937057c695cd996d9705414b3b2ef153b7819e75872960b4262
NUP	NUP-2941	3b2d1d823c75157fabb97f3c906f0cf859a5b26584ca21b5ea6784822c85ad9e
NUP	NUP-2942	29f6a04d13b585b9a364a817043165ff5941f22c7903e512aa8ed955b0400b99
NUP	NUP-2943	5abd6750c7885573ad4653268a28bc961c5a99cc1d450fd9fbf6824f9f5bd18b
NUP	NUP-2944	ee6fd6e4e784e724216dd9fee92b5abddacef3fdf283f27b535f1c5fc8052727
NUP	NUP-2945	741e1a8d984f7870906fc4a1b9308420041020a227933a0c4d5ae41bbed11932
NUP	NUP-2946	04b8a1566d6fd1059aa53104ee7312dd2e36127b39a32cfb8486fdb6e3ee32ae
NUP	NUP-2947	2b433785f63b4c0f11c5996463f5ec91cb76c32729c7b5d4fa99cb01b230f406
NUP	NUP-2948	a288810075aed27f5f87abb77e78e909f01daf9db3e9b1a02fad074671b88ae7
NUP	NUP-2949	3e11f942349264b19d1265b57dca805cc9512a5b8b7d03d65f6180aa7e23e0d3
NUP	NUP-2950	67d595517a8c21f33cebbf73ea761433a2ea11b3132d8b23e5f43c59e8bd3f4e
NUP	NUP-2951	524e5cb03e24448d543b40ff716931957ad026fd30dbe0c0ed97066f0e335ce2
NUP	NUP-2952	5a2f7cc9a2f9dee6ff82978631f4b8090c751ef746e305d5a07b09b2fb391edc
NUP	NUP-2953	d00d941f532025bb196bc6152f6eefd8b0f72794442644d2900ea3e9274783d6
NUP	NUP-2954	ca35ed78c131e8f04c36b6c53203f6a20bac653a971eaef06322f731cb9197c9
NUP	NUP-2955	a45696085d6c6d41df6f636159799910f4a5f37ca23829f7b0f96eb829bde747
NUP	NUP-2956	cfb3f4132528ba6bf6a88cca8941d23b95ad84ecd81050b86f421942d67f25f1
NUP	NUP-2957	a449bb1a12b0bcaf011cdc52cb5bc456a57ba80058001d9f320dce802e5ab9df
NUP	NUP-2958	3e142f44196a53c522ffca8d7b62ab1d25ae9d80f66e4ce9f3be9396d8290011
NUP	NUP-2959	b34f76d08d423f06d747a6e96705cc926b86b6e1d7ee7f8ac5bffad537d5b6ed
NUP	NUP-2960	97b8613aa9bedd0aa1f4c5e7c6ac1dab09dd2b603b11b7fd2f52b8a2eb99f93c
NUP	NUP-2961	77bc5b4836cb2ef0965b31d1a048ccab94bc2faaf2fe4903949da82206b34582
NUP	NUP-2962	958b49b12c61c7171703647da20f67f5c4d12419e5a01c5be003540b406c7414
NUP	NUP-2963	e5225066a64aa98705c2ea746cf681224ec14d3ca00627f6833cdef8d67914ce
NUP	NUP-2964	2f4240cc52c30520b1f91032e52c1d25d58ff33f802abf37ca1bfe35a231f098
NUP	NUP-2965	5173b5ec0647a0070555e8fbcd59c23f8c630cce7c333f07ddff0a970b5cfe94
NUP	NUP-2966	1c4eb4be86d726102db77dd39e658c3ab8791d3431b15f08d68542e6d27b4726
NUP	NUP-2967	de78a5bac1e9e9aef6fabe49222d42d70baed068afa93432ea7110bd44b2afad
NUP	NUP-2968	6d67b3a23dc14142f4352bfee8728ce4b7960dcddea1fb9732a15dc734042982
NUP	NUP-2969	d7d31ad23e91332b35e0cdfd24018cddcf44808e21eac574b75fd4b4c6c93cd5
NUP	NUP-2970	cb7a2abbdcf89271631bfa078ee2d862ecfef144e590dc9c0d2af12fae3f1d9c
NUP	NUP-2971	51ec749d78a50b9f23884685d3b127f31dea3aed67d5625aefaf77126961303b
NUP	NUP-2972	a43f032f75dabafb9e18e708416a84bb06e90b7ddb09157af9066a6b62f700b5
NUP	NUP-2973	91c6f92f1b4adccaaf7773166e7921b997b83572dacb50501c2c0b01a8224774
NUP	NUP-2974	ecc8deab214bdac70707036e3f9942b3e318beb5d44ebfa7d08cc9bd00bcf3a0
NUP	NUP-2975	3875f6ff032152d98d8d4f9de004d4f4ac7d29aaa2b58f1a3da4039dcf9aaf78
NUP	NUP-2976	bc68751b3be01e53706dc10c9da7464f8747b2d284026ca80f2ed129e10d8404
NUP	NUP-2977	3c1cf226659fd7f647765266a0d7645a31e485938829057d0b20aed46a7eead2
NUP	NUP-2978	4048718214d1e8905337a129ceda9d7290096ef182eb0da2ea17a1365829fa42
NUP	NUP-2979	4dc2434925ab0dd6116d0593bb636c68a88840a3a1cb7117cef43d44173c77b4
NUP	NUP-2980	aa2d608ddc0e2683520de5f0bda08378db1fbed122b64c2aaa8b3f7416ea3902
NUP	NUP-2981	a062697d7409ec3400997f4bb8a0a878c8327e4795f02e698278126577761f34
NUP	NUP-2982	7ca64203f2c7c6a1e0e612f8dbf257cefd896c99f26bc7ec2488c64b359b8348
NUP	NUP-2983	d629dd509c0c74038dcfff4afd667256b32c832acec96f1af001b26375e4853d
NUP	NUP-2984	1e52ed06eda1e1b85437a9e19f108c41daebdaa56c2365a359d39708dbe33ac9
NUP	NUP-2985	5bd70d4e000ad40b1285b0d1c4696524ad7f31ce2c4bdf308074faa8e0a2fa0e
NUP	NUP-2986	0896b3645df71375a358887a1093df9b091f537e596ddcd8be4d9c4cc6859651
NUP	NUP-2987	f3129b09cab74597eb112a6323c5e20c33bef5d46bb080c1804c2aab6456f012
NUP	NUP-2988	f619ceeae7120d900bac5a7423cb287659a53d4ddd87d23c3afcc195449ef3fc
NUP	NUP-2989	8fb371a970a81dfa1abe93ae16bb896a9cc336a616296abd1326f92742074b7d
NUP	NUP-2990	965452e40905a1d289657160b87e77c3ebc00edcc71651606ba879bb909abab1
NUP	NUP-2991	338b8eb43f2ed3862772432568cbd4f0c9a4d37027153e5e24c916c7deea364f
NUP	NUP-2992	2866daa808cf6a2ec58fa5923b480945782f46fc7782943fcc0fbf31f294a5f3
NUP	NUP-2993	5078840722b25f4f820e0b4138e6a835583149021f7f31853ac96a6691ff9f57
NUP	NUP-2994	8f4c3343829798264c972b6db6b4e48acd9a42d69ac55cb1e9e5d19041ccfbda
NUP	NUP-2995	6ae6c2e8889507cb9d917476974d6a85816862c583edd96ce6a2c44022f34923
NUP	NUP-2996	9c6c3047ed140092f1c644dc3f458807f818f805bfe941a4a0ff895dc96b4161
NUP	NUP-2997	671223d2e0fe32125b377d47ba86550b52b0b8c224359e5dcb3accdf22fd0d7b
NUP	NUP-2998	52d58b4dd5cfd578cb84580d35df82a5cfe358d3fe4e266f6d0a236dca1201f8
NUP	NUP-2999	ded09b87c9fc7e6f9ee94b6711a595cd4bc4b8bbc6fb9485d2f2ec4d7c1ebce5
NUP	NUP-3000	6ab8b0fe9e15d9319c0066dfa798d492741abf2f4165ccd9abf5b0d15fb8090b
NUP	NUP-3001	6fa6e93a54bb7b6426390418b832d734279ebebe7fb5adb0f12a5cc32ec8beb0
NUP	NUP-3002	9654f57e6f5f1846ec4dd40b32aebc20bed47828abf9f9d6c81e43592d5cdb9d
NUP	NUP-3003	abe9c50bc92f627afe0d8cf950d6cb9a09bc401839b3e8a1a22a9944c0d88b54
NUP	NUP-3004	287b09f2f15a5005372294b38f8dee100e9b5f9e7ce223e234247b1b39c93b5b
NUP	NUP-3005	e24567db9aeda71cce701becdd28c560b6b377c8dcf0918e8fd410c269439b08
NUP	NUP-3006	ddc27331fe5b5707ef6c2f3735bc73d56a635c4d48641c7f00101e4289187ed8
NUP	NUP-3007	32e791960e52c52774d09ed3494d862bc1dd3191de4925e5489a3ebb76cbad9d
NUP	NUP-3008	ded12648fca2052f1db4272473673cf7ff5d08e8584835f612fc4dfeb6097d18
NUP	NUP-3009	262b43f65c27e35a9bf90b9b93ea6e6a5e164a67e82454c51353446fffde28bc
NUP	NUP-3010	47b565a3fd7ffa2a632d675a23fa7acaffb577969a3a6069026dc5709e6011ab
NUP	NUP-3011	5a429e7348a0232aeb267e9569c6d65a11fe9f4e455317539f947ace95a9dd1a
NUP	NUP-3012	6bb902dada53a9582c7b73367bf31879b3a956c4e3db4141c33775d1f8d12a96
NUP	NUP-3013	e52f86ca1d63bb5e82a95974d65f520d9d5bb2db5ef4e29cb0f715cf425fbed0
NUP	NUP-3014	e84fa7a930d97e9b322ac509d987e361f1138af11827bb8ad6545353f76122b9
NUP	NUP-3015	beaec94ac9e6c7ae8f933e7e9c9fc8ed2764eeb93d0be11dbf28d8ce0d25b061
NUP	NUP-3016	2e00da42ef228fcdc19187a41207357e8bb3bdf24cd157a9ea32c17f332fb7ab
NUP	NUP-3017	93fb4e343034c60d7eb48ea688e51b8fabc2dcbef4ffb75eb8ab9f6883c1ebb7
NUP	NUP-3018	4e873eccdff8a003f7fdf7c87c23f03ee8f2c41c30abcd4a587753af86c76b5a
NUP	NUP-3019	434a7a8487ae513579b6815b2224a7feabd71fb2d6073f3e4a8a7187f2415836
NUP	NUP-3020	92faf54997a13f211d62dd466263c3ca6578c75a0181401bbd02c73c57d04ca0
NUP	NUP-3021	54e2e92bab66ec9923560ce3befbd7ea0b1859bbb7561c6c27e6e1d80c1264ea
NUP	NUP-3022	8ce1a17a730f7aa239c8c7915d88b8c8c53b03d8358099cd6c095582274ae786
NUP	NUP-3023	0ff308c53dddbde60e21d4edbd4153237782cb8b90a3c75b1bff1e91981017eb
NUP	NUP-3024	3bd767c7973d66a175e7f96508e7fcfc56a86f51b6d6eed315ac2cf016b05f4b
NUP	NUP-3025	ba775386cfb495a335ff4ff1019d31de4bd18e6b07c42c07462c9f6494477d88
NUP	NUP-3026	742660933702d423bbaaca01bc4699b4f30b3b2f5b0dd11d7dd5592c357c7ad5
NUP	NUP-3027	5cee3e9ceb7a4b98f435c75d617d1e185f7d58420e38b39aaecf3f73caca7c47
NUP	NUP-3028	4a6b0c391a0ae3f63f3b07eb43f4a1e4cfcd857806fa9b642e39013ca0e722bf
NUP	NUP-3029	25f0ff25bee0e51a881f6babd074831d35b1ed762a5a368b1b5508a84de8b5a6
NUP	NUP-3030	6c5326523ee21df90969279fe1998a459f50b297db43dd55514130df810ad333
NUP	NUP-3031	c89e5b90c0f61dbc007892a547332c829416507b191c9e3d4aab053a6785b7ee
NUP	NUP-3032	394fc6d2627fe22590c8dffad40884421a4698e7b2507b0f1acabb74bdabf2d5
NUP	NUP-3033	46d3d99f1b23f10ddd04ce933bb3f0d3b999b2e2846b74910c9ef56a36c8a317
NUP	NUP-3034	695437de36d375d03086ecdb865a227bdf7aaab884f81dbaa72c570c9d844b2b
NUP	NUP-3035	0df817954b2bf705a9a09fcdf68600f22cbad8a5caf4dbe27ef380cb53cd9075
NUP	NUP-3036	9303eeb98947b0f6a65d2d2fcc0bfa359cdf00c482b2e5b1477fad28de9af9b8
NUP	NUP-3037	e8bb892d732f4fece0bda1b127aeec8a338577d06b14b78ecde37e11bbea5f37
NUP	NUP-3038	0bee0124ac9d4bcd04fdc59fd7db4eb87af89e36635b54e44fcdd55ff2b08fc8
NUP	NUP-3039	06410a8000f69161ac4c69fedc5ae4bc6102c9b800cf0cd380571068841efe52
NUP	NUP-3040	78a0716856898a59dcb0081fa52de2bbfce399c879e6507e9058e7fecaf3c01d
NUP	NUP-3041	ac285c8b88809710d3fbbfc7413da48c730e3ddc1c124e32f35916c8008eab2d
NUP	NUP-3042	92305c7c3511090f95331f602b05470e1ca83ef6d90247665a7026c8b7a15ab7
NUP	NUP-3043	81e654d3e4a26977a2558423e1d7522d579fdf805f79248eae35f514978965a3
NUP	NUP-3044	bd83855ccb9b62bb9a842847c3338004645637e8d1815ce9f5b8567000cdc6a0
NUP	NUP-3045	3699fce30755426bd9d44e226f92af0112788792dc1f701b51cbd55834aa6df9
NUP	NUP-3046	97e5e1cfede06414a3d99a267c3d7e15b8bf6c5245481c8697a5db43db377130
NUP	NUP-3047	5eb7ad38ebc1ada1f1cca6b57091a757e8c4ff882c5b2d50c01131f8e5db907b
NUP	NUP-3048	8c592981d1c7fa0cbb36452ec1babd8a8128598b4c69447eaba6c522851f6bc7
NUP	NUP-3049	508ddf92e8d608c2ff3629afc514ee54e67dc2e55b135d66c2571ef2f6b58586
NUP	NUP-3050	97b73120d22e093be19ba81340abf2f23168863402be9fbb0a27e8e2f95c1aba
NUP	NUP-3051	4595e1657234d497ca6dd56208589e5d1d519d599ec6525ad8da282069c34440
NUP	NUP-3052	1851fba6b8cd114b745f294c1da46477c8566f532a1ab8bcbc51856e344363ae
NUP	NUP-3053	d1780119090ed21aa5f468e120358beda79a50a9d58d88cdd98f7e47d876d02e
NUP	NUP-3054	f5c7ddb50348e03c78040ac868e88939aa59cf1840b57a34d178a2e3d1144d60
NUP	NUP-3055	8ae98c98450dbea064ab444b9db2f2b618dd07c2cbce6879139ba0f0a7015c2e
NUP	NUP-3056	8cd9876e06f342dcca78599070810ded8d9e8950ee36a05aa18c5ca794c2d1e9
NUP	NUP-3057	3c443bb638e1d28c234b282b2b163252185436e84924d496861d87319aadb104
NUP	NUP-3058	ce5730c2318399df5ff79870b629d26f5dff427c7005253f530a43e2e66074f5
NUP	NUP-3059	d619289d77f5299656d98d5a54655f4bb904fbcaf06af61a9ab7b0b96c6ac3ea
NUP	NUP-3060	d60c0eb7815983159fb794c1fb8bfa2ced17b708db94ebef4ee909de5f464fa8
NUP	NUP-3061	308756c9b4955976942272aeaa8749b5c2da938f48c3e2a55f36931d207184ec
NUP	NUP-3062	141ddba5e31d3db92b1798871b10d690722daa654a99ee8eaf9cb2bef2cd0171
NUP	NUP-3063	9d90ae4abde2d14cbc6d0897bface1c284784f215cf71673c18407938830021e
NUP	NUP-3064	b344d6631f49e67ab6d9857ddf782aaf18f331cf457842288478f34b5428b14d
NUP	NUP-3065	c264c7622aad9339193ff87ce09a28decb8c298c470e39f41ed154233de46aad
NUP	NUP-3066	8d6f8e579dce9e7d2ca54cb9e797d819c9e29e81ded3b745b28777468bbc7002
NUP	NUP-3067	5582a091e312ad89046259a65ec7390a8a9ec9e2c3055721e112d0fd5cc05b72
NUP	NUP-3068	4733aee8ed45f8fa2091eb4166fdc9248a8d09396513929a38caacd464135b30
NUP	NUP-3069	cd50b4564692380dfbce604708e80dbe088bcf947ac4bcc41eb471632ecb8f0f
NUP	NUP-3070	172003e9d3fc9ea1eeb5b9c5e14b67b41cd8e03e75b309e737c8502e211fe87a
NUP	NUP-3071	e1d91f657312642522822423fd2886f118ddd22034fe264e04019caae3db3fcb
NUP	NUP-3072	c6fb4282982d863288151aff71811e8586941df88a06d5e1d86044c5e2a86572
NUP	NUP-3073	cf0e9fdf2a692261c6a1ae9eb8ea626140a84c011c013f9123ed7a5d6c004f11
NUP	NUP-3074	082d65a47bab38a92a274fee4ba2ca67a327effd2644a3803bfdf0681adbd79b
NUP	NUP-3075	881050b49cb5238eb71266ea02de3ec2e936bd0a8651e157d0dfc10a63969c7d
NUP	NUP-3076	56295b759c667e3551d99438e93a4dba4f510849afd070d789ab0520d7f459cc
NUP	NUP-3077	72acfb09bbabc795b242189ddb86ff4258525b25ae5dfe0e0149d004fd81f9e8
NUP	NUP-3078	55a9a2e0ccdc4a66291d3b9f1969102783aa2c9377b49ebc339a48d8086d7c0b
NUP	NUP-3079	68dc649cdfab85179174d73d832e2d1b64799429166944c9faa9fcaa2eeccf86
NUP	NUP-3080	19b8f1191271f0b37fe05e2a4895c167146020d167986efbecc45739ea7b8ac2
NUP	NUP-3081	7198b35608a73c4c34d5c87b851ecf53d2c94f42640c8cce1a2f436e5a12c4cc
NUP	NUP-3082	d84522813a529a0ca2900a73241b76c5a6971b92b016c0a4421ef37fefcedba7
NUP	NUP-3083	9c7522d4ca4b9723d9435b1d88387b502c26c3e0a03eba4c1852f0e1ea719020
NUP	NUP-3084	a7eab8b88d9d246494a751d7a736b0454d15cf0d231a82cafe7159e1079ffade
NUP	NUP-3085	4706210a6d8afe451433514a3c3dd6c30aa4fdf122a8fa9cf2196afbc69ab1d8
NUP	NUP-3086	5756523cdfa97e1fb5a8b8b252ea29dd7f62c91514227815949c253dfc606317
NUP	NUP-3087	1ea4b48559ac20166a97c5dbea00e3e34eb072ee34d3dfa1ec6f10ce22ef376f
NUP	NUP-3088	6e882e355add68b5e0e18f5779d649b9ee3ab2cfa7604f26332c16e1822a91fd
NUP	NUP-3089	81ca38840473fe3ec3ce96126b36051e2a657a3d389f76b2c54cac10650dcc5f
NUP	NUP-3090	530c647644c4d27ae144c748490cc6033d491f45f86128d451c0c3837f878b64
NUP	NUP-3091	5c7f0c9dc950fba8b21937e2c39009403485da9ef589a6cbac0af6445401abcf
NUP	NUP-3092	14f26deb5ad2a523d9e2ba0c77a85ad8013dfe56164afe35848e8808094f7be7
NUP	NUP-3093	633922fa9ded25a87725fa6aa7cd6ccabe05dd7310b15f5bde7baf476a347220
NUP	NUP-3094	1e1c375da6a3b9c274fc6f7e6265dce746d025a361fe5bea08ba5ea578261c31
NUP	NUP-3095	cce3d1b694c62aa023aa0a7b8087890556ab13b7b4fc94ea769b17435fcf9ba4
NUP	NUP-3096	67f2d5e35c87b2670b0739c7a26ee9b380f3a2b9a10414d275f42d900f7f2a84
NUP	NUP-3097	7750539eaa8de2f3673b7d8374b36e6980608803ef530a8f742ce3f7f902c35d
NUP	NUP-3098	2bb6611f126dd64cea7bab3c1648243097ad14a378ca7c6c62441006f0565078
NUP	NUP-3099	7542a8607d7d063dadb8898a179dcd3c53d9d40185db7633df56503f8c7c1c36
NUP	NUP-3100	5830cdb04a04349ed309da1a67c5c1585d0d39ca7c8516d7cb24d5c4b4867542
NUP	NUP-3101	bb899608e8c9f8eaf5c51c33fc53a7f8f5eb564a89275ac00e3bc8980f3c81ec
NUP	NUP-3102	b2b64434478551a993f7d75b0e8a514ed8ee55cf882ae85c6a5c1189f1ac242a
NUP	NUP-3103	ff5e8178bddf92af7c3bcaec95e7f9dfdea6b5fa2953e1f61a6e0abd09d0f75b
NUP	NUP-3104	43500ff4095d4cf06b6b59e89956eb8c36beef32493b0e2b737d9845d21b9540
NUP	NUP-3105	f32f936cf89ec419bb79917d97add4704d80dc34277f678651ee1bc3454d669a
NUP	NUP-3106	4807c1a2809ea7aae450bf3e1ab7c82837c2c4b1d0ebfd3a544057cccddde0d8
NUP	NUP-3107	0ac9ab5480480aca199244eb83b3c8f5e3dec2521e4ee0a35b8562b77ca6c262
NUP	NUP-3108	8870b1876171dfe6d61f402b0d282a7f34b737f548edbb6cb3b59882973b6136
NUP	NUP-3109	e00c9c6eb45af3ce1a17d6614e9c64a710fa0a602f4561eabca76a00c4774c82
NUP	NUP-3110	f65e2a7a3ceb18736ce687a298b0a16e97fe49656e2d819288de8f5b405a33c6
NUP	NUP-3111	e6446a9f0d5d814389d86ee12cf003519c05832e60dc443d0fa183190afa55b9
NUP	NUP-3112	4a82b481d8a57e7ac90cf7be83bdb00e609389877b7b156c2f7f4110c2604b98
NUP	NUP-3113	5db808380693b2cbcdbbf0e11da9678bf913089ce82bb4840ec908eff768d83b
NUP	NUP-3114	62b7e092a200da611e5f7303144361a7adcafec1bc807b9d5939be30defcad4a
NUP	NUP-3115	0c17157b9f9bd42e6dce05110cb0ee0f1482327516c717bbf05486500ae82507
NUP	NUP-3117	2cc74349208cde6e1efdf7c430325a1302c48344088ea8a9cd8816eea0fe5381
NUP	NUP-3118	bb5a48f51a840d456eb5ae766c186692d6a050000af54d7db8555453a0417b3f
NUP	NUP-3119	0a1afabd45eb374e7c7e2a35886734890791821e8c70ab3418e1832fa354f92b
NUP	NUP-3120	a011bbd147f7a942a63a497fdb90916d7bc159889dd811c2e2ebf7dafe50faeb
NUP	NUP-3121	31fe4ab8d8a68f3f7eb1580a0258a56c70aedfd56934378b0d065dd5e2ec2b9c
NUP	NUP-3122	e00154eec41b6583b9f997eb02b337a1de329f2606f01ee94ac574b318fd8637
NUP	NUP-3123	a4e2d862241b7cccfacece537d97c5b31770a0d904806c353c02cb196c5b097e
NUP	NUP-3124	2d56959bbecea05a640a9d5f10f6bf0192c84c2b4c11e3c0cbfc02ab23771502
NUP	NUP-3125	390b76c47510764eac3d83e21b1a4335fad56aeb1ffd207debe743c7f6713fce
NUP	NUP-3126	ac2a8fd2471d886b75ba681975f941376862b8afc217fce017332a8e704e5401
NUP	NUP-3127	a735899b21e4e8b578c0e538b877d56c3cf0e12328cf06ba3fb7c2c4f684aae8
NUP	NUP-3128	e1bd7f010d139dfa54af196a13efd449a1eff670bdd2c26325ded8913d6ad5e7
NUP	NUP-3129	c638e1cf92b920ccb0a617c888ab8e364a2f494c022fe768aef890ab50b19dd1
NUP	NUP-3130	dd122e0ae7079778ce37a9de1d9652a7835c8bd6d97bc6541644787da9bd194e
NUP	NUP-3131	480d2fc3e632fc60bcf0913a5714b9cb81b21a6d6a9d68fd5ee0e69e54f0c220
NUP	NUP-3132	dd1e110b03e07a134f1d8a553285282b397a47f24146b2111963ed581789fe53
NUP	NUP-3133	010e7279a6cc9ea3cfe96b4ab8b4bff13bfe0ac1375120eabda1c2a855687fb5
NUP	NUP-3134	9a5a5837e56476bae959b1b679fd3c7edcfafbac915d95ddd5b371181aba4117
NUP	NUP-3135	423c29a1cb50503f357c07e7688e0d6308df6b78f1d73bead284eedeff56e415
NUP	NUP-3136	2e84a9b46617883217a6d5885e0145eb88bbc3c5798cb7b9046956dd6c7b8246
NUP	NUP-3137	4e85398b64e40f363e261afd0449d56dbdd58a5116538d7be16a3914775c7e7f
NUP	NUP-3138	b9766ff4dff18292d266ec2ec86a384a377ea851b2592bc358814fe7c6fd51f4
NUP	NUP-3139	19325126994a9f8f0443890c6399c9d61c0a1cfcc14baa4618c3ed4d1fe57a4f
NUP	NUP-3140	91317b2bb6197764ab6aac3f52603adb88f0f06f011a4b99a305a631233a0d0e
NUP	NUP-3141	58e396b3bbfe9f1e88eb65593c7e5202fdf7b18b4fa0ec4a2eff8ed49e58157b
NUP	NUP-3142	1be3eb3e740a26907e93e8db91908f2a7166e03b893dee4eb417cb3803533657
NUP	NUP-3143	880c0ea550f3ee023eff3697ceed2c715dd14ecb11d2f7162aa19c5c96f2957f
NUP	NUP-3144	b796df1ec4a57c5b7cfb6d0bfdf3b4e52257639bba8c011b5140e6bf1d50e425
NUP	NUP-3145	50a7b0410b35c1f729ea597b4496c475f87dc793e8631cf39ac659a9616c8871
NUP	NUP-3146	69fa5fae3b5385af7245bcccc16d7e62dc2efb038e94b4c452e82fad2a7eb64b
NUP	NUP-3147	a0c85d501c300112f43dafac5eb2eef6f1ff00fbcb8752ee5df54ef478338e06
NUP	NUP-3148	0dd9fb20e9e2adef07f3f51e41eaf9acdb849daade3265e0f065a0345f83bbcf
NUP	NUP-3149	b8307245409c763dae47195f3914557a0890d526fc27bde163a73475625274c1
NUP	NUP-3150	b97fcb9a625e83ee55a5f4d068a2c002786f576ca5aef5b23b8bec85fdf4e2fe
NUP	NUP-3151	9aaae797f59b053caccd7af31e7a3019020889716021b9e46b5bf75dca1a1a74
NUP	NUP-3152	3b70af32ad81097383f74e01180b129abd93821876f6c245076681df394a0dcb
NUP	NUP-3153	1cd673d0517c77066907c8d889b4f8080c9ae13a6258df628984b2acb8a9ef0e
NUP	NUP-3154	8c2dca2634b9e73c46a685eade69b5478edb2e495a5e32961eebfb04dfa6ac6e
NUP	NUP-3155	f53fa73361a08d89247fc785d1af2d8f2dae4f424dc0b3171ae9fdee2e124b6a
NUP	NUP-3156	b0471840e6c87c3c89a582e4e799d319b4e0cc64a399797ba67fe75039c84737
NUP	NUP-3157	77d03b42d4b377fa19e98893b86d00435e59d12776737832d39f9e6cbe03ae3a
NUP	NUP-3158	07beffb8572f78d595251e538e7c7e186c76a3365b2f82da5af4abb6803c3d2f
NUP	NUP-3159	fc3f864bc082721d244f6cdb36a98d17bd5762def9d998bb7a583dd813a51e10
NUP	NUP-3160	edf42bf901d36f09e258e53fe1160273e08b4e0c402158f7cd6c6caba5f96531
NUP	NUP-3161	22bc57648ef2b391da8b7e08405c30dfe60793608f48e06ddab4f38581f2514a
NUP	NUP-3162	4085eee596f706dca89476ca32c38e662031a39cf84cd195c9788e1eb9b2a332
NUP	NUP-3163	6c952ff9a19e215e25bcea5bdc64124ead0539154121bee0c7a2cf9ffbd50520
NUP	NUP-3164	a539610f6bf9eeba258721e9fa101cca3c7507c500dd2a7486cab95452116b4e
NUP	NUP-3165	a6aa78afa44498152e4e872c5c09ae59f1c0e208908d984a7c6496c132591dfa
NUP	NUP-3166	56c6452dbc316e025b270c7af1530598870e9c1712cc2ea7da3c3aa241c12035
NUP	NUP-3167	02c84c5db89df56ac0fde9f3ee13eaf8ebe267dbb96476e113af5638e851410e
NUP	NUP-3168	05a96dbf2cec16f5fd103668ae02948b7ae7df78dbf74023d038b2b92d91ffea
NUP	NUP-3169	ddbf0315344ea1ea7db8a6a43b1c7734566cf92f8defd688cbbd28e34b25438d
NUP	NUP-3170	4443d59ca761d06307151b95e01218d8b9662890b76f34c5d34e291b0e4f0939
NUP	NUP-3171	68e7db8497a797d55bef4ebc3b8a99cb26ba550bf86addc062cc9292f59dbba0
NUP	NUP-3172	977026b7ea6c34026d2425076b426a839972d979d95aa04f3d7afa0733205877
NUP	NUP-3173	c70ff1d50c1a542e9598182f61d32d836ccc0eea169f16167bb80e583bee19b2
NUP	NUP-3174	a855de7c920adf29bdf0127696569be394244d497038e34fd5437233ae753107
NUP	NUP-3175	120463a4182995e512edbedaa8ea0d71aafcfee3ba18eb28dba5613cc53a29ab
NUP	NUP-3176	0c93d238c8cd813d6ecbc59606af078bb46e4aa4ed69285c5c9bc12c4c409505
NUP	NUP-3177	2948f5112ba65af996f708aba4323076211fdb620ed18e4f3e26611c0c01368c
NUP	NUP-3178	c662cdccb4fbe3dfdd403bf622b566a57469c7d319d1be3f9728bb1d1a019ee1
NUP	NUP-3179	b5fa2d27f4d4bd94dd6cb932674bf454d6e6303834250783bb544ce5d4b78428
NUP	NUP-3180	fb84393a047470ed0d86919717fb86ae5f5d59ea4c03d2da6c76a13c7f0927ae
NUP	NUP-3181	4bb8b181e59e87cb73f57de40b37161dd4278196503ca244f8c4c8aee3a7b4c3
NUP	NUP-3182	e70a6588a85408cddd535c857ca1b247e76d78ef34396366a7eb35992ee06ea2
NUP	NUP-3183	82a26589f6bc2e9b770cd4b26127e35b86b8c14e112787c3e5716ab1784cd156
NUP	NUP-3184	989c8d51446284ee7113b17ae322b84ca6b16ba5db1058c5be7dae578ffc38a7
NUP	NUP-3185	d539e6792a3e508d61ab3058892b222050e61a9bc962a76a20a752845b939e26
NUP	NUP-3186	53e42d823c117f71254ff800d3017580d3c28a1ed70afe23890693c96dfa9302
NUP	NUP-3187	753880ddf1904f563beccca16c0bb50c9d798a9c13cf5d0483e0f1a9d0ac3a22
NUP	NUP-3188	0d6837a460afe6e22750b3b6bc18e55efcf8d3ec5e70931e05e10e132afb750d
NUP	NUP-3189	d3ddf732470b52ce2ab84c67559bcd25d31ec5de7f36764ff390213a59c651de
NUP	NUP-3190	4e01f11100142c11e7d62f6a45e8f1eed07fcfab79828094c70287db95f41c43
NUP	NUP-3191	1402cc2d88bc635a150ed5333c5a7f9537892863315836f73f778deb46726ea4
NUP	NUP-3192	3ef6f602213938771688227772f538901804ac6391a73c41ec881a701e21c0e3
NUP	NUP-3193	c54d12a90f034d9cf676c3d1a935551a3dd61aa900b087a81f87a71abf25b89d
NUP	NUP-3194	2857d2bf043f1800616a7ea2232b82b8b43e805d0078940b47dffdbb472b4839
NUP	NUP-3195	952af8415337954cb376f38396865aa44beedc76d3374260323353383155e367
NUP	NUP-3196	a5f65317ea265f0699342d64927b9621968bfe15008a2af8c2ad34f0a4a0357f
NUP	NUP-3197	db03d16448d04bd0ed19dda84b5a2eb13374ea0d6d24cf50112683338447da0c
NUP	NUP-3198	3c63206bd901371a18ece761bd4fc589ad6e637d323cd20d322ba39777bf3e3a
NUP	NUP-3199	fc52b24c8224e686f5892bbe62ad2bf1e9366cf9f351dea25d667edc7453556c
NUP	NUP-3200	338645c275a7800915d9421be82c76468af85e96e07d6eafb1f5ba2875abb3b2
NUP	NUP-3201	9916c0950c206764cd0f9d6d98e4f55c140721869637d87ab2b0797bfa8ef660
NUP	NUP-3202	66834bda1ac9fa53e9cb995bfa4904aeb7d4284bf0ca7cd596ce58bbee10c0ff
NUP	NUP-3203	0fa7ec8dd9a4a694d81bf14c13961e2c3bcfded3e3019c0687228209dc349d9d
NUP	NUP-3204	090a554c1d42801b12d69d85cb564c9cb766dc40c8231b4af2dc4e23b7bd65f7
NUP	NUP-3205	bddb1b755a1b078de447caf5d8185a4ef692dd2cf77416cd10b7d441d7376bc4
NUP	NUP-3206	3c1ae53d528f1107ac4fb6fa18016207767838847ea2d7b808bcb4ffa587cc52
NUP	NUP-3207	e7a7e7392f430bf25772241c3fdb7226fe86826ef226c4c17a8afb64f8cec441
NUP	NUP-3208	70157e207634379449f21b999e18ca82045f9ea1f1279ee3a55ffb2dc24bd8b7
NUP	NUP-3209	6a258b78efe1e95cb1128adfe0ffa5f5e02cd01fb8b58de9aaf6b065f8efc5a6
NUP	NUP-3210	beef67d075344d5124460b3138aafcb2cd78f5976e2da0b12292e017f00100b6
NUP	NUP-3211	47ba96da8708cc64327261b82c5c3e57e761e9e60f204f5d57783a0500f7b820
NUP	NUP-3212	52bf6d506e00ee8fc4ec5416801b7b0c65b845ad23eb3fb34dad004a2854a466
NUP	NUP-3213	4e015d3311a00f292fb0dc1fded5ff66540e7d55eebf482d5b822baf17fb0130
NUP	NUP-3214	e8175951b3e677fdfd95b069b7dce3fda89a31528cc15c8689b03d357df67b5a
NUP	NUP-3215	ef80d45250fb830816b10dc52156df14e657d008dfdccc5eb0f88d2c5e3bd397
NUP	NUP-3216	48222b6d96ca310a4b4497e04dae292e07e5a0961f89e3689f8097191f4ca405
NUP	NUP-3217	f5095be4f002e79e09dcbc14bf601bd938bf96a992ec7dd00b6a22be663b6533
NUP	NUP-3218	ec38ba2d4e98e7347a7253bff1c6e4b17312dd68795c3ace06b3516d478830d0
NUP	NUP-3219	42b189c9923ce3fa665de285369c3b4b1f775959aa056319c09904822fe479fa
NUP	NUP-3220	28aa25ce1dbe3c9d17db357402147b7e6fd419f0fd81da145c51f57430152b0f
NUP	NUP-3221	df3821190bf3da5e6e74ce25aa462396c3ad533ba1f841734df69b5053b30c6a
NUP	NUP-3222	192b3ccbeb3d29b7d12592bd995e8335ff442b5830b5504e7f878b63c904a391
NUP	NUP-3223	398118294498e3a8f7284a1ebb72820d9d6c62833b3b7d97cf69f793558c01da
NUP	NUP-3224	9c86294f7f8c5a8d3c1f98973c13b236cb7662e47b8656a6c3b8fd61d8f6cb6a
NUP	NUP-3225	eda7049e99c0409291a161c504b8703b58ddf97c020af2129d94bd3407736e2a
NUP	NUP-3226	c0c8b7802d66b240c29d8217ff66ea66297cb0d6c0e5de8460f8092b023b2ca0
NUP	NUP-3227	54b077505ec594dd853c99cdd9a4ac62330b7bc00eea05e8dd01cbc30bea20d4
NUP	NUP-3228	82a442bc1987f892df267910f5e76308dee3f121b1acf63a5028bd2bd679cf7a
NUP	NUP-3229	8cb5e1b0c68b8c9e501b2762175e26f0603dac4959a2a478dfb593380d56ba2d
NUP	NUP-3230	9b83759699dad4bedae7d3c9b01026cd6ef09c65196d5ce48ae63f25f46ec2ed
NUP	NUP-3231	ec0d8738167cd3c55a1c6165c92387a43e8caeded2dc3e5bf23a20252c7fb1f6
NUP	NUP-3232	eec8066ad04e862e1f6aafde418982a560ecbe341b4c873afb516c0f0d483806
NUP	NUP-3233	a2509bebbc90ae19f40c033441ff5d437cac82f58812b6f89236653c7c5e723f
NUP	NUP-3234	61fe0fad2961d310d17d7a732cf9a45fa9f0af02466a27c6e479d16095a6135c
NUP	NUP-3235	0fc13127962da113dd078aea825df3fcb7de5b007255a3627d5794f75007a18c
NUP	NUP-3236	42ce3084ac83a732fd68ed3b368ef9ca036c51fc1f986c819604e139d5e94854
NUP	NUP-3237	6c5372c84a10e2beb840946a266d6a245aa0f329bfbb083d05ff504d6b408a3d
NUP	NUP-3238	bac47246eddef7f8fe3391f09f29e30d111500ee0d5610c83b280c0b811e3f33
NUP	NUP-3239	24d37bd8fbf435a5e2da3d22a18f5246b2d83f54d6a798ee94bdca9c70c64b09
NUP	NUP-3240	2b33c5c3c4f9bbe76fb4d9edf3c13e3874ff884265397157ad0d68054bea6ad4
NUP	NUP-3241	1a594e0af1602eba1a1b0d15983ae4a8a68308478cf787c2838d00b7094047d9
NUP	NUP-3242	32c19ce123cdf7d417076b10313c73618f434be9a41d4e06709ea77ea68412a1
NUP	NUP-3243	f32081726daa7bab063e5d16db383f90ea431fd8f129ba02d35b80499188af76
NUP	NUP-3244	0102ff353ee8b15b304c4904e2cb306c0f7002a887f3dcb5118113543c7d3175
NUP	NUP-3245	50beeff7c6db57d6deeb4df12572fbfb18794c9d76213da18c400e8c5b0b9588
NUP	NUP-3246	c5a7ad6c83e023a2522aa272d0dfd20ca41dd1308dfef4eabfc9ca598318da70
NUP	NUP-3247	059ff1c6cf55fa84e2b31d5e71cbe4024a5dd70d7f3ca8603ab65d0f1a3fd7c3
