NUP	NUP-5598	5ba779c7b4bd94267612062f408c71e75d3849c63b7d842b7620e81ca2ccc984
NUP	NUP-5599	9b38da2225b4fe907e19cf1420a76ec798577ba35ff982362614be6b26feaa42
NUP	NUP-5600	0b67cb8af97f9a6d95bb0e81417c33dcf720cc3f604d27b7fbcd6fb1639786e3
NUP	NUP-5601	667f09e8700b30eaad7f843912eafbae6acca7259aa06f634894a91931ab573b
NUP	NUP-5602	dcb066e8914c9930a8d9984ce57ef2f6ea96d28a55ab363e08133ba8367881bc
NUP	NUP-5603	48b0f15f7c2dfa302fca8032fb41c8338a8aeb2f48337d828328a7f527836d28
NUP	NUP-5604	d25e8fda22324470773ea2c45816a207b1ae9b0cb9eda3f9365e681ccf8cdad6
NUP	NUP-5605	32e76bff89ca941988dbcb4046f2999bdeaa96ff6f63b7b8061c7560c64872d8
NUP	NUP-5606	f5a36295b3ca3bf8c6afc8ed71ce0371154f232a8394bd6583bc83d9119b6379
NUP	NUP-5607	5af163df6a103e7d974c64914beb62eec7c6a0cc40aa63485d6fd41b29693e37
NUP	NUP-5608	8eed07d437cfe83be1d0b472d3582a87b03c5a4ce97fed08cb21d532231637b6
NUP	NUP-5609	a1372edbf37436c763560b0203b947612ce5ece6209ad4df04ecd60adcaf136f
NUP	NUP-5610	052dffb6e988ef4e667424e0e0430fbb27b87558de074638c6eb8b63fdbeea05
NUP	NUP-5611	00bcbc670c4dcd33885c7bc7f952ccbd07b130b3d760360f9cb02dce21c491fe
NUP	NUP-5612	7161905dbf1d92cae3bfbc4a7b4b41d55172716e8fbfe05195a91b10e5d261ad
NUP	NUP-5613	a9a852b66ce8311004b8554f2d766be7587e2b24d96ed7a0c2898a6a2f18aed9
NUP	NUP-5614	d4340064874d3c5522ee00b472f11ba52bc22a031a77fb34c9f64880d7393323
NUP	NUP-5615	f4adba1e1bf102ad58eb9fe365ed9386648ee18510ffe9bf7bd33effc6e8dbdd
NUP	NUP-5616	b027389221027e52434813f16db3746d3c0c9f2f622314b2d81c161320ebf754
NUP	NUP-5617	b6369fb3904162920c3a1937cd3bd00a28df06e8aa79e5e2ec66c4bf1976ad14
NUP	NUP-5618	5e8b0d96c49fd7b153a155cca97afe5eee424a6681502659c1342c00f8d8371e
NUP	NUP-5619	36d690a5c74e4d31ae8ed32bf78cb9fce16536ebc318380d61cbf33a95333ac9
NUP	NUP-5620	b5b6ad9310193d2118f6077551a67ccc9ba5aaff0d979706b4841923e763bdcb
NUP	NUP-5621	4f41dacfb09a0974c3aeeeb8cfd1af90462a621514f403d22f7733a8912d7dd4
NUP	NUP-5622	c5bf5c28c9745ffc61e01822b02b60d37b1913169dba315cdc8e7f322068bd50
NUP	NUP-5623	418b28a92312d5ba665d4cd377765b0e3a2e6a613abff00477ce15eadb9439f2
NUP	NUP-5624	376ed1e8abbbea7bdc32ff7afd90f0666508ac3bccc0469b308d20994db8f21b
NUP	NUP-5625	c4ba47d0ea334cabe859409a7ec8230b1c7c29bdadcc87f472008530a9fa5e40
NUP	NUP-5626	1969bd8a216af2d3eb1898992306059f497eebf4e84cb407d5410d713f58f900
NUP	NUP-5627	c754e8c471b875c88954af042996cc8963371fb10a4b5ee53580ba9853dff8ea
NUP	NUP-5628	0f71456ff9362d7297611fc92ed17acfcb1475dfa87b22b20ba5810a0b1bbdb1
NUP	NUP-5629	77e605c15019bbdaa884115a40bb7c2daf182cc198d82dec24c4c74b41c103e8
NUP	NUP-5630	7685ef5111438fa8df98208dfc5d8faec2f4c515073859f997516cef897aa744
NUP	NUP-5631	83a407fe62c1adfd775e71538ea8b5d2a59553edc49ef84684a2b15d96ef77b4
NUP	NUP-5632	3deac03ccf67579a36d6b2d490218c4b03934591979344a2408258a6bc8804a0
NUP	NUP-5633	512b8e794171fdc93678100f8336f74a1a3bfa332813e2e0536582711370d7d4
NUP	NUP-5634	e31a1b860054bad9c796fb1c342d37c1f6715c02e496155bd5cb80b11a189246
NUP	NUP-5635	6b2758ef8afc8fa4240e29b098a1590a9e9971016655301ad007365cc53ea1a1
NUP	NUP-5636	a3d303ef4dd593e8736aef21418c352d38447dae869ae6955cbfd890edcd534e
NUP	NUP-5637	be2e7199c39ec440e94957f1bb5b557278b721397982451475d6fe706acef10b
NUP	NUP-5638	ad56acaf3a41ef894176e7a3d7f6f7c9275770d33b7fc9f7cb219cd0bfd2b616
NUP	NUP-5639	f8429a3486a3b876f7856d126deed567eed0f0f867ebaaf961c23549ec4098c2
NUP	NUP-5640	eba7f526f0c4c29820812cbc5e926731d03e0c73d1c4c6a2d66512ee2c38f97c
NUP	NUP-5641	680053540b5f83b2ac0925e1124aa0e631e4ca51edb17c60aab758b69cc116d2
NUP	NUP-5642	9137af3e2cc012fb55638f81d1a894b51033cc33b2f360b70a35f74835ed45bf
NUP	NUP-5643	e2b6744a98da62c0be323a345fa1a79a770d04dd1425cc774ff53cf9141e96f4
NUP	NUP-5644	1f305390d4557eaff02a3c234ca8113b55ddd047c89591957fc66468c205f5e5
NUP	NUP-5645	b9cfb21996fe678b3482f8739ffe90ce19978740e79aa2e3721831c09b28d32a
NUP	NUP-5646	ad893ba3c4552284e93caeb1d82555aa43b43e578a57e173cae6cde9bbbec0c1
NUP	NUP-5647	df9a4844e55f07525d51b0a2f77abae5f90cb61599b193685a29e26e9fda81ef
NUP	NUP-5648	854ae5b4533befa3849f6ab4e00baa58924a59ba172028ebe7fd608cfbe72a49
NUP	NUP-5649	5bf600d9b43c647917c5e7d9fd9c4ebe176a18f69278372bfda4c873df513623
NUP	NUP-5650	31a751a0e20cd9e4c11a9ae880c7c4604ab16404d6a775d6d3de0556014112fe
NUP	NUP-5651	1e2a0fc26f100a9d468fb2d3763920e871eb5be187808b9c2bded8e29ed2e4a3
NUP	NUP-5717	aa684f6cba9a8317c297d3bc2f1fc3f59dd33971f4e12a7b893e1b2985286226
NUP	NUP-5718	1b14753ee6c4c6b4dc4bf60ea43a87eb493b84d4d2c9d5c3e5c245520f4fbf91
NUP	NUP-5719	9335c77c0cb5f591dca38365d9c0461827af2edb7c4d65ca51701623cfe3357e
NUP	NUP-5720	837788fd1e6f41699681dcc3c8c3cfa5ca951e0cb1f94c2056afa34e63331b30
NUP	NUP-5721	21d5d196cae3f8d6e6983068899199761d73322702c666d3e9dc28786292010d
NUP	NUP-5722	50aa686a169b9cbad5d7fe97e20dd45cc00c91e3fc588acd4978ecfc62eb792c
NUP	NUP-5723	85c9df9d675f261e20b9f7c3a007337f04e407a15cf421f907526ef4ae845c16
NUP	NUP-5724	a4907038e30ee78615143d4d917dbb14ff3f44b0359378d1a7feb98871346e04
NUP	NUP-5737	72cc82863af89f8f828272d6f6817856e1621b44e871d9134d5cbf6c1f279d02
NUP	NUP-5738	3c91dd701d78208d7dadea78a8fe8f815271bdd19dc4cfd212e6d70b4bff7966
NUP	NUP-5739	2d532a7a3c219843dbaed408f672328f08c492504ab12b83443189e9bcd63a87
NUP	NUP-5763	ff9b46e3a3384fabb4db1cf668ca11520590164faf2ae5b06bc76977e12fadea
NUP	NUP-5764	c455bec99f7606128702194da221e8eab4d31614ff4e1f7aa70d8aded1ff92ae
NUP	NUP-5765	a9e43042219656d168fb0aa6af34c3942a1fdb21b62d3a2653852541fde40cdc
NUP	NUP-5766	160c07f12afc9b145fd10fc6efa43729e6633587d986e16ce3086602e21131f4
NUP	NUP-5767	40ac6488a8c1d4429abd10797b2d07274777768190b0fc492799fc2e42cd0774
NUP	NUP-5768	12497ce325448e258bc6048f2eece5c04aa7bd9c4dc6bba74b858676d9ebce5d
NUP	NUP-5769	f11a1d8c42f1386fdb024579d8f1d99d91a63553d1aea599a54132ca69df4a01
NUP	NUP-5770	1d7f94b0aee6214d9979ee1112a120c895b2681d63733227bbdef83642902eaf
NUP	NUP-5771	8c777cd75d67b913fd000063bd3bcca4af943911edbdbbb77c8dee870465450a
NUP	NUP-5772	5bb16e39db817106e8f6eee1a083f54166bdc2df2cfcfa6b304de9d2a6be0988
NUP	NUP-5773	5e24e73a2c2242db2cba2401a5742263be74b7d617bd12078fd04fbfba7e8ba3
NUP	NUP-5774	6c885207ee5835fd15163acdd65ba012fb1e2937e048f5d8b43188dc4d948221
NUP	NUP-5775	1fc48018f2d279c407525548fd8b500bc834a3fc9f8cbc0230af68fb52a4a044
NUP	NUP-5776	363ea45feb253e3f0e02cfc34a790ea7527e8729128b7560361d0c6f8f684fda
NUP	NUP-5777	5245c9ef2e5257d30cf1a8dc404d27c9dfa202702876897315717ae1884bb5e1
NUP	NUP-5778	cda36d3263e6b3c961bec32ea742abced30b935066c50dc66ae35b8004189c7a
NUP	NUP-5779	bbf9709805d576afa7bcb7a6887bab0897bc89c62252e749b3c598fc2b67b0ab
NUP	NUP-5780	59b9ea9ba373af8ebdd12131c4141268d229250f6640eca58e23f343019b17ec
NUP	NUP-5781	57f7fc1b0259384c3153d2097952a255b9864b57c0569c31111ac275fdc68b70
NUP	NUP-5782	b10688aa6c6fb80130d6c58590d3ac8e42119c14903cdc94f4daba782e6019a9
NUP	NUP-5783	59adf7b4f8080cf503a057d194bca171b0d41366271e582a04fc2811204b5b57
NUP	NUP-5784	8df1e37f6b0f12c7cb25022d82df57c27c4ed966d4986b795f336c825ca0ed61
NUP	NUP-5785	b42cd1866d62f6c248e3bd4b9e842384451d263804b115dbdcbf0ab91b0eca71
NUP	NUP-5786	cb50e97e0f2c3cf3b3147ecc69b2fd8bc66d0182ef87e3faa87bfa1f0b225ae9
NUP	NUP-5787	a6c482848cb68e45062c3af57316d280755f41b93f319e6b5cdb8b2ba42849da
NUP	NUP-5788	a272d73fce46abf058c627b41b73006d87339f38d6599161bacf0a810e23c74d
NUP	NUP-5790	9177b10720c26c43bbf3e67b420bf040171e5102d04645854be7133338a3de0d
NUP	NUP-5791	9b81d9654bd0a7cefd7619e5684395d09aba78d2e0a6c7df9bbf1245675db957
NUP	NUP-5792	2ea3a8569b0826544c33dbc3b6896a548e5255126b8b760323e5da6654a05c31
NUP	NUP-5793	3de562955b1c673b5315b9dbea30cd8614882c21281d59dc5df2382a6653b2b5
NUP	NUP-5794	bcea0300a860476ddb0160a1274ee42cc2d322d72c32abe063dbad7299bd0bae
NUP	NUP-5795	6d7535a5861fa8cb8543a9571dc4352c6c4a9f75920dfc96740e620a87db0842
NUP	NUP-5796	48e741a319482d0e78bad9defb1bb938761cf1ead5e9d8448f1cc861a912edf6
NUP	NUP-5797	355545a052e431cfc8d1ffbbaf4fc313f8572c872d8379ca3d078d7e4fe28a7c
NUP	NUP-5798	c8c26e07f900df940b7d7e998f7e5a61611e94dd3402150e66138e38806d750e
NUP	NUP-5799	640c9b51ddf58d63f8d283f7afbd794ce94af80500eae4f044e3543f4ef3eb56
NUP	NUP-5800	6b47e62545dc6fa9997f2f70e9652a5aabd52d900a74560878bd059f8f865d12
NUP	NUP-5801	7d3805f04440d629f40f65a5ebdaa6f2ab067bd349904cae9ef4819783d65d8c
NUP	NUP-5802	c3d2d2a7b3d5422435a19c7dfd664c1f1ae8ece31528e76965ee222997a4f177
NUP	NUP-5803	9d4b818f6e0f4ca00015c92871194d4e464456c49e46139d99dfee58db146507
NUP	NUP-5804	a48deb5289bde9f6086ad7bcb81ade14186957adbcc6f3e915ce8c5f1fe9af10
NUP	NUP-5805	60d60ff62c256631494a10bb385916b6c6193c239234f07cdf49ee1e8ebe6863
NUP	NUP-5806	f5e156bf10ea3e87bdd71ab8bf019f6171171e5f01ca2e89ed963571f1820b08
NUP	NUP-5807	21fe556d58230f14e737d8b509653ed5d91d8e4f5cd65e78b22dbde07db1d8c6
NUP	NUP-5808	ac359ce2628fe5b82b995f95794e17b6fe8f5d569d0e5eeb7bb7d5adbcca7c4c
NUP	NUP-5809	d9127c83447bf3d00f9ff553e76c9a4f230edbba34c6fde0ad7710d569b3c269
NUP	NUP-5810	e7495e1066e15b08a66617c2eab1706858462ebc10f67ef0ad82e3a247b8ee98
NUP	NUP-5811	8d7194caad3827bf060d16165cd03fc59e70e335ec96d0ebc375e8cd85c8cd29
NUP	NUP-5812	d72738f5051b16a10a335651e417b7113b85adff126c8996ea614ee9e8a71917
NUP	NUP-5813	2ba143f233db5fd50a11f8cef1b224e3645e727b4b306b1e4b7f1f64131b28ba
NUP	NUP-5843	1e8d0f78b01c4eeff104bf07d8a9a488394cd08c9e463ffabb18ab7b5e7edad5
NUP	NUP-5844	bff2a3ac7851fe80870bd94c7db8555b9359f679b060966cc4588730023eb68d
NUP	NUP-5847	36a0a31b8325ad989dbf79132c243e7b21bf2f76854a3b908d61e7d878252718
NUP	NUP-5848	841bed264129fc65b964fea39d865480b9d9c62f92ff9c2ad1c1c9a1f5253c81
NUP	NUP-5854	d07f0e248f8fe4c2afa75cc7f9055a9b9d5775253bbb52d2c858ddb5af610573
NUP	NUP-5855	743d6081155cee8d0fc592331cc5e43030b26d60a8054dcb6b3aec6d8cbb3670
NUP	NUP-5860	353fe7b8b83769dc67bd17dfe1253ef7caa47062d826751a866d5c3be1b7bb6a
NUP	NUP-5861	89dc8b4485f49da7799874fefd5f6fe40c309a8a309c3ed542c76e5414544bd2
NUP	NUP-5862	2ed6503d83640eda80e1cd81bb54fb844bed2b50f5e34bfdba954afe1daece74
NUP	NUP-5863	73c485b3a3c2447a2e2db6fbaa01c7d5f6724e9ba33ac4bbef7d11c11452e29d
NUP	NUP-5864	5bca75d02f0aaf3334ccdf4537f8824dee3d3df518cf264b79501f7cd1257d4c
NUP	NUP-5865	2bd47f3928d06658c3e4d3bab05d24c03db741b16f632b7f0d19829c18497c73
NUP	NUP-5869	f4cec0e3e428f9e40a142ad6d27280fc319fb90b39c999cd158d320a05f42951
NUP	NUP-5870	cb599c073badb01c561b2d4d891ba7dedfa3fc218557775176bcd8ad1e37e92f
NUP	NUP-5871	cb58d8dc812638779a52fcc4e861188117877915083fa325f478f16cfd358588
NUP	NUP-5872	b80b3e47d9cc5d2de03f94430277475b440700a5e346e298991e464501f35019
NUP	NUP-5873	4c8579afb48276d8be347e230b27d8d46e2b9e27a28bcb5b256a8a83f3e96731
NUP	NUP-5874	2d70be47172f8b677750544fe711cf3baac720878ddfdae2cbf05aa551fd97d0
NUP	NUP-5875	3cf7db54f7f213a5f4a379ac7e855595598257818b1ea08b69c359de9b521a47
NUP	NUP-5876	86ec305e38d3a9dcde95c9d9b9216dd6b972b352b7a4301e4ec7eb88a7fed011
NUP	NUP-5881	1c5b38051255b41f1a5e79da575c93499f47e7fe53fc9821554d0731af9d2845
NUP	NUP-5882	330f54cb975e9f01d7e0cdd8ab1fb78d1ed91ed9046b8392c0dda8e6dd1c6c8e
NUP	NUP-5883	f9373f00824956e9d4efbfeb021608b2640586d214f8ce51c4e280ad7fe120c8
NUP	NUP-5884	a2d9d9eb93296949771ca186a95dce44ed3ff1f02ff0a9c63e720fe219de8743
NUP	NUP-5885	ceb28d80ab5577403501b04e41a62a8b56340e97035a551379d54885b14460fa
NUP	NUP-5886	1b3c655614067e73010dd7d5f37ceeb54577e506e33356fdedf875cc93daa61c
NUP	NUP-5887	5c5bb35691abc3b69f3c90bf74a3881ecb264140a047d0364d5a3f7edc1e0cb5
NUP	NUP-5888	95742f560a368f6f79fdfb13d39cef8ba6e6ec590e5379cd80f187be0e721836
NUP	NUP-5889	70f31ec54fa2b0d005d32f25b71b513751089c2c5b55b4104567dc44dc1ed551
NUP	NUP-5890	d4e5ab3d53d2cfc3bfb0a4b6ef294e06e6d234aac2fa871dbf06b2801474267a
NUP	NUP-5891	1312282e3c2db312808de63389ff23533f6320dc52f15d0a281764fb94f840af
NUP	NUP-5892	de9952de7c62760c08ea55ab2d7f827f24dfb1d2cb4bd0deb09163709e2a4a06
NUP	NUP-5893	8e507dd153bfa7540a494e981817cc042fcad26cea3d8f443b8b653789fb33bb
NUP	NUP-5894	1b03d5c3ba2a864bb8dc5c863113269085c62a31c3880a1c3d5a38ef5d447a16
NUP	NUP-5895	b32b4130ae041d02577e304b2521b74c49d091243cf07843f04fb5908a5a4d9c
NUP	NUP-5896	9cd3419b88809e1f7857e9839b2cddcd89cb4dddf183469b8bb71cee6f3d9fb4
NUP	NUP-5897	2c8bfd380a68113dd5f02939f2ca177fa6d2cedbb0fbef946b3b7123928355ba
NUP	NUP-5898	e7c7c4b14079e58225530549788b826de881a4277b3b579fa2adc2a6bcf4f2e5
NUP	NUP-5899	85f2314232292613b2c3e19921e62adcd6a9878656571dea1f8895e11a4dd7a6
NUP	NUP-5900	204787ddf1087e8b0e860341b6e51b802ba68c16140cb03a8bc95d8c0a33c584
NUP	NUP-5901	96e38fa48d185426856469deb6286e897d4e8769471669df0c3f1aab48b563b6
NUP	NUP-5902	1f97bca52e85575d680a1af627df6a6183d933c769bca224aa993908952a1827
NUP	NUP-5903	abcf6875e40d1f0f1988add7db9e7ae9848a807199bcb36c1e26198f46860987
NUP	NUP-5904	279288b8ff05237a0be92750b0ea9626e1ce90be0cf7da9a1f8676a53a78e480
NUP	NUP-5905	ce1cff93e84e47ef923c78f313103eedbfb6f15b162b45d6016a97a6ac41ff0a
NUP	NUP-5906	22e0534ee331652c32506e66568af54883de9c58b8b797be219512e54a8dd165
NUP	NUP-5907	f0fdbb2002ed2ec1ecf1f2aa66c143d1d33e878b61f04b63af1d4ce44dfa4244
NUP	NUP-5908	28b28f351b7a40d551fba64b52a2dbd2154b73b0f119f243e32b7796c2305083
NUP	NUP-5909	1ebda9bad2ace686323e4c97d67d1b154b3427050d812e909407c39e83d11626
NUP	NUP-5910	2a369218c45942978d9b838cc6738ef0d8042eac4a915245346cd83a73d71fc8
NUP	NUP-5911	3c2acb636e5f359f3629844033c66e81af6e9b58cb2a8a7baeb7b1f3ff710559
NUP	NUP-5912	81a6eaf15fe5175f2667243981a7160df18da14b87b286b21ffaa7e870712333
NUP	NUP-5913	9789b64c4c77539224f1fc9ad3c12218eeff78f65f8060204165e87965e1523c
NUP	NUP-5914	59b054cac22c6d06f8374464d0c75f04b9bec4d5119dd6b304c5a9b15e7ac302
NUP	NUP-5915	18c44f572bd5e0d101b78ef59ddc7463c91d063aac0fb8fa454c9d76fd814c9c
NUP	NUP-5916	e457fbaa5f9f829c2c5ad40165074dbae46ac8e5d99201241a5d19333e8684a1
NUP	NUP-5993	632344a28987adb9f909a816ba0580ee9c542e86085460e12814e64e696b65ee
NUP	NUP-5994	32f9ce76bc4e3adf12ac20b179cd427fdcfef0095146fb23a80abba5fd8aec65
NUP	NUP-5995	69e2c4cb43886a095b9c1758d8271ea078d4f8b54b71a6138e2129df999d1b65
NUP	NUP-5996	c7faadd2fe927ade4b889728977f877950d3b9f22f288db29b31af423ee1d33e
NUP	NUP-5997	cb83a6f20d2e6a9b7f722eae31ea16f9b34a812f007630524ac35c80e69b226b
NUP	NUP-5998	4fe74533a74139d593def7d9ea433d268b6d421183df56506ddb77a2efd50beb
NUP	NUP-5999	b15a8abaa11f6246b61e666fcf998352b40c34b7e6265f7f6210d09f4f68ede0
NUP	NUP-6000	6cd58c0295810404d68fc5746deb451be48b12efe61cac02d3f0c2feb212b4ee
NUP	NUP-6001	6b08b599bff7b29a148bb8ab22036c30423cbaab47541c335a58ae9c1812fcee
NUP	NUP-6002	790f57e722610a041fa522af2c91d5ea4efaf4a3b2e3925898f51d81edebf0fd
NUP	NUP-6003	babbf0abaa8292081750d7f400ceb42468f40b383adb9819bca56c878c857206
NUP	NUP-6004	c43c7672324019f44f87c6aa004ae4deb763d4e1952d242f923303bfb7c372e3
NUP	NUP-6005	9bdf46ccc07909493cd7f05b0aaac5bd0c1cc643ecfb6a4e60c894e67cbf7054
NUP	NUP-6006	cdcddfbf86034357a4683e8add8964952d8e7dac5cfffa49e547b3b85c1f2d0f
NUP	NUP-6007	0752365c3e28383e3314bcbcedb23f5d6e812c6991727ab8582efc33862e6ef3
NUP	NUP-6008	cf46a9b6193e5b2284e3642398d7a914c82bfcd9c303acd19c591602d7a5faa9
NUP	NUP-6009	b04c89dc63f2e12e592807d55b17c282665d18ba17d1027c841ea70e61d68572
NUP	NUP-6010	93c392e4f89c085f57acfcb1578c81511a60f3e79770719c88679c213bc453be
NUP	NUP-6014	f73b3a0c342d40bc3c68c92916a23ffaeaa24f094514bb3317ceefacb5f26c25
NUP	NUP-6015	560fcc42139896d1151f0d8ecb0008f027db331876f950001d13806897bbc2ab
NUP	NUP-6016	f399b6b7b2bcd3941c25e40cc2fa3d8d5eac63f1b89c93647f51c673f0b5042c
NUP	NUP-6017	f315691f86a82b2d20899d4001ebc370f8988cc47129d1fe64a48efb7c276b1e
NUP	NUP-6018	93620c651df0f4d45f0aaf0768add59afd23fd4cc55cd9c7a5807b301cdde528
NUP	NUP-6019	6b9f6eceb6caf34f92154015d0cdf2796e760f9a0c038b1334479beed81accea
NUP	NUP-6020	7add8825939ac67cd267fc92b48976cfb28e0197775a3458a4799c6afdbb86e4
NUP	NUP-6021	26f06755dc4e03912141a53538e6770492348ad16b955a5e0a1ec8a952ea39ef
NUP	NUP-6022	aaf23044ccf28e4117db7e51ac64c17e5e4a017d5a17447912808dc794a21690
NUP	NUP-6023	d24b406961b6680425fc973d8ecf6e925ba29af2806335d2a309e0db63fb447c
NUP	NUP-6024	19f84db9bc1f66bd27c7b06e425936e7300ea49c97f8479ecffaf92cd5e14670
NUP	NUP-6025	dc1ecd46ffeebc4c29fab23bf4ad9a936662e1babfb8e945acaf8a51ba7d2f66
NUP	NUP-6041	c32b50e2e0c260821871c819fadde3fe4cf7563f543ef44005e7b58f249edb84
NUP	NUP-6042	eb1ebeb467ab8427bb7cd5a257b5f8dd4af772227b981baa88763efce0f50e1c
NUP	NUP-6043	1a700872cbc2640ca6296501b7baef9e8dfd6f802ae764c6bdf7a4c6931989fa
NUP	NUP-6044	9f7d155b1b7d7b1d1ed8149508c1dfef3e49eefaab8eb6fb919eebdbbb9a3aa0
NUP	NUP-6047	9eacf1ab19f5c4a7dffde4e183b60e73be4494d08ef72be765cdbf098685eb86
NUP	NUP-6048	fb76cdd0b69e07802f8884a3a30d65bb4bbcc69ae27743898087d34231998a0e
NUP	NUP-6049	f557c6a871cb88b5efc2d289921d8331fd6ce95cef39c27d0b3c3aaecfc498bd
NUP	NUP-6050	75c9bd907482eb3c1fb0581f262275c0dfe8d2b5e4ecbf3009e0dcc1c9eb1a21
NUP	NUP-6051	b0ea0a9d4ce67732a120bc9436c076d1f96f05833e8e2019e3bb44c5e2e6e703
NUP	NUP-6052	067194d368092c5bda68caef440cff6ac7bfce4e9cb9b38855995c898ee71810
NUP	NUP-6053	4b61c38d42b4d35bc793557c01abe74f08a82c9c30da22161faec5c8a5403dbd
NUP	NUP-6054	bd18f5e6a387cc08dee69d2d72c25b974bc5a20404951c1f41691ecd226e9031
NUP	NUP-6055	d5cdaa3b136f289779c29da833ac866fb5cae513b48297a00fa949d792401cf3
NUP	NUP-6056	d29c6b6ccc7418dd4d37feab9453acae36ef22da973744c9d45b3ddf6b7c83fe
NUP	NUP-6057	b90b4eef748fb8289329d15e10730b79d78f4e82235ba9c76701c9296849e882
NUP	NUP-6058	148904d1b0f6c1ab8930459b4dd7af9d3e48c4fdd69522ce264186a99b9d9a45
NUP	NUP-6059	c2476a14849938d3187d83547be95e790110f33e46943affe85a7a6625f037e7
NUP	NUP-6060	e456db5d8b370e18f1fd9e3c5650365bc1de720ce016399bd011b6d2b5f12577
NUP	NUP-6061	898184ba79142d625f326818f6518daa1cfb117a9634abebb7cc873cfc68e03c
NUP	NUP-6062	81c3e7bc62969fdb5ccb6a80330e33b995e5c5a9e7658e39705aaddfdf83270c
NUP	NUP-6063	
NUP	NUP-6064	
NUP	NUP-6065	ccbdae0e6d3c66abe85b330c4bc9aa39736c4cf8d8386e0c6df25ce39744341a
NUP	NUP-6066	836fe8ed27668f721d4972364d4dfdf3cb5d1d588ec7ec2d205bf4a980c9aa2e
NUP	NUP-6067	
NUP	NUP-6068	
NUP	NUP-6069	e2886e53f6a0d6fae3fc9f8185d505e20b1f19116de91a0923636dfdd9defec5
NUP	NUP-6070	
NUP	NUP-6071	
NUP	NUP-6072	81da3762b090ccbbfc0053cde675d9b412bd7719d2b782e03146210520144256
NUP	NUP-6085	6bd108cf0f579c15a3d7b7dec66cfe973b817286f4d527f9781c54e41cf3dc19
NUP	NUP-6086	fb1543206b106f875f077290809a5296239fb69e9e4592288bfe4008d5bf3c77
NUP	NUP-6087	521102b8e8f63332ac65f39926c4b307987ac02d48c9adbbaaaf15c7dcdce024
NUP	NUP-6088	1bee7becdfd7cc4efa641b907aeead6980062f425e71108741c89148d0d2951b
NUP	NUP-6089	f130cd48823db480d347f2e11fded90db61208f6a556d69bd096a2953f6d24c3
NUP	NUP-6090	b87130186ee1991055c6630c5790449a55058be83f1ebdf81d6d49ea2b9d917d
NUP	NUP-6091	0e5c6c3feec7cad301e5df084d9411be086afc714f8fc61c80baa8abfd958b52
NUP	NUP-6092	055289e895e0a14c95fcdea6f5fb252d5f0fbf953702162b697af472c459de24
NUP	NUP-6093	ce0308d2c196ede1b92ad8ed2d5acaeba3e6470bcbbdfbf8e3680e2b6d306efb
NUP	NUP-6094	c61ecb5215684262910b28e33b4f8bbdbe8002d6714b7480caa4a65fc5c51714
NUP	NUP-6095	7cb47a2010ffd08e4713b53215363757ee19e6d82f07627f4e40da7626d847b5
NUP	NUP-6096	79525e0744f36d1eceaf62a3f794b058e43160270d5c50ad4a25d93a5740de68
NUP	NUP-6097	e33ac566c3a7d4a0d644b1b50d616476f46b2e41aba6205aee1ef405ab11c1b3
NUP	NUP-6098	252c9c8f6b5aa9a015369d751a411fbf3229f6fe1df93f204e9ce87472b2a6bf
NUP	NUP-6099	615fb5689df93094a6423071b8d119cc9c9cd6a2211b3cd4e1abfc21ec48aa23
NUP	NUP-6100	08b8ff49b80de7c067ee32076bef59e9058cedda9a758112bb22b7fa0e70d4b8
NUP	NUP-6101	7794b8983a15e66cf4f6667b7c39d13740243a81151bebf17869b3d07cbceae2
NUP	NUP-6102	bb191b91647f598e92be5957e5d1e24fb7fc5f1f0a2201b5b26375c96816fcd6
NUP	NUP-6103	d4684539da9204c6c60bb0a63f4576e75d23763afad73c824a2fe06025c6c58c
NUP	NUP-6104	98f78dc5ad9b69c39da011b8075a045e37fe3c21eb4d2087db53e2398ca3041b
NUP	NUP-6190	1508ab3a44bf9663b28b4159e02d4a0ebf63a2956de87e71445e5ad144572376
NUP	NUP-6191	b540ddefcbece2267f511c9139d5fcdc6070dd7a375315b0ca80a5c20f1402dc
NUP	NUP-6192	cd90f35f27034dfd215d2e1967a64ce808827bb49aff6a4801226722078381aa
NUP	NUP-6193	c14e05620ad0819e059b436d844b9341bd2618a7fd1a9a1455b878efe357fedb
NUP	NUP-6194	fd0fdb800314c127e89ec5f5b54587bab3b98f2c53916a938dc4af0d4682cadf
NUP	NUP-6195	707fd6c02b636a883b5de841a55d53f31c283be3103bac4a55bda95a7ff8ad9b
NUP	NUP-6196	e68b153c57f7365c8a923b368b3b0212e854a30e07ba5e8b8f7fe74baf9d600a
NUP	NUP-6197	379518422d36efa4aed85d644b5a6a4356a73e646adeb15d2fce6a54d5cd1abf
NUP	NUP-6198	45e1f338d349e5886922dc788a355cfbe928dc7c56dc45c75d6281c363f98381
NUP	NUP-6199	7b549d599505876be7d7457bedb5e8d88e9dd6782eed18b1912efe9c6f43af06
NUP	NUP-6200	b195b5d34ea2caaf8ade70cb39228c1fbf730c94ed7d4f4c868fc75253f6f837
NUP	NUP-6201	176fc27883636629843a3e447683b63207b8e2c5336815d18fab1f6d1cb00a81
NUP	NUP-6202	efc692c51ade1960c00720d680c8434ec9ef14ec3b8af99e364b13cae1885bdf
NUP	NUP-6203	8ba457f9d395d07fae628cdef396ca7bde27f5e6f2671a0d92030afb24f0d1b4
NUP	NUP-6204	cc83ef5362c4c5b39577b3b649576710096203bcfb74893456458fc5fdd9fbb8
NUP	NUP-6205	72401f44924d7fd1c01eba0c935d445321d2c9172c88b28b51fdf30e7a9248a8
NUP	NUP-6206	d0e3a97143708fafec484ef7e4dc389ade1172e3c216a7966830001b4c05fbb3
NUP	NUP-6207	816420be7f0758709ef527cd75d66efc463d4a40e54f56997caec94caceb68eb
NUP	NUP-6208	8d70a98d17407e7fa40ec875c3c74936d1e306b9807b30220cd3277742177cb6
NUP	NUP-6209	8462b4d617e087f1abe46c25e0c0464f508695251237d7665d58f970c362fb90
NUP	NUP-6210	cedd98b257256de9c118e1855151a7a80894a79cd27ec5dac5832a6e80ff0dd3
NUP	NUP-6211	5771895dcdc0831c2e024b150f495372638edb4775bf63d401ba9048a83305bf
NUP	NUP-6212	83283109ac4030c528be2116fa7227fe439c159bb5d3dbffc7fdc8a784054cf1
NUP	NUP-6213	bdb3b6ababc3a1d4e239618b86a5d07a6c7498c8021379cd1e511a89a997fc61
NUP	NUP-6214	2332a2b208885a303a0e4c9f144998837ffb0a0ee186ff6128f6e8f0ed05b43b
NUP	NUP-6215	0ffa0b41581323cc167f7f4c6af30fcb4dd449cb3d751872d4103aef491a938f
NUP	NUP-6216	ca289d6b88467db6f1f9e2d5b83a8ccec784a572a2051f2db8cc4e49e07c834e
NUP	NUP-6309	b817b83f311e997da486ee106a4aaf8b755331ee26825399ad91ce35253afd53
NUP	NUP-6310	404880339f5361421c37018cb33d77b9bbac60693411514103a6443089d244de
NUP	NUP-6311	2a7290eb933e6a8358405f0b3e2a39a0364e1ad6f2a1918d6bcad34f7ea6f278
NUP	NUP-6312	a97e459ff6e5438637c6c74a4623ba6dff68fe48bb0fa4287634a49c6406059c
NUP	NUP-6313	fe4cb51e58cb0b001d759411ede9e85cf6641107ce16f842c923592f67d4b7ab
NUP	NUP-6314	1350a20d4fde85f377a5e58be4aa5c5e153d4d9f828b3035dafd87489a5ec781
NUP	NUP-6315	c8327789441421b0c5c4e4733be1c22bfa83a282c0e7e39f10d7c88ad59f9303
NUP	NUP-6316	ab301adfff23e896254e4da3d407784847ed595a3e90f95b7bed6b11f03ebda1
NUP	NUP-6317	07ac516716c5513f0dc059372037caa03ee0f80295fee17b88cc1a27322ac530
NUP	NUP-6319	0e25ee2e19ef40c8b2f8f32515583d00eee1405a29f3483cb9a88898e9c0c47f
NUP	NUP-6320	21685ab906f38d6afc719213b48c4bcfa59ebcc1f6215be48661d7ef2aa570e6
NUP	NUP-6321	1bbec28237ef01aae1752a4bb44380bc5acd246c973ffd8cea301c348a54ac3a
NUP	NUP-6322	acec8f4825f0ce2b2179cd27502ffc4fe3794b5163dc5c3a3a49be68290375bf
NUP	NUP-6323	c4cc05d7b87a1dc9386414a1dbd62d57039392a0ca53a9e0cffd66d668b0cb06
NUP	NUP-6324	18ed785a936b7b1736a9cf62829e1b5af653c89d1fe050d4f5720a5646ac38d0
NUP	NUP-6325	5f479d86928fe0375d435ff55261a1b79d13a920f0855a9191c98f30b12f071d
NUP	NUP-6326	d8fcae3beffea1cab8af795e9f87d5a0c27dda2fbbcf9fe3a255f36ebef0df47
NUP	NUP-6327	003bb28c47733e319567ad1c5ff4c332a742d5c20d21045b41ebf903d0f7a616
NUP	NUP-6328	1591c7b5c45f60f26bfc41ebff49ed785f8c84986c52dc62543a575db462a8be
NUP	NUP-6329	b43e297398e9493cd46c8f7d4f3e7b0a12a3881fddd19588be59670d0b7c7412
NUP	NUP-6330	8328482c1ef270ae545087474c017ebeb25b187ce7840a4ba0f61bb8132d7aa4
NUP	NUP-6331	6ab874bfbac9e18ecb2dd4236b6de43331d682c35380ae0ab6503609f40df38a
NUP	NUP-6332	a8983bb0dcf7186a272540021bc3e8384c5451ff4d88e869fc6ffaff5a9d2394
NUP	NUP-6333	19b38752cc3fbd230c7ea97281d2fd5ee153ae6400b559f14fac7761532a8feb
NUP	NUP-6334	c37d605cc4463f586c56d4310ab4c88358cc05b12005846378768f1be52d5653
NUP	NUP-6335	094c5e70f6b684137600687135f3e85380e6544eebac6c630ab6a489edc7887a
NUP	NUP-6336	8fd1dcbc473969baf841052dbe4ba0da1af76087b79bd79dfbd1502f9dadcdc2
NUP	NUP-6337	4295d57a2afd6d42b103e076add216188ede13127a31c29c899bd4c5b69b3ea0
NUP	NUP-6338	607ad43bdf7ee4c4550d2859157d19c1deee4e84fc8061e1bd1c51091bf037b3
NUP	NUP-6339	7f1f481bd5e8c461001c13f4f7be2534938edfb98d9ae35c621e5e87b6edcc76
NUP	NUP-6340	96cf4f8e974249d73a14cfbd0e01e1d3e05287c964ceabe9284f85a0f35c669d
NUP	NUP-6341	cf702ea3c002993822dbc56c940c84678344aceac4d2d187f5e85377f446c6fd
NUP	NUP-6345	8a503d5b951c69805d7d8bcda79e604fae22a2b120178f7e76ccafd08ef8091a
NUP	NUP-6346	5f1f3c7f5f9ebbb592bc7e37ae1ca30b87971e6c378b5cde054bc48fd39f3c4c
NUP	NUP-6347	7c4fe8cd4da5890ce2446e72552a92f0e963bfcff0b0b860e58867992ce29067
NUP	NUP-6348	8ceeca0fdb20056ff17518cce144e8b1238bd18e8c3b551f6ba151809e7ac89c
NUP	NUP-6349	24662f84f982839528413197d4f19a14120b7c4b215df44578626620ba873181
NUP	NUP-6350	0e4168db282e6e9d810af0a676c902e7a58f626646b5a355d3049b46cfa50061
NUP	NUP-6351	8029fdc119914561acd6745f253a60d6308a38a385668fb3507917bd313e5f60
NUP	NUP-6352	da765c73a5f714d3c43cf3bbfc97c1dfdd09310d2209c0fabf14dd6ba0e6c824
NUP	NUP-6353	de75a7a08a298cf75a0b2d2cd2cf1aa9aa92c8a69327e8fe601965be0ffb6518
NUP	NUP-6354	b90db2e6781ea057e375d99d5c6d9f82f9a6af9ab106b9d4242dac5f8efd9857
NUP	NUP-6355	51bcc0125b53d7a324c6d36dba4c670cb2e55f2478be8ed93fa1d6b34e21ef27
NUP	NUP-6356	55ea41ea2144a2b1d1c8d1e07301233c5b9302d44ca7e3051b05fc204d19d481
NUP	NUP-6357	3e1a5bc8aa30bc3d7e4020302ea3c41800f2f84297bbf87be0737c9cfdc884e5
NUP	NUP-6360	c276742ce6e374ab598230e4f17e2a215f191bc32a0bf551fc5bdab09e619a1c
NUP	NUP-6361	f98c0f1595f2fdb91952992b91a890a5999d34ed5c5593224f7cd3eabd5126d9
NUP	NUP-6362	401cfc94585742da76f05f4ab31f0c671311c00ea963abb44a1c6919d48960a9
NUP	NUP-6363	f7c131bdb9b72bfaeb489eac7ab9cdd5e85b5bd9452d1587cb70db689cdde1e1
NUP	NUP-6364	abf28b545ca60319623bef175c52dc97af1330a5f043937a0c83f0b818df979b
NUP	NUP-6365	1046ecb477defd84507ad529dab11ab008f2c3778d689c9ab6dbd84e3acf6bc1
NUP	NUP-6366	15affcf75101ee6b14f101694bb6031f1f5e57751eeca6f71b8a69d4d23677ce
NUP	NUP-6367	c21eed2d9ee211df89e317cd1c4518cc05ea4ab1be779e45e7a0d9c0bf8888a0
NUP	NUP-6368	fb4352994ad1cd04b76e85060527d1a1f7253854932b9d72d96009a4335393e1
NUP	NUP-6369	922283019e3e9960a4b953ef2b9baa22d77bfb641332f1a442c0aeb47058e917
NUP	NUP-6370	a982e29b05206dc22ccc20e6ff21361797e8f782124f6ab76a8ca41cd40aff45
NUP	NUP-6371	4aadb6c8701e22a5a50b9a8ec3f1c81634cf06cc7d71d8b924b8d869381024e9
NUP	NUP-6372	2bf51cd8fe18d125bfb14bcc52a7747ae2e6184911fc4a2f35f6e61b7e044375
NUP	NUP-6373	a6cd80156f14f80fbe70dd6b13141ae710e8bdc88dc1ac3c112ac2436468708e
NUP	NUP-6374	5fa8f89c2d77bda0d60ad10c2c78252d66b77da5fcc245f7418de724d78ebe5a
NUP	NUP-6375	7cb2442e0984b4410ec2ac42543f84918d9561c5d01eacc002ff4bf43362437e
NUP	NUP-6376	41c642cd4ccfeab7e465d1f2e4ca4dd7a85174804dea5cbcbf962c663e3b804e
NUP	NUP-6377	21194ff322f071e79f720c8a12bd09f4d5ef15d35ad591cfa1bf65af927b717f
NUP	NUP-6378	a508127705d576eb6a907a9480f31d39afb8765545329e330ad0433ce26120d2
NUP	NUP-6379	b6165eca24cafd30da58c42c045963523faf76cc5442ddeb6c68ae1c8840398b
NUP	NUP-6380	e6bbde556bcccd5041949ea5f4f67d60f83cf890e7a51822735ced1f449745c2
NUP	NUP-6381	828f6e9a315d5f7ea61e5a564dc5191d8cadf9bf74e54a6582fd96f2f310d1e8
NUP	NUP-6382	62066d58b63e092c0d4a8fa847c39d41cc0a878113bf1220eca1561bf9d656f5
NUP	NUP-6383	bfce080105a2b306e3c33185c9f071ac4e42926d81ced8cb8d6be21eb4b82326
NUP	NUP-6384	17cba05b4a123de92d180a218358f5db99aae3d886f3189dd8db35f93f4fa151
NUP	NUP-6385	ae42afb1bd73310f490bdb6831ba5a199210865ee212e3163e1911f45254ee09
NUP	NUP-6386	92d9aeee5d53b0756c082c12baaa838f99a2c2f14b1c20bf60355d978cefa7d0
NUP	NUP-6387	a2fa9340f5d00b9b1cc930ca83ed7f11ff285a763cb72dc96a33499a240dd924
NUP	NUP-6388	e33d61c250c8fbe9f9ff780f9f31606ab2b4d37d1c2cc1b713b85c18ffe0ded0
NUP	NUP-6389	40aaf6089b3c8f8690779b32fffc67b948657db4f9b387ab15200777335896f8
NUP	NUP-6390	5694879c1f020b0e4a3bafd788ce1567bead1199ad867c8e47cf693186f01e5c
NUP	NUP-6391	219e9d270f4ef6b7b629bfae3996bc4e3c3df46ec4803c6b1e96d59a7e54e306
NUP	NUP-6392	3b5c8f8f7208618531c6723b58acfd27be6330977db711d69ccf8d2bb9e45c7d
NUP	NUP-6393	e624312a30bed1562324819525cc446874c25eeab8524b9e51ba517013b04d44
NUP	NUP-6394	b8c0e344e4a850306cfbefcf87b0bf498eb05a932805ed06ecf65682735e209f
NUP	NUP-6395	9d6c552c61df06536213c76a40a141c938e5779f869497f0fb1e4750dbb4e214
NUP	NUP-6396	963a4ac5a4a4607cda28a73a620e9b9712c6525b3e14d3866aa851e0de88a1b8
NUP	NUP-6397	e7f44539ecbec41a80ca632ad0af28e8db706670306eb195fdccd73648dff163
NUP	NUP-6398	1505dd5dade282d8466c5e9a0584e9ad16549083db693d64ae2cba6a779a3348
NUP	NUP-6399	5a6343799039ca806dd68d8b781ac5f6840db1184477c7e4fd72f152912b9ace
NUP	NUP-6400	340d502746e61bb2daefc18372657a47f1fa1551b96fe01e5bcba4034ed09b39
NUP	NUP-6401	987bbb2e68fcd3c7991296c4b0235a70cbeb3a7481d8fd9fb4cf9ccd647626c9
NUP	NUP-6402	6cfa642f28a2b7e845ef3753e7147ce4cff0ff2e7b2fda26d35fc0d7a8b78de7
NUP	NUP-6403	1461b16fede20af374aa3efac03762cd0adda672b132851ec0423acc951cf595
NUP	NUP-6404	dd1f0d5709dc2290b140eaa8b2e52409027035e86259d89d326ff6d4c8784c75
NUP	NUP-6405	a04f108acd0365dfd9ced5da413ce7e016330fc05732ed1c6d46d7035ec70705
NUP	NUP-6406	e45cdca1bbdd962c9a82902c8d847f6398798cc4ac4be904fec98fa8712da049
NUP	NUP-6407	717db3f320cf696bcebaba99f42effb9f012025deca32bab759865851b3aa3e3
NUP	NUP-6408	3f144cb8097e3522d22edbefe0a05d40ee5f1e3257a9fc1a1e271ad2e0908d2b
NUP	NUP-6434	67a49526841f755461425b16350c02944d69811d137a8156348504839aa8d17b
NUP	NUP-6442	a293c40232c5962c5dc2accd026d9807b172bd43f42817f72b4aa6da08a06c5f
NUP	NUP-6443	d81ec82b39b9e38643bd7f0a6147a5a94baed524c69f350dae2ce8722fa3100c
NUP	NUP-6444	69ab9c786162956462ccb7ffe657ad07cb4f726cb63ad1d2145114448682d497
NUP	NUP-6445	f3ae4bb5b9a6bf97ddb6e1e59e8192453d3d66757bccea070b5f98910e775bd0
NUP	NUP-6446	4e9ab9014eefacdbaedaa5256703fe5b52f1c2f42de1d23fc2d09db4dee1869e
NUP	NUP-6447	f288b0eedc0d703fea0ba33c3a7b45e959805b40304aeba27b028fa442b01b09
NUP	NUP-6448	751e445e5c14e7c62ca26eb95961f19a6d0200c5b2742d7d6efdee2efd3930cc
NUP	NUP-6449	7274bcb178252b8c92b43acbe8db80dab9c694476904dbfb03714fe81e08c5ab
NUP	NUP-6452	0a78a4fd9ea033b7248b55ab9124d0d424a36f5ffce71ea1692c42572bba6a48
NUP	NUP-6460	276af3b19ea4be0fcf375f2f0fb6995a2969218e8adf1e925efc115956aef0a4
NUP	NUP-6461	49b95417d51a01e5af32bc562743f70610327bda6e0ff7a6dfc526593069cc1f
NUP	NUP-6462	f7ee17b4946ccb3b355e62f7bd53446417b1d53374818b0682d2963e2d18975c
NUP	NUP-6463	340b2b34b76dcaa589c1abe6e7632274b5782121251cdef1e3bf79cec3226d3a
NUP	NUP-6464	3bc87024966e76b8dc7b853383a0c7c316a1ee69908d1fadc1aafe55c3d16df8
NUP	NUP-6465	c82ff07060c74bf89ea6bda9e09664f4554aefc3dc98e922109f550cd5853796
NUP	NUP-6506	adcdf479537b3fab44fcc81e20e05f10acdcb1f787e1222340c450fa45d0d256
NUP	NUP-6507	0b047a058ca2182fdd9b9a6ed00a360ccb745c12d3bf1be6e028d4e6558e6ea1
NUP	NUP-6508	fda51cad4e937213559fb58a95b265ca63b6aa27e919f7c065d43643aad702e7
NUP	NUP-6509	43969a7bdc7b5e8fc51c9568185ab1bfc0a8df5694be9da9f48b91c669002789
NUP	NUP-6510	2a18170789d4c63eb285523aedfdcc304d1827fbc339623575e6870996bc6a5c
NUP	NUP-6511	d7bc659f61940bdffb537dc5353b7427c5572f25f0c87bfaf99eaecc7f9f7c83
NUP	NUP-6512	563a06531191c0209e347e2c0cc82f0cc1e4650fbec65d875da8521f88d59ad4
NUP	NUP-6513	0c1321d1eb376659e2a58dc9eedc1ef41e6114fc2d17a2e533d3958926e1b8e8
NUP	NUP-6517	55ea5e5d8419d24da8661544c2895b2d5c27bed4e3c7df116b5b84788c5e04eb
NUP	NUP-6518	c7dc15c49af0306e739e453c549c09db2d30b2edd5d6205068b99c42cb574340
NUP	NUP-6522	889307a21d3ba86760836dd290945e1c9fa025d4a3006e857cf6054e2a73f1d9
NUP	NUP-6523	d2c875e8b4953fe6e77f138b4e849b84775185f3d7fea5e0b797ba0f0da5cf1c
NUP	NUP-6524	e2a674fe190a29bed5882d9e468db0d151e15e4f230700ba3b2e1ed0c841869c
NUP	NUP-6528	01d7af83fe3411a5117383f1a53e5bf6044204af1366741a4bf68b6c917e77ce
NUP	NUP-6529	479c3208461d46c0f4cefc7e5b450269cd2f4d29dc9742e0ffbde744011705b6
NUP	NUP-6533	a6b346bfb5bd6eca166d442daaeba662317d63a0ac93fd851d27da0c41a49831
NUP	NUP-6534	290e2cca2416088acfbbec5d1388dae48791cebdda5a5a76b93310d2653c4024
NUP	NUP-6539	4780b79aabfeeb111a6255b05605a2c35f1a0098e6de01e2cd091fcb01bdf18b
NUP	NUP-6540	87a6168ac56a062a152fd24ab58ea397aeb3e3aa1db12ad37317588127675130
NUP	NUP-6632	bfe77515aa1f87238aa2e9f94ccba635c8b58719993ca157ddbf3b3f5350f048
NUP	NUP-6633	c5d564bd87eb9cb5355de54f5aeb81ce2b1872d351aa1ab8f57a003ad2481761
NUP	NUP-6634	04509e19440ccf6bc061b2c8f2aa77383777e0dacb6d6c447280dad2223484c2
NUP	NUP-6635	3b1e65d9b590f2006b60c3b9dff75fe319f83d066cbae660af7e4b8094d3eb8b
NUP	NUP-6637	122efc7b6e66ac334afcc2157a3124a1fdfb8bb285af98320cb4881e78a191ea
NUP	NUP-6638	b27afe68c3a82d99ac42330f79e46a96f7b8d8bce64faf7f941d96a5f674fb6e
NUP	NUP-6639	fb66a1bc35132424004c47d37cf7aad8d07e927e44e161ccbb0e48fe0a70035d
NUP	NUP-6641	5595574f5259a4c440053b55f3e4d0223532bbdaedc0701722ab03df997af1b3
NUP	NUP-6645	f077a74086924206b956b7abd7fb7d4752d6cd80fd92c7500d8b5679ef651f80
NUP	NUP-6649	2cef6f35752cd1f32b6ff2b9da02ccf6012f893dc4372625371fbef9a02fc62c
NUP	NUP-6652	0d9e6bccef1b9ffd9729daef2e6a5606a31cad512eb8ca1b5d6843c9724d70df
NUP	NUP-6674	d9c2762e2a41d4f83f342e8d70429bac1e92c631e6ea2737e649ae935d79f9cd
NUP	NUP-6675	eb824bb60569e288ee2b8f8760767c0878d3a5415257b5c863675be312e83cc5
NUP	NUP-6676	67cb094ed25797b227d0beb642bf07ca041b4f72b97482cccc256ee1ee7418cc
NUP	NUP-6677	57b24378678ca6a82adb3a23510a965c33788b7362290cef5f766237a81e43c6
NUP	NUP-6716	3ecf1508401d89633d76722b8f82a204f2ff78f797d35f1a8967ed5ab997f928
NUP	NUP-6717	d6863be6ed71de9b88628c639e4b70b7e73a5fa68ed15d2094aecbc5a3e96d34
NUP	NUP-6718	d03c09c5817b0dc98956d38683f9181d4b06dc6fd9d9581d538f17691beaed31
NUP	NUP-6719	d2a302436999434d81cc4c2864824e49240326887eb369c818c1ddbdf33136f7
NUP	NUP-6720	c592671adab45cfecc305d70cc40b9fb53c307a2a36d9253cca3b9efbbe05745
NUP	NUP-6721	a4f6ae5eef32c805b580baab88b35829eb5bb527bb9a000d6f57823955d55dde
NUP	NUP-6722	6b941fe5f1148980839d11a52138ead98a175e5e9638e10b90fa077e94b90a79
NUP	NUP-6723	8dcba04cf891dc80576f6b381be0aab5a4b6fa9eb06e2a3c9d5f13bb7ca70234
NUP	NUP-6724	f9af1607c7553c8e39678ac8537a67d0736133ff09038b401d5cb262541ddab4
NUP	NUP-6725	3bb47b34f67c7c3c8a17f669cb205e516884093c80432f2fbec414273a0cfe0a
NUP	NUP-6726	d8665046f772fd58c2c4df3a6bd5cee07b7461d37d16da7e3cb5dd8278395932
NUP	NUP-6727	8a293d241d6de5ca8558f347fc6cda9161fb53b2de4ff72b49c80cbf1ee47faa
NUP	NUP-6728	3562c02b6a36235953350530959dab079cffa6bc6f60bd9da95abd568770990b
NUP	NUP-6729	25948b20048bb134a4bb9b270870b468be08c2a43347eaf1a77853f5aabbc078
NUP	NUP-6732	95a36523a3a4acd1b8e41f56b0a577d70c4104a8f8e4b89b17c535158bde425b
NUP	NUP-6733	7dcaba1f1fdb44ca1464e6aa9133e9912f751f8eaba55e48f2fe64d8c039ca60
NUP	NUP-6734	3e10b792b0db2df1a9dc1f7c514fe44ae430c00562f47eec27aebc4310a4d5b3
NUP	NUP-6735	9d06cf9f64fcb979e9aef60988a6c1185f9d50d77654c0feb55f11407c2e5980
NUP	NUP-6736	72cf491b8e164f1df367b0772d5a776d71f0cc52302f465a42149964aa6c3219
NUP	NUP-6737	17a2979fbc75d788415c41937b3c4328af0d9583db65e015010f3c8d37f34b38
NUP	NUP-6741	6c773b61067fe8ae9f3a0f64813c506c78eb1f67ff8b90277b12b04d8fb53818
NUP	NUP-6742	1acfb7c9b2a182e73ba8fd0c0b0b8d305819568d7feae9b79fb2cfa1220bd28b
NUP	NUP-6750	8e4e79478d0ce662e774534b59e1e076c437c16058432d55a80bf7de5290ca80
NUP	NUP-6751	b19c2bf00320eaf57d79dcb61b9319eda877b3a96471b5522780e2b49d1fd074
NUP	NUP-6755	31dba49808d8d4854fff9a41581adb15faee316e135a593d0f4cc9e2945d52a6
NUP	NUP-6756	627a44ca11560e5d8b715ac42e4c190174f1d051447baeb43b3f3dd4dc781bca
NUP	NUP-6757	9f7fa89d5560beff6605ab7bc920d8169079afe730d3ca1dd4e06394d6727915
NUP	NUP-6758	0132beff4fb72d85620aa4219c1f600b310cb657b0d94f5d6b04a314af7e8b7c
NUP	NUP-6763	6ba934928aa14ad5295676037598686cf547da15a1731c874b578dd228d07ec6
NUP	NUP-6765	f93afc21dfdcbcdc34db0e339a6f9bf8dae7d7d0614d6aecd450b0b045564b48
NUP	NUP-6861	0d20d0763ccefacb7a8bbd9d49dddcdf35188f7618321367b5714ad682ba8bd9
NUP	NUP-7096	58e56b83a9ca73532c74702e764ac358933b53bc6ac0828ef11faa1bce5be87b
NUP	NUP-7097	10c650f7cfedcdd45f279210b0b0350ad2a46389a9a7829a9f70023c9897f406
NUP	NUP-7098	5815ae9bd5111fea4916d56c12a21f390c834c8914d48bbf25b4a797fcd81263
NUP	NUP-7099	17aa63db349bb7fbb653f3989dd42e5ca4985f69e23f32f8e586eba4cf6730cd
NUP	NUP-7100	dd1be75be49f0983e6c0406a5901a987e11001a5f08bda7a52a7758403240ed4
NUP	NUP-7101	ead4fac0a98074a3f42d02e89fef831292b7cbf645a3c9f0672c2e26a7e064bf
NUP	NUP-7102	fe2d7c4224d405e6af1d0ce3543ea5aa677b49b3d948ecd7ec60a1f7e44a96f7
NUP	NUP-7103	3df45f60c6f24774ed7bb7ac16a69d1473d07a1e44df6b80d4b8c7056aff76d6
NUP	NUP-7104	26ee1720ae2664ee680dea4880903ed9bfface91d218ce5ea529b384c0b07186
NUP	NUP-7105	651969833c7c5d4f32c7f26e4b9f8f4be9efe767be92debe3eb1261eb47b2a84
NUP	NUP-7106	22127d4579926e6c36ee6642b0d12ce6c8f965e70966bf1ca93e5b374bdf614b
NUP	NUP-7107	ce51152fba1de5af15f9b99177514a202d2a8076fe30e8bc8bfb3f3d07d81708
NUP	NUP-7108	8d01dc881611f55b3dafe3c51d499a5d51ab116c132c0bd7a97f6cd0f9291d0f
NUP	NUP-7109	17792c5f70e1126ed52d9d320e1622569268e9cf0519135c85efd9fa7f735c78
NUP	NUP-7110	46df8ad9078efe52b1e71f77a9f9ce935ebac95df5fcb5b70d3e267faa90e0f9
NUP	NUP-7111	1aadcaf4a5b0bff80fe16e1bbc33594cbc720ce78a45a0d73bc7470769bc72b1
NUP	NUP-7112	818e00e1b8e8c50ae3878c5dd2c49dbebd5169861a392cd451f215546888860a
NUP	NUP-7113	4115f2054fdf98b70db229b3bfa927eae7f1499aa931bff6445faa77fc8b3537
NUP	NUP-7114	4be436d6e1e759d458d4fb92744097e195a3178c11e0011f8f3473c63647c517
NUP	NUP-7115	8697bdc9853afb47920e6f60d5ca2ffa15ec98290a577fc78da7f1a20b4e641b
NUP	NUP-7116	c0a64f29a7479239e8f227df44236c8ecac1d8eb0e2a9d89383770266ed08fc2
NUP	NUP-7119	2e295a1fee7519a8c24158d56d7d4c51976568cbb4cfeed0e43b87140f733faa
NUP	NUP-7120	8b99f046295cf1cb791012870d67c6c080a445ef1790f7889c3b1a1c3f923c1e
NUP	NUP-7121	beb4390320cc12fd38cfad079b81e83837a6713ed902a6b496c4f0fbfcc8d2d8
NUP	NUP-7122	95c3a9a507f851326986b4c2b58787dc803eebbf819518d2e1cb07d6c59a7e23
NUP	NUP-7123	072b57eab7441a50f10e4a48602423af73103ed8e47a7cb69e0500f653b1f9cb
NUP	NUP-7124	3d7cfe154ccd3e6a4be72808f6eed0a73284075fdcfc8df226b2fd8048c289b4
NUP	NUP-7125	6ac475f0360a53445306a95b202b253ea4eda6978098a92350b329f9ead30937
NUP	NUP-7126	8a282b0bd06b7ca165827b5190bc2fd6150a2990801a2a5b1e640dc77a695904
NUP	NUP-7127	68421e8a13631894ca01c568b651f1c4b577c254478ab3eb176221a07716a1c5
NUP	NUP-7128	fe31086a1c69f99d83ca3d9e4b6ab7702b364fd5a04e06a81ae99e8660d489e5
NUP	NUP-7129	c43fe33527184dd679ac12dc285ce7e54804a38e0771c491d3d795a9a93e9e82
NUP	NUP-7130	7931cf4822de93070c0be2044dfda13de1a1a179a43c7eb5e444f188ae9825d1
NUP	NUP-7131	56b61df7071c621ae0eda45e556b414f294a09eb63d94a475d2f8c9659af6d10
NUP	NUP-7132	2beffb2596ab940f7946dabfe29ddb42dcacc28fccbf6a7611ce3682e86a4438
NUP	NUP-7133	452981daf941882733969928b8e2c699be86d689897a5e2905408e40a3926244
NUP	NUP-7134	f69d3de0fd67f84771b0ca7d7b86d40d279803e48d11f505266c9b8dc83e82c1
NUP	NUP-7135	30b6c66aeb0b2612f0b68b27c70a74764a3133069ee89e092d00ad99e006f858
NUP	NUP-7136	28574e9e29a6a715be160f7dddda6cd253e007187d09e67af0f656512979d4ab
NUP	NUP-7137	a8f11839b947341b0a953ed6aa82bd5da712feb85f44e7a73e73518a808cf7b0
NUP	NUP-7138	3ba2868de09b21ba9aaab9fd01fec8237c1f670ebffa3ef991b6be2c03e91d30
NUP	NUP-7139	f67a273ea142b6f2ada67005938bb15d991aafc73e27cb295f017abd1d982fc5
NUP	NUP-7140	30a4f647a3ab4628e2535e024d0a25dc2e46b0b0898214222ebdfbcef0974b36
NUP	NUP-7164	da888c675aa74450da58c525dc64eb4157fae8469ce95bece81cf7c9ba46e099
NUP	NUP-7193	ced80fb5b56445c19d608787860cb28e05461a577aba70421b88c214310d5f3f
NUP	NUP-7206	e285544fed4e109f6c5452d10bfc7fad87af97ed4dff90015e4ead3b709c76e5
NUP	NUP-7221	623f628abaada8d4514e99540dcae3a1e7e7c7f6fc960951477f44ce70654018
NUP	NUP-7234	13dcfcee9e33171d24e42ac24f3b43f2cacb0caa71d6c48ef42c200af74e0406
NUP	NUP-7247	9a219bf392947c78225cfa7f66e3197e12926feaac3439cda1cf9212568dc955
NUP	NUP-7260	f96faa456544845e11625afed33765959441056edb99e11444ed199f8c3005c9
NUP	NUP-7280	a166bf1a511d61b7f4ceb2ab0f267ce1e0d20ca7eae984c61fe3a28ce588d635
NUP	NUP-7281	f078bf9857154883453ba0ca9e5426077c90107f7f904c4733ae99508ef62ab9
NUP	NUP-7282	4cea9bad8eb696ab22c4fe615e1c0b278849d70d41807b509a08d521469cfe84
NUP	NUP-7283	c72174f9dfbebd7f24de8766e0a36a9f82b60aff1b5769b40c0a8deae1fcb97e
NUP	NUP-7284	e7395961a0151b3e78fcef49b600838fcda132221e681900abaa7b603d066d8d
NUP	NUP-7285	b20c3ae7cdf26934c58700a93ef67b8aaeb38f0fed6499c01518a2c3f93ddc02
NUP	NUP-7286	0d5de142edf1ce0a8ed84eba94d296eba2ab612415d11eb73b37884901a0e327
NUP	NUP-7287	38988ba42e39301118c10fd11fd2cca80c624570caf6a56542adf35238c26092
NUP	NUP-7288	8b7d43814a7b6620178a16bbb94d519bde918fea7c44b4d82f80c209f008d1ec
NUP	NUP-7289	21a59f1738b1d064dd5cc92fbdf7eb3d1c547c2b4745606a0dab1f639e03b975
NUP	NUP-7290	45655b36e9a4cde6f4409446f88698353cae62289baa963548a23405097fc42a
NUP	NUP-7291	ce1e01cff2abe58ca5c1681266d1972d879f805cfe9c07e2d930bf76d3207bd2
NUP	NUP-7292	4f49deebaa30c5c160b94110139d06ac0d4c55ce3a1883606b2cafc2898a2c4a
NUP	NUP-7293	05ead83e87cd40b687b9f40a47701280941238b8f911ac0718d8bd74410894f8
NUP	NUP-7294	b095d4ab9cbf1d08425890bbc69d403fb10eaaac731a296e819c37fdc01cea7c
NUP	NUP-7295	092a40b66104c2e668504adf54d11c05e62a233111e522e6de67bf5451f0eeea
NUP	NUP-7296	35bb3544ee9278377c9fbef997761cb89791249dcc20ab54ba3560f82955d5d1
NUP	NUP-7297	9bc9777724b2dbf659263d61f60e13012d128a291ad3e4f4130e50bee8fcdf21
NUP	NUP-7298	33406bd1c3ed1321bbb0317d7057dfdff34e901a312b4e60d8f5dca4122187af
NUP	NUP-7299	ecd8ba0212c884c2cca82356385f67391db637a370f9933b2c014be53a75a377
NUP	NUP-7300	aef4d49f98af497352a2b80a4f7181e8fff658b94ea821bb5b5a78db958c89d6
NUP	NUP-7301	8d1804ed2cfa9b772ac7aa6bb71c0784431226e2fc27d4dbf7dcfecd013dbdfe
NUP	NUP-7302	a147e74d7a657641634042a6f61819ffc12230145eb2c15678d5cec327c59d57
NUP	NUP-7303	7edf862052b3708e5e6ef085845bda2255a048739d696b330c0c6bdec10824e5
NUP	NUP-7304	593b874981d723eac139f1a2edb6d4c65a7b493d8e461e9fc9bb2bf10f003fd2
NUP	NUP-7305	899d0fc6b820cd56e6743099a1459dece7d128729aa208afea7e7a24f9d32f22
NUP	NUP-7306	b6bb3484036a2a32072ef1b2205a69b6e420c83a2ed567f0822bbe73cad08c82
NUP	NUP-7307	fe23c67e3e69817f46698076f6bcf728a527d07e0a3e1dfc4d9c2dfa37532088
NUP	NUP-7308	bf05ddcf27f441918b4a01e06f17a8bafb7ad1edc259683a38e730033118a12a
NUP	NUP-7309	cf1dfb6675dfb2b8d6e584621f203cde996ed1cae00979a17a65edff95310f6c
NUP	NUP-7310	7348ace69a7e31117b7177f8ef6b12d8df47ed57f1f14a3651fdd61e4cbd146f
NUP	NUP-7311	515842aacd6b92b043a3927462d05424216cb49673de012496243530a7059c98
NUP	NUP-7312	c6bf10e1b482633997f7a3d2670d3f99b7492c73c34eddf1b5feae0fe52f87d5
NUP	NUP-7313	b181cabe89da42f492cf29813bdd0fe28db211166666ecbd740a71fe958504e9
NUP	NUP-7314	98af91dfd9c16ec9bb096791e6593ea3d8b1bbac63d7941eb89828fd72cba80c
NUP	NUP-7315	86a737f0b4f375b50e05a5f563755deebc1f32557391f0920f659568d44f607e
NUP	NUP-7316	eb14cbe747c323b625727c335bdc065dad8c667934e72eb764c13b1b0cff6045
NUP	NUP-7317	3525a0ee95444a85486389f623021d9a8041ee589152d47f46ee907b77f8c463
NUP	NUP-7318	b6741a7027e1a31271f4dc44347bd6b462ae62b3cf6001884250a6ddf77c4a1c
NUP	NUP-7319	f717e3e8fe6ae09dd1f73c370ad677467f56dd5675045fe858f7128811b75303
NUP	NUP-7320	818f3eb0970dcfaf81a1ad75dbe864ae75f970b04c9bc27606ae8225715b7293
NUP	NUP-7321	abbcbe1c095722c12ef2279227aba70d6f5dec04949b4f69349120025cb2eea5
NUP	NUP-7323	58cf4b6aaf5b862db0fe6f5a713560d7bee0cd38a4bbcaad9a37558c9b6783e8
NUP	NUP-7335	06b20572f46c65fffaa555d01abc7df4a324b13907947efadd968f00136b297e
NUP	NUP-7342	8da0ee5d6f4fa65fa775d9bcc401831e131a4b530cec0abc4fb089cb15509ae6
NUP	NUP-7366	d2e3760ed3ba2dc12658c321ce8d9447f57a550e31ced550a305c4835a5d54ff
NUP	NUP-7367	314f2749004aece8eb7e89245133df371f90f0e4e4e46a4949bad1b0544b756b
NUP	NUP-7368	dd0fd720a2d1ce9795b4a56238fad5be444c091dbc546a92b54e01671b3ed123
NUP	NUP-7369	cc13157fbd27e44c6f81e0f3c37e073d832875e83ec22e68a258b8dedae1c279
NUP	NUP-7370	c0c026d6e453990740f63c9145e0480c7db2dd9b7db4af6b2514d120aa6ee7aa
NUP	NUP-7371	a54ce65c81c3dd0d1c87b5b3da70a62793b33bc8b8f6d10a3d3992c7efd28f68
NUP	NUP-7372	190cd561125768297bc7988c4709353c56b9226f5b57d4d1f8165665ce002738
NUP	NUP-7373	95e355fb79764b844dcc22e2b05e34e0e0ea938acad72420edd5f98c034be6de
NUP	NUP-7374	b4645c4c7160e2d022d08397399bfc384c1857476b87dd96f2a4844f1dbc133d
NUP	NUP-7375	4edffd1a6dae08584a519a46bba26d5e075229482abad252e13682b446102995
NUP	NUP-7376	015224f4de8d5fc7e4a1904997c759fe787c043773916a33dfbbc141c2f9b2a0
NUP	NUP-7377	353899607b58a8ca81a50db56dfbf3f0583429622d00865f63ae6431c67a77f3
NUP	NUP-7378	ee12cfa5aa7b5eff00bf31042e0de543914699433d8db34c1f8c998aebc37d7f
NUP	NUP-7379	898c15466dc5ebb622a7376b341d33a6f257477f77bc2777499dde4adc0fc39b
NUP	NUP-7380	5b2cd5c81c5fddd926b87ad3f69bef7c1cadfdf7eda1b8aeaadf62afa7045bc6
NUP	NUP-7381	99810d841044635b4e8fe01d728ef749ffa7d8d42a18bfa5fb6bce1b77228730
NUP	NUP-7382	3e97484d45bf11e7e0408d5bcccf487fc5302ff66b48ca31ece989105f388aa8
NUP	NUP-7383	75994dbbd3ac07f11d44a561ea0c0dc761325cfc911d46cd239c915f3421ff13
NUP	NUP-7384	a99c32ef8727198dedb4d3608fae5ab72e6bf7c5557c958102e7d155e5154245
NUP	NUP-7385	9f9d4d80cc8f5f03bbb59b745dd99f943ea94b698bcf627b6f51dc7d8c602085
NUP	NUP-7386	1025fd39fdd00257f5b029ec59c23438d109d533870100f4dfbca2c4d9d9382c
NUP	NUP-7387	7c10697cb179fd413b80f798f9b61b1092bee51ad0865ece757f13f24c482ec2
NUP	NUP-7388	a478c0ae1e146065639944f67e7813cc0c5a5b42c1e7edcffca27d092e1bff8d
NUP	NUP-7389	e548ec400ce6170ba9ae45f767cb1dac2e6584e112fd3ceeba181360931a5cf7
NUP	NUP-7390	35e5334d9a8eae1f4e95c7d488814ddcba157bf0399f425ffe46b24a2f19a600
NUP	NUP-7391	414e6d52e48f3d749ff059aee33d44e70bf78c52c417edb3b4e52e64e222a134
NUP	NUP-7392	c4a75ebe6e26c965c3db43118e433566cab1dbf92eac8c5dfa889c2f6aedd723
NUP	NUP-7393	a105fe999a3de4b776e27ee7ed69d79504fda63c3a70ed39618d7f46a4e826b6
NUP	NUP-7394	721485445e5e8849c31f1d01af6007066eb9e34a7bbf876643fc3b78fc2bbca0
NUP	NUP-7395	16359e17f516053be9488f6a0ff10740d15cbd3754875c32714d58a1c39005d1
NUP	NUP-7398	a1b0c21d5dd7926ca8ee6337587eb4c3ddfddde936f483e0385849e6d371281e
NUP	NUP-7399	ac38e8fde0ab52f2c41786f331557c7c0570094916a82a22224a8631b280ae0a
NUP	NUP-7400	6818ad5a959c34dcd786de448a0e8303d2bb9bad03334190dd9c648ed9811a86
NUP	NUP-7401	8589cdde058d01d5131b17a6fc444fc6a15f4ef71a3939ec4ad1a3e5ae694c1f
NUP	NUP-7402	d2a3ee1f1ab02d5d446ad64556658b9cf756ebdbbcd580572b31ce9fcbf5f8d2
NUP	NUP-7403	d2b8810c1dda618b28fa17afc6b3531a52469831dbb56bcec7b9249dbf3c81fa
NUP	NUP-7404	b275cd96bc6fba9bfda8eb95523888208328ef9af51c2f5b931b95b9190d1858
NUP	NUP-7405	6a7ce0f04e6fd162d874601cb5890626107145d03145cddbd4b802cc52866874
NUP	NUP-7406	043e276877708f13c49ee94ed3f0c5836d5194f8d91f211db46b562c3c23c1da
NUP	NUP-7407	32cffbd5fbcea8e310af830a51418f5b0230cdc35b0171fd593db0cbcb79759e
NUP	NUP-7408	2ea6a6aac445752dbac1e29bb3e9e4edbf2aa089a68f9f21065fe9652f051624
NUP	NUP-7409	b94a366b962b31b68404fbf9d51cdc43a49f4b072b75252c57543af098317c0a
NUP	NUP-7415	e2e6db05c033d079987db1efb2e22744882ffc41f6fad5776fc255e22ffcc824
NUP	NUP-7416	df9a99a8ebbccef0052fbc08ec9cc7f697cb2fe118bb104667903df5c29d6549
NUP	NUP-7417	ba9252106f22303787167a0be4d77f65f15b0ee758698a3b58e0e356c5b8df79
NUP	NUP-7418	c687ef989677240c960d9309cbee177d953fc5773afc1fa67e09eb09eea4bad5
NUP	NUP-7423	588ead4121c90000c0ff64d14e419ac01d965f15af89956fbdb05355470b790a
NUP	NUP-7425	5788872ce04b643f1122ea115a6710150b7ed377785fb1c693053cb22cb85696
NUP	NUP-7426	24bbd982725c8845d8393b3bd0f2ce9d99f6985202f46ba4aa5b9ff47d770fbb
NUP	NUP-7431	571b3173cf76df09e72b8e113a1e99e82fdd3ce1c8fc7539dc2b2eab624e59d7
NUP	NUP-7432	155b585b39c575335431c37cbff298fdbdf6242d4f58317695a63e0eef68b54c
NUP	NUP-7433	a4da1304247f2b64303c91bcd6300df6c740171350ab5404067a8115fcd99ccd
NUP	NUP-7434	ceb17f260981a5dc3a98ac64f3e356ad7b35e1670b2f8a23f1cb6fb04f6fd9aa
NUP	NUP-7439	4f1d43aedcf09cd992bd1fa0a3cbd7d12cef967ca7bdbd7e9b1c370e41bfe805
NUP	NUP-7441	7da24c89cdca9dcaa33814e52b6c3b918c3b3a593c9cad97fa159be67f78c06e
NUP	NUP-7442	37ac9ea28f0c3b5fec5e8a5165f901e71a64f1befae3905bbfabcccd27596f71
NUP	NUP-7512	ed502ff581f5acbbc23f539dfcd45652c8bb292f095743d3f6f19fb8172277cc
NUP	NUP-7513	87b4142c14cf42d8be25000f89d5fc5f6d9df3c16280d58b6b88c97f559a2a61
NUP	NUP-7514	6ed54f73686bc0491180e6ad245e8487a02d690001e46eb4784991ff8fb3a90a
NUP	NUP-7515	db4e724d495ac1ea26f67b90a0123c4fee4717786ef49f9287c023d6543fed01
NUP	NUP-7516	817142d10f534852c11a70db85c63cc59b786bb97a9ce72c341dd3a293bfd1dc
NUP	NUP-7517	e6dd0e2b00e150e345e1c83f4276f7a27b8101d4bf85f17150248a048bf683ec
NUP	NUP-7542	a0e0646c79bb58d332f473771a4f6ba72d567f408eb9365e91e76e52ad673ebb
NUP	NUP-7651	1cfeab7f5dcf2b7b7923f2dab032f22633de74850a0e5ec6c6a5d27e92a24747
NUP	NUP-7652	7b70132848f0616ebfe1680a013b04aadb2ed01cbfa76a52d1da1932a3146708
NUP	NUP-7653	0e540f730d980ce27258a86811c1c555238ccc1a0ade12743e72f02ca544e37e
NUP	NUP-7654	476916879785fb75533fd3776f197c1cddabb9373b50e4e8ef47cf2d1430400f
NUP	NUP-7655	1a735d5423b04221d4ab558afaed9b11a45f34f62818f9e12f36b3a9451113bc
NUP	NUP-7656	8f2e9b9e1f88db10538b096b8fbad6a360cb58e21fdd94607bd2094c0ad8e900
NUP	NUP-7657	2d36b6ed5f9fa695dd098ecd72ad441822c707dc62a80b2d9cb0b965de910b02
NUP	NUP-7658	fc4fc72cc41ac663fc0dedb96de2d978fafbd7ccdb5f7da7c52e6168e046f013
NUP	NUP-7659	3aef5027d9f9674e833372364fd70bfef3814ae08f1f2eab2cc8b3596c160d44
NUP	NUP-7661	9c7d0b11b2ddf9f78cc47f03f4ffcf0500a593922744eb7a4e9851fa0ca5553a
NUP	NUP-7662	47a5915a68dc0411c3e1156840cfdd36b2344d165b6af0e72bc1bb463eb1a0e7
NUP	NUP-7663	026ee49dca727b59890d20cf9f6c6966b45a00beb99eecbd2a802fdf7a640e5c
NUP	NUP-7664	ae2013671ba4f39946d406aced0b85693a8ae2a578e83d3fabcbe6dcff94d257
NUP	NUP-7665	7e4f5918ffa0a260588b7498a726470b0d8495bd31c0b8da3b1d1319834f42be
NUP	NUP-7666	4e05fa9e67357bc817585a2cfb4c550551dce5eb0f4bc307cebd9680dcb707d1
NUP	NUP-7667	305722913279761f73dcf488f600f02ab750fcde78c1660416fefbad2f357fc5
NUP	NUP-7668	9aa55a6cd8323b6c915cda274672cc957b22785fb4883c89132bea91e16ce6a7
NUP	NUP-7669	8f9ce778f5256635e04f4758de79d6bcf22323e1a9ecf1414b6c70c529b1bba5
NUP	NUP-7670	7c48a3b631532f4b38399eb08e56d5395928a5133b894a11b61e48356762585e
NUP	NUP-7671	f3f3ac0e82d7648c901b59fbc116b544eff5c132df8948c645ffc1176187c97e
NUP	NUP-7672	e2302d9ec762ce4439a6d7f835b54116fab8804ba31d8b82672da09d362c7bad
NUP	NUP-7673	a52cc33cefa05e97847b49c21a5380414fdd5be3b18307aa9d136b8754f86418
NUP	NUP-7674	b91373ce78609cd3c17c66cc50d1c823073fee4b7a0212c16316c6f4b77a6edd
NUP	NUP-7675	edb906bd9935b14502b1415813fe8d8a04c16f945518361e4e7c7339725df8ba
NUP	NUP-7676	8f4bbfd9188a837a3b7dcf101b28d648b3720d80bd47b25a8726dab3f09747a1
NUP	NUP-7677	910dffe22ac1298712ac604bc0bdbae2a79b0e15418228cc323df985cecf211b
NUP	NUP-7678	55c2ad3aacae7b464e4ef55538c9267bd3fc7ad81f3755aac74dc3057edd0e22
NUP	NUP-7679	c0c3a6e7949b50c69fb34a3a47aad0f5244c822a1414f93975a460b8afa931e4
NUP	NUP-7680	aed6f25ac0c713272418c1e9f323cf836bf1f60fe6fec49934b44c8754e2e975
NUP	NUP-7681	6445fd7a0c9c723fcf0845724f976cee4ef9c01ec102a9d2e1354e0c6c170cbb
NUP	NUP-7682	568322c789d0218bc890174a5698e4fe5b1a6c6c64e51f693d9f22aa53ef95ee
NUP	NUP-7683	747448bd0e25ada6fa6a6b15716dd5cc43cfaa0269ead4040059a597b5f2cfd5
NUP	NUP-7684	2305d4e85a9d56e89b31d79e85b1e9ce0f9110b7e18f1b8fe29947fb7bbf91c8
NUP	NUP-7685	ba7d29a3966564d1c17aab239b748c119bb96889e992ed922ec610183b29ad34
NUP	NUP-7686	53866adb384c4376f1daf6d7a05dbc2c3e440fdbd73e70adce6d19a83fa1c0f2
NUP	NUP-7687	6e09ecd1407f93cdc7f41b09ada4d658611613317f98032a32b52b10cebc148a
NUP	NUP-7694	f8c950d059d3f01de908a0d447bd6872795dd8f449d5f7c5c01bf69ee0384014
NUP	NUP-7695	a58670c1aca481096121fd10cf2eed600026f8ad19d4aa0ead64d2976460c527
NUP	NUP-7696	fa0c142d8a38cd7011227d9fe9e7470db4aa1bac96b088c9cfe5d64bfbeaf25a
NUP	NUP-7697	4aea0df6dd46d6e1c737f717138868712dfa7b652447c48ceaab781e7869ac0c
NUP	NUP-7698	5c4a49f773e9a1874204d33414b6b7476bba49276702fb37d6b8b09897e972ff
NUP	NUP-7699	e02be8400fa0a5f39dcba7848d18a6387f9da44c8b7b224efa8ae07a7df0bd8d
NUP	NUP-7700	4a0cc3741eeeb31c318c4bb99b52a0cf9424fcb04d70498695929a53c95fb37f
NUP	NUP-7701	d14e1395efa9d1ca3af9c9bbfb0226075b7c49ed8d173e7b7dcafc796db2c96d
NUP	NUP-7702	58d1291a892c3f445b85e88a47bc540d1a6685ebbc58d154c51d9e7eafbc6be2
NUP	NUP-7703	59ff780b27e27eb63fda5be9254ba3b58aaf450b97676c30f47ad6dad94969e4
NUP	NUP-7704	d4cb072a9f286ea04b1129d3208a86c8273ce986eaad657300680e4034ef3d85
NUP	NUP-7705	656f43087c978bc8808cf0d1a0ecd1a0688cd2b19fb729335ec4aa29b72bb583
NUP	NUP-7706	8c4ade57e367fdcfc1c82cab99c8b8044e7766737dea983a22636a1fd2851519
NUP	NUP-7707	eaf312af868d3ae67d55e3fa5155497595747251341f6fd7bd0a69712afd8fd9
NUP	NUP-7708	03ba4042e0c5bd3e5abcbd1fd551e53f67b06a375e8de9753a82ced971b13631
NUP	NUP-7709	6a74625e5a9261b62faedb2f4d137cb42479400780b55edba672f020320a5b53
NUP	NUP-7710	47d2913e49fb96abfb89203fc5abebde48ac1fe7db486bb0e26d511a398900a9
NUP	NUP-7711	28f6e06bded3da4a20ee5c41f63834a515f72d4d2c92872af7e678e906e4fee7
NUP	NUP-7712	7bad3cd4946cafddcbc827c32b66b095cc3c20fed2a546c7abaeceef6723f282
NUP	NUP-7713	0b0797c3b3e50449ba77d856f9ecc644fe0732cce3c6076fd02efa0282f991e5
NUP	NUP-7714	a37d4b4bab384858c2f3508d2b5a3e4af6adbdf467171d58294f0818bfafcc5f
NUP	NUP-7715	2c11fbfc7203ff1aac8ac9dbf77c23f034f76276355097f42dd1982a1b56785d
NUP	NUP-7716	c20063e391e6d94ea4e8dfd22c0ad7603389b75b1e878ca35caef4a4289d21cd
NUP	NUP-7717	bb72b84e77e0acbcb83d18afe41352a8687310adb63af40a921af841c3c5e4dc
NUP	NUP-7718	5cfb04cd3d5120368341db85d5b64f9dd169f138eeafe8686d1afcb43ec74b50
NUP	NUP-7719	4f88852881b788d6e4840b8c244e1cb69a74f64c178386bc69abdbf24183269a
NUP	NUP-7720	dc0d25f4a5bc34562f072af7f4397b07f779b22d6394c48eca50fe609f797392
NUP	NUP-7721	2df6d008c86fb5e66d091ffb1529000e50ffbf49124c88ded5f630c5d4ea9beb
NUP	NUP-7722	4977913dd54894bbd72a2e9e6302597e32cf9e7103b97f0c686be1b159ac0132
NUP	NUP-7723	4b7faf66b61c77c6134aa6536e948b4fb3cee67a8ce3d6d60ad6cb448571e872
NUP	NUP-7724	15d1c1d1a9b45528bee475c812ffa3a429cc3e4fdd1cc4f16bd4c32fa4d8796b
NUP	NUP-7725	ea4e538ad62e9864117d4e225cfe69118b37e6123bcf190f4ea64e263673a44c
NUP	NUP-7726	897a992cdefeeba6d11f03ec75f88923fc8d8e25ca614365e62cb2ea040f4242
NUP	NUP-7727	0a2245ab8e3c1c148cb48649d905a605e312c4a2e864a73fc844130838fb3546
NUP	NUP-7728	e501958d5aebcf29043450685e5c2c201047cce9af3ade2a31de330a0ae3e483
NUP	NUP-7729	41f705bc0fe57f60328931001b92c232c83b56d4346a9f88991d956cc0dda97a
NUP	NUP-7730	72ac681a126e7e7784ef825eca5748ba89b27c5ca6507e8cb36ec6fc135887b2
NUP	NUP-7731	b22b3b1878dec3310d6b437cf730bc9424b059901a7ce4313b3f9c31405aef0d
NUP	NUP-7732	873ea9e18c9cd1a23e125c1a7dc4122ba900cbb6fdcfb69a8d3f192bf55666eb
NUP	NUP-7733	25bcb07372a7921520742ed73bc2cb6434e3c1ee2b4f4a8c0972fd5ee78c0372
NUP	NUP-7734	4083e4ff6150dcd5c85042ea74d2be8c3a46a2d97e64d2327ccdf5c0de8c84d2
NUP	NUP-7735	6ae6d7de56160e0de83500ccc88213928c3d190afcc2f3ad3200d46d0625ac62
NUP	NUP-7736	ae5339a528813bf2c94cefbe7eb704a92fdbe49cc7da2fd292547d6afb6cd58e
NUP	NUP-7737	c9300990ae5ef8f5740e639504f7279ed02897d5bf33c67d13a8531205460345
NUP	NUP-7738	4a57ec14a790a263b55262ad0243de06e029b15ba9e7cdeba7fc9307ee32c479
NUP	NUP-7739	289be09343772680019546cf664aaafc8a53b8b2e73b172aa1ca42bbf8b4e3f9
NUP	NUP-7740	d563df2cb1d39e619eece71ba4f2a0e0396c6ee8cdbade310e42ab74f6984e84
NUP	NUP-7741	dab36206c380201b4afe62a4f807ab8c4371f5dcf7792f33fcdb15bd563b6a9a
NUP	NUP-7742	401cf6a74373a5775b380666b207e9798c74c0a6a978cfeb7357dea2946c7ead
NUP	NUP-7743	ff8e581333b708ddea651c5f2624315bc2851e2044662f77bf2e30745ba0e8bd
NUP	NUP-7744	cd436982ffdec670acc9c78793dac89fb4b3a12a7072111f7d833242c1727f9b
NUP	NUP-7745	ca4442b25e0fcecc3f047bdd30a71d452178c9cc36ea7e8e38a571fe6e5a5380
NUP	NUP-7746	b682db36f62c8fb74ff0ce10b2f5564f966e51b011931ed2a60f59c307e20b3f
NUP	NUP-7747	2a3db6931681c14b520690b3261a9e32b25dea6df83b7ecfa046531239ca5e62
NUP	NUP-7748	ec132018fad479b2c01a76e37a7bf6b866b7f134bc30b2b87376b48065fc238a
NUP	NUP-7749	60b63458189cd549feb9a8279c0c624921e2fd1e5cd98b6e227e6a83edb6bf74
NUP	NUP-7750	062605f84c7daddff8df86f5eff88f056eb5f5a7aea45a19ca8b507630083bc0
NUP	NUP-7751	4c6c13095e37b61820ce3acfef0429b502db52bcc13576217f6b40cb538e3499
NUP	NUP-7752	fc3dc55cc6c4b504a0903770b3500a0d4dd9e4b72eea558baaf44a8e9a67b676
NUP	NUP-7753	35f0913c02ef625bbea33b74108fffec100f8aa280dc623c1e1ef120fc9c3db3
NUP	NUP-7754	9b2389622374625c12a67be8f7ddeda7ab97029a0dd171b3761ff7064d4ce96a
NUP	NUP-7755	4bf521f105926ce2c029d76dafb1ffc520be7d751adaf87e40f6444093a98634
NUP	NUP-7756	b73c5fc2404d439190227fd4b71fbfcd80dc92b9b38a93cbe6c64376920f3188
NUP	NUP-7757	7584ad34afebab5d862d0a8c816d692ccfbc75d71d6a8ca7fa52e7810b28e535
NUP	NUP-7758	fa4e95a5534fe646977ec30b25de2d1e2e5635b43588d20d44db13c3948468e3
NUP	NUP-7759	01b487c3b63724096c76f75c568870035d3c857955789a5d3ba2778bb3f36850
NUP	NUP-7760	4bac2d72243e8a670c96d0151ae2e4bdd7b5445e808e039be95124d9ebc880c7
NUP	NUP-7761	29759522207d48d510d296ea8ab9eb7086017b760ae76f0fd91cda8301bb63b2
NUP	NUP-7762	99c93e4dbb690896770de2f1eb127a9e345542a19e4f760a3811eb07c2ea39e8
NUP	NUP-7763	68b76d333fcb3d304d096a07ebad1f44f4b4cf1b238cd9b5ff9046dc7485db05
NUP	NUP-7764	ebbb53f2937741ff3f8698e3075f033be57a2001f35c2a10c1f1a1a66236ad51
NUP	NUP-7765	9a626e6093473a8eb293b0f3c3f545b35f6d5852366fdd303697add992885e98
NUP	NUP-7766	1b9d63a25e9e915b69004c7bbc14cc6edde826ab67ade75fd85b88efda58c58c
NUP	NUP-7767	35e6a25c514f542591585f6f14ac8ea51cf2311c37fc17d43d01104ca55055e5
NUP	NUP-7768	2307f43ab576af919548d8f9940586a81247eb21bc34e0c40bf03b42f77190a4
NUP	NUP-7769	452ab75ace673503c28db31df7e60c69ee1f5324914866921d4f728bf170ca3e
NUP	NUP-7770	5ef97058ba76b60d8bb33a4c75b316ed224ed346d60cfbddc6e43b770c46ebc7
NUP	NUP-7771	732c73fe016494ea57aa2ba2ca14a35a7876c4134abba6c76c3236250f0b1e78
NUP	NUP-7772	37c27443caf947d1248754371ffb85e740edda53e8da1e6d33e318d40524c6a4
NUP	NUP-7773	d88a6c2e82726f4fb9edd7232e9337687a4d8afa046271307436ae292da68508
NUP	NUP-7774	c49c07037a04312bba31226a9e254b90d7f541c30237d44dbaafbdb19815420c
NUP	NUP-7775	90b40e7dc38a8593fd137f193caa43bebdc32601cc8b93b047f39d45f5d09e5e
NUP	NUP-7776	6462dcfbe4901accff9c0b3d12b585f58e793731b61e78f2e91d2badd0beb0dd
NUP	NUP-7777	da1b7e1e72ec766811f52c9a1490c58e63cab63c96d51795a7687b8f8ab3cd30
NUP	NUP-7778	21f79a9c55ca0ca32c336feaf27529704e79bd4294db86fc0ba0a4954d8583d2
NUP	NUP-7779	c2cecfdb85d56c8f503ccd8cd5f5d8db1ba7943d73ec0182402ae3c95163bcb4
NUP	NUP-7780	49ce179e624fc442df4b5279c3269d8d2798e4032e433bfab01368e60794956c
NUP	NUP-7781	45c8e9fde4f5e34cb74812495eae696b8e548b72af5d9e088a02a0d571061e99
NUP	NUP-7782	3e74ff1a387b5c243e766c017faa530d146a42b1243ee15ab7de86890d2a3982
NUP	NUP-7783	d4cc41ff446723d869a267881c2df1c5dc5c2765e05d8e5f1ee41d56a3eca763
NUP	NUP-7790	11d9112d68c31c45c96e1eba3f1c17bcef3b2b471fc89a53ab8aa02854568e85
NUP	NUP-7791	82db124b22d05b3a83954b0ebe66784d83dc18c7cd653f92fa57021cd4fbc490
NUP	NUP-7792	f70a62b81e55d725a1bed168908e0054fe513bb3ee0483d7ffb74840ecb65c01
NUP	NUP-7793	354b19569b9df3f482def49183014ae6f3fb659317d8e644596a7e4662787131
NUP	NUP-7794	1301fe1a6175ae28c403952c83935c0d64aa44fb8fa43dc9a2327b33f67023e4
NUP	NUP-7795	f2d7b183c1f6baa8133dc2f0150f216fac2afabb0feb22bb59de9192de394e6f
NUP	NUP-7796	4829679c9288c5d343b3a7535366fc5b74f3d5497e275c9a862ce2dd2c650edc
NUP	NUP-7797	203d10c13827e715363bc8747ddcdeb71de11d888218e3ff40e31d654b35d734
NUP	NUP-7798	75359ea2b4bc85809dc77abafd7b1421cf9dc0703900d1f56a336423d9ca9f0e
NUP	NUP-7799	43d9ec1280e0001bda3efac538dd7d27fbd3674d128c5bc1c28e65c4a017339b
NUP	NUP-7800	219369bafadab03dad1177e3164cc48480bda427999032839c6608fa1a629550
NUP	NUP-7801	f61db6a383303810703abb6ca41ef25e9fb0e280e12ed4567ea513aa9a2c9fb1
NUP	NUP-7802	597ff4e0b8fb77794d4790d27a28bd018131ff6ea9c88d08ec7f3b848260988a
NUP	NUP-7803	2faab90dffc851f996656454ce0a1dee4ca3984f497402cb38db4eb4557cdb49
NUP	NUP-7804	75d3f7df6b570c6d2646ecb150b30506dc53fb665010ced1f1b65f700f99df3e
NUP	NUP-7805	7e9b7311d1f056e5971c67fb4a45e9d8c78f28b310ab664e00d75b6d8af00ef5
NUP	NUP-7806	79fe41efc45503b0a89959d31b359ccfcbdc5316806715e3ed5a32b60edf5186
NUP	NUP-7807	5f643b34fb53d03abfb5128c4b47cc1a4a42582b7c33e8f8404d5267555f22ac
NUP	NUP-7808	2ff45a32ab85d06fd36798daacd61cba288dda862af9d81031660dbdaf469b5b
NUP	NUP-7809	ba9f45b53be14d529e1fa04ac1f0f3eb2a27400b4e906c669c65e3106c3d2b9c
NUP	NUP-7810	19be5ff593c9d1574b997c83e3eaafa595128b9a5d505f462a1b1062a8960306
NUP	NUP-7811	7090be958453c06b56e0a9fb00a94c2d999dc540d0f0e55a8c64512ec71ff309
NUP	NUP-7812	0ed89f4577db5190df85836a4a7cc970005966fe9c3c16f1065d140bcb083457
NUP	NUP-7813	4bddd240e12284481784ca5be1bf6c5095cbde9ca0c5e19f707f4ee0945bf06e
NUP	NUP-7814	986376e74721b44b220e1ced17e641c3a1a6c095ab6b9ba68121fbfb3dfe2ef0
NUP	NUP-7815	66a8686755a9d1a6ba1bef1f306bab1591730963294bd4b1592a11ea5a8325fa
NUP	NUP-7816	2d1b69975758aef1e42376d89c90516354aedb612a93186fd2fd071ab7ad50b2
NUP	NUP-7817	0ec5fcf0ee606bf542c5c40637fca6a990a58057011dfb6c64eefb4cc7a5c5a7
NUP	NUP-7818	cb59a133d6323ba0b48c17c1d70f0d5c533c645e6ac66d1d35a6467b781fe1cd
NUP	NUP-7819	a5d04a011fa6b2febcd39438b494aad12b36e64fdf0dcf522c5b2a152f4ce8ce
NUP	NUP-7820	bdb36a79dbddb929989c61698b03bd63efba63c34f067f212d27211afd57831e
NUP	NUP-7821	22c7e23b8490ed683bbdd69091e9742f6013711182a0ba43dc47b8dc2da003e7
NUP	NUP-7822	c099e7eec74dcc35c22f1eec5ae12063a32586905b196f76ec92391ee6fb9650
NUP	NUP-7823	3cd9a9ef6f33b8576d0b97732f7b8977e8c8f46a001487152598cd1b93afe4d4
NUP	NUP-7824	52e2b08483991e45b28ca10ab29617e5cd2b0da0735af1a732b0c6e70567d160
NUP	NUP-7825	ec1c378cb00be7417c979a7885f3d5b721fe7462e4b2efeaf49ede1219007f82
NUP	NUP-7826	3663c7f9773cc85b9b947df6e0f5cd7288f3984749fbf0966594ce047f0850f3
NUP	NUP-7827	0de9ba8ce310e8ce1611d0923ee9fae3be6f4a3583e8013b5530e93edf5b6799
NUP	NUP-7828	baaa735c75c40e1c44c6b33d54938dc9420b3594517eace1b43c51daef0b14ae
NUP	NUP-7829	eb88a2f8daf6fd76d755f72be8fb3f11520e6d6c5a2eae09fc76e2369bc1954f
NUP	NUP-7830	fed48ba6c35c775f2f62485b5d913e566fa1ac05d671acf5de44b83ed0ab5c9e
NUP	NUP-7831	61f3d59dded581529ad41be514ceb484ef3f9dd0dcce57a570fcaa934955b570
NUP	NUP-7832	74697f2f10c91dc9f9fb7d0b32d2b88519c791381f1f4b26d075bfd6f957ed42
NUP	NUP-7833	115638a83cbefe82022c05c140a03535ba583070b05c3a9df6c5e421828429b0
NUP	NUP-7834	bf0492c26c6db9a7cd609d475dda596a81f3507cef502535a0171475cea8bd3d
NUP	NUP-7835	65d7f63de2a7c508557ad03570471886d46ed73a4eeba7e23d813a29554ebd18
NUP	NUP-7836	29b8b61ff2962aca89471e4bdf61b3d12f11f14d951d43e855bf99addde4cb3b
NUP	NUP-7837	5222d5e89a734f4671849a7849319b5b7dff59b4f8faf409af77569acce9325d
NUP	NUP-7838	de2f7f5e8ea110d447217535bfbdbb18171c5845e48f94a45adeb4e750c06774
NUP	NUP-7839	22b8137c32cabd1272f1c3ea00675b6383ec60acce4fac5972f0fda178d0f91a
NUP	NUP-7850	58d23ed8d0cb300f5c1e103bc38fdf99d205dff64855c47f4bfb131f921367bd
NUP	NUP-7851	b8d9f57e695abcb0c69340b76abc7fccfdf8cbd267921293552fae2928aae7a2
NUP	NUP-7852	17280b88ed6256e4c08a54db697e4a4576ee5df3b8b743d53f3f17fb6b3914fe
NUP	NUP-7853	2688745f9ef31b3c7c1cd1def5b251b7fef28d3420fb4865c788aeba5d66c8c4
NUP	NUP-7854	886b506366982aa4825b055640634d12e7c280bf95329a121684d4638e27c6f5
NUP	NUP-7855	6b8eab15bccb0104aec0fc2e119bed98876d95a696a9c1144512c111c5ee9ca8
NUP	NUP-7856	6ebf753e487e0ec54e6428273ae4297b05cb4554460696b81e0c81b08b123725
NUP	NUP-7857	f2ac481788900929889b0925fe48524d46933869402e6fe7ec5e24d3e5d4749b
NUP	NUP-7858	b21197ab4b51a0b544cc71ff2cb23e0d450621b404638e61e7381b52e4c00fb0
NUP	NUP-7859	dc760642cf4ab8ae3e2a3e440834a1195a0c777daf63050fade7b28194909c5d
NUP	NUP-7860	7a4bab46d6db3d5c325b70ab8c6d8466ffe3887f5a4720179f0f739cf0c70617
NUP	NUP-7861	4cffd968aec8a229cf4aea1f549dcd7f61af2c9f78d6cdab4cd30246c519410c
NUP	NUP-7862	4557250bbf44e70ca3e5983905e9b4559a0e398ed569fc181010cc1cee7c5171
NUP	NUP-7863	5acde24fa66224deb6cda3949098de1d79671deda4fc04431641e8f9d4f33e56
NUP	NUP-7864	6b40bfea3600e58c7c25b9ac970b68ad0a080c8a5a39ec1226dd6aad4b187a27
NUP	NUP-7865	bf57ed5f01bff6a8d52f0e18c9d8bd99ee80978bb6ae561ee40220a527f25ea7
NUP	NUP-7866	9206d0fae7c2623a7f66783c249c19d4cf50625e78b252a6e305b687add2a018
NUP	NUP-7867	b174330ba0bb63c70c36de9955131d472bfccecd6767e6f8f8f1be36f11d4de6
NUP	NUP-7868	d2744992293646b0b5c0e83a45bfd16d25070d74c7ebf6dadbbb1cfde716d2f4
NUP	NUP-7869	f1b0806dd3fa34b49cb56afb3d122f1eb155c0508e56662ec05d50203fe62353
NUP	NUP-7870	feef3d55b212bd491ed9eb1d6062fd8d8874c3a056ff676db5795ea50225dca5
NUP	NUP-7871	a897eb473bf97518cc850c6d456411c881962df2b269024a489a7cdfa9e54986
NUP	NUP-7872	b4eb589242917b3fc00738f0113cfbcfb56f57f839c986a3b8baca0b8db14848
NUP	NUP-7873	836b21a1f565d75ab965447b09b4736f9b4af36c48e46b9e368cd204a94fbf45
NUP	NUP-7874	07ea38c093b13ce7adb03bffa9bd3d62971b35d7c6e0cac9ce98c8b6e97740fb
NUP	NUP-7875	7721f4b913851fb23102d8ab9476e1dc2f931a773757b539d17e5000cfe91919
NUP	NUP-7876	0b4d52c71afc3552d5808acb93c87b0778a61ce66b3f742fe6d018e74f84642b
NUP	NUP-7877	fbbf0818e329d4df90df5635ce04e94bfd8414cf94a7f4b3520d382e8d8a06a7
NUP	NUP-7878	6b6e20970b7dec1a40167356650eeaa5ed0a570d06464e1ba8db6e749c6c14c4
NUP	NUP-7879	d4e24d3bf7e6d4e4c3f963bdcbb13d84837569da1f44f166dc3767c43b008020
NUP	NUP-7880	2bcf83b8824ad5e6a52f0cec87ea6ac2d8ee5c6808cef1092e0b02e81cfc074c
NUP	NUP-7881	7b1921d48a7660b6eaf889fbbec0c8ef9bd2c94d1728b55a358f9ded56459ce1
NUP	NUP-7882	ac3f68ba3d7d02843e62599f2eebba5845454876a16f3e0006b9d216937c0002
NUP	NUP-7883	8cd042d812ae0858ec1dafb3d1523c361f9c0a02b0315c5a59a3c761180e99fa
NUP	NUP-7884	b80584d9b787458b937914e818c1d41f65d8654a2b9eab398bb3c5ddc93ee311
NUP	NUP-7885	1f08e2b9113f43e2b0a9c3cc640e65b38a4d0c9cc0ab0577a937b67c5e53c155
NUP	NUP-7886	9dfdfa5912371ae9e92588f9d3202c01e70a091532b2c21ccfd08d01ae87a137
NUP	NUP-7887	a6cefe0dde40b35f35b6d9471abfc2dc37d6d68bda53fb6c48ce892bebaa9a06
NUP	NUP-7888	e72ffd7ee748a7727698bc92dbc6007b2d04f1a1574b68cf1411aa5c7f3595ed
NUP	NUP-7889	6e70a80cd5dfd10b75a49d6454442bf5c947b8c2278b5268cb760a495fce85d5
NUP	NUP-7890	4d3b6b9d6168d80c81a385920e9bbcb5799dd67bde5929fa4e491076b8f758cb
NUP	NUP-7891	bc20527416aa79bf8d8af201964423fd635c8173e974957fac306ee365c7ba3a
NUP	NUP-7892	9c721f9c4de41f0b3844e6a8fd95d0a8cd943683c70e615a59e80d5082d5e9cb
NUP	NUP-7893	a2b6cf55171c62c40c1a07b26401a161a60e2177e888b2e53856f63134ce438a
NUP	NUP-7894	dec749084e0d5880881845c8b6740f510190d8590bd9efd5162e9334becfc767
NUP	NUP-7895	afce570c6c7dc45aeeb02a7af14619f9a50d87d6d42d0ddd5cd23ac7d456c68d
NUP	NUP-7896	1ba644bc0195ec1ab58158a9fcc736fe8875aecc4afdec731033d63f1c01e011
NUP	NUP-7897	d025bd964c8ac20de9efb6e389576a6257fae70ed178f7433f4d6e2332ea3522
NUP	NUP-7898	a13494875f56e4f3760f8d9b423db309faf4890d86a26b581de665b085da568e
NUP	NUP-7899	903fae49c39b33c5acc7d615911b53502b5d3c44bd39dc681b60031d3abbc21f
NUP	NUP-7900	7c8e6648de9b9978be6f0d5f6c056b9bcfa5f39e41cc8916edd4ec5993a7a2bf
NUP	NUP-7901	bf77efe1a7e66e7c8110d83dd511d01c1bdca32cc7b39bf6876cef36308514ec
NUP	NUP-7902	3eaa5f48840e9eb9c2e1cdd2668a516437a03dc4a6e8b16de29f9cbd9c49931e
NUP	NUP-7903	abaa9143f9cbf29140723df378dcee1ae733316c7ad6d1743f31332675d8d5f0
NUP	NUP-7904	659f771d981f218f138d79854a9632145d8de3f9a38342eba96f91522d6807ad
NUP	NUP-7905	d28824503a5f603c74a9aabff2bcde2dd99653222f4b03855fbe07ef8a0da866
NUP	NUP-7906	5c06146a9455c3132a204d6497b1ab28ce870c1d7febf5ce81c6524dfebfcdb9
NUP	NUP-7907	843606facfd6f646d50003d3831d455feab67e163aef64f89ae0407c50dd36ca
NUP	NUP-7908	d924d2628181cda223ab43698da25dab049599d9207e0415ed1a2adfb84ec513
NUP	NUP-7909	f9d75b1246cc5eb016be22b29b8f373e720027f9038826a688579b1cc5f216d5
NUP	NUP-7910	969fe76944b978d94492323c442f4cbf4f46a084fb718d236ec1d37d14fabc62
NUP	NUP-7911	31d0e6e69aa1e9e049a230662526964242cde20cc2ea96abe232b750ae2cc960
NUP	NUP-7912	5d47ceebdcd7480fcec3bda8d057861eefa357c475d797d5b806d313dd645a52
NUP	NUP-7913	0b2584d7f85053f0812a8d81b5f2d8d4e980bc8ba912c663be362d516488241c
NUP	NUP-7914	03b2e31f994cc2bc7c8fc0aa983331f0b2bd20bd5b42d14b93f0fbb1a7c05a73
NUP	NUP-7915	ec6d3fde683a9ff9889f56ab2bec117758e6bfa5c69310f7b09738343b86415a
NUP	NUP-7916	17fe0821d789b15753569f5d5a870322a517c3ce7b80645148c20e0dbdfcf556
NUP	NUP-7917	b03603e60e55d98669909b1607edd9be11106a5e2318a061bf802af1a69ef1ef
NUP	NUP-7918	ff5520ffdb3051473f8e013f04ccbcb3c483ed2281552a4ece498ef549f614e0
NUP	NUP-7919	f66c473b2d4c01c2bc7d7e3d4e892e57d3641ea56f6d95b5af654976aa4e521c
NUP	NUP-7920	c2d95524df1cd1aacbfb0ed6d522dba9491ef8d924a9f89a04f9ebefda950f56
NUP	NUP-7921	f3cab4836808622b3fcb04b3838020aaf8dd946ca455d7cb731b4ea3d39d37e8
NUP	NUP-7922	0159f43cc762cab7b706ea593a2dd8b66a03f7982b9c93a479c96ca8e1a7c56a
NUP	NUP-7923	e131449c941000e6aba86f2ac969fdf577cf029dde727effe1149b381bea8e9a
NUP	NUP-7924	8233915ea5d7f019a3b9d51018a93d1ee2e8a18f7554623a627e492a06b5372b
NUP	NUP-7925	5af8ac389ce0805b389cecd6c4150307579058090d37de540c3b0b3c356f2a32
NUP	NUP-7926	a6916a2ad3c73041eaaeace71f560d1328be5495230d6db05158d9865cc49f32
NUP	NUP-7927	f3d21a10f590b1d1b12c3015e47c5e73ed5787da0fda0b9233af7a2c3cb9df13
NUP	NUP-7928	e1f57d51a3dae26b718e380097622ac7b009a14c58edddfbeae415318a1a5921
NUP	NUP-7929	56d75fa7103a74c57f6510ab6de53cc4312763241004eb28478977564e19a029
NUP	NUP-7930	850ea0da532753950f84826c43d3a7eefc72938fc9512b4407d1cda2f314bf7d
NUP	NUP-7931	402f5ce1519bbc1b22f417464eef63c52ed2d1184b48ae9b522817df6210cb48
NUP	NUP-7932	d100387595c63e2f7e000ca5528754f064ac03daf37aacb308a94540d601a39a
NUP	NUP-7933	103c4fe77eb8538eb034a1922e0a2364a260e6f620b2bda4b6557fb670050010
NUP	NUP-7934	cfc88c59a001a2ea80680c7b26824c99651e0c4910a8709b9b6e055cf79bd539
NUP	NUP-7935	3a99e54f1f8478cda6630e8c460b5a84e03642e091ce80ddef234dabc454f6dd
NUP	NUP-7936	0f6e79c8c1c8869d9bc72c5466d5ff5b7a9ce30e53bbedd8b8e892666508bbe5
NUP	NUP-7937	bb520f8470346037dc864056e72e25a83d64de15a5bb4fad751ac780a817f47e
NUP	NUP-7938	8f38310f0d2f29ff0012b465d19a05bb90928c44ee10630c8435b7ee74bfb22d
NUP	NUP-7939	49de65516517ee6809c18182baeaf2b41171cf7e19895c6105ec347cdb0add33
NUP	NUP-7940	1047715bcb9041fd53cc80dedbf666a368fa678f74779d2bf25f694aa1503783
NUP	NUP-7941	e0dd4f2d318e644bd5a31f48be6992d91a3b19d7486266dac0cdf8e68947567d
NUP	NUP-7942	dc8ad50423d0f6a026a5f2635672ac273a2484da392ef94bab7bf408786380ee
NUP	NUP-7943	1134aaa3c89c6bfec0e5ea600a800aa82b2c64d09c71514c2164e32549f28d6f
NUP	NUP-7944	5206143feb620f86b20cf1e80e97eab6aa52c1c0991fd2c6e05f7309d611c5ad
NUP	NUP-7945	c35f6be9cd64974305e14aab94f375d00c9fb12511d0b8674eeda3490bc709d9
NUP	NUP-7946	a1ebcc649ebff7ed62f38c44dc859f3f0e8a87af65e44a6a5f66a6c4411a4886
NUP	NUP-7947	650cef5695e65bed902f13c20e51772f3333cc2c32710a4f009cdbbcc47900ca
NUP	NUP-7948	ef30fa03c0542d5e6b1a4ba4b765b00a3f5fbcdbeca517da101b524a4ff5ec18
NUP	NUP-7949	61216f92f3a20bab92945786c192b5d00a806dadefd01746a1914ba5b115ee20
NUP	NUP-7950	9a28645756020a6d2c5515c2d0cd34e1a44e3e6283ef6a7c71edfaf6923f56b4
NUP	NUP-7951	63f39488d98461835cfc2583ac5f539536487c8bdd539fe096559f3f7543f6a9
NUP	NUP-7952	6ce96264676663c8c1067acbe169a305a34b0d2b88e808555e79987bfc26c038
NUP	NUP-7953	d91b605275c0950c5a7960339242a691c7b0654e4a5eae4baf46289575928dad
NUP	NUP-7954	792c9302f8a1ef17bf1cc1394a4b97cf57024cc0267739fedb210726ec1c16bb
NUP	NUP-7955	79e8c3c3e07c2f9ceba129c9cbb187329c40d53e09c371d05a696e00599a8eb7
NUP	NUP-7956	a71b8680ac5c362abafd3d93100e9a503f078465e4550cbf34bc0fbac5bb6e02
NUP	NUP-7957	c913c97c25fa0689f17392fd453d2fb36a9d8ec4a31366c8ef80b256a052de5e
NUP	NUP-7958	b94e46c0645de4f1311c1cf319eeb831afa2b7474c687fb8169fe43d7c33107e
NUP	NUP-7959	7d34ca11353a67f012e6a33cf83b52d817c66b03532a08580ae7c1cd24b214bf
NUP	NUP-7960	15e0ae52b15b3bca1b629065b1d8a8e8000648e876f882c7f48509b2b2c2eab2
NUP	NUP-7961	bbd931b0f1d29f17985f112b0a8a3bf1528fc4462e66310886d3e8460b2ad251
NUP	NUP-7962	8c2bc817ec8c59445cb0afa1fc32ec5e9305f4e23a6ff762c951eae94cd75518
NUP	NUP-7963	907a77a06273c273dcad4f1b96c05e6b0372b859bfcec37fa229aadff653be6b
NUP	NUP-7964	03242297e9e780d5e3f0cc2fc794893819578e90372e012e96fb59585051617b
NUP	NUP-7965	d2e331ff5ff5216766defa25233a95016845c36b40cfa9ac721b86e4f416b4b9
NUP	NUP-7966	040b701dd78ee61dfae5584c93324c9098b61052b7196a3d627675d69396d92b
NUP	NUP-7983	145a960ed980d6add0e9225aedbe8e83d6449593ad144af843a288182ee5b143
NUP	NUP-7984	261e1251b821f295c9f5a820dae51e00b1a61f64f0409526af3c759daa84e681
NUP	NUP-7985	b2fc855dfe0305b8867747b3ac36de23eb61fb56e0087d341247abc5989929b2
NUP	NUP-7986	7e369fc3ae70c88ec7099a045424a6d3d2fb61c97a1b40e7f0b0b79b143e2ad1
NUP	NUP-7988	0548c148c0fafeb661addf5cb42750583c0f54186d9d8541e77352b690590ca8
NUP	NUP-7989	862b365877f814bab14b57f51e908e764dc79ee63fd1b692f3c0715d093aef4d
NUP	NUP-7990	b0ae6dc67801648b9bca3fbed49510fbc26035e5cd0afaa4790695a7e4e2f548
NUP	NUP-7991	5ceb9ca841919c188d996414ca1a24290566c804a475ac574efb35af8d599933
NUP	NUP-7992	c3e7a9d146543cdfa950a4c78c9238a45aa7b798a3913a2cffdb0582a9c0d142
NUP	NUP-7993	9547196c7a47ec4dfb0666b16b5343ef41ba82a04397ba66bcfc3382a74cf226
NUP	NUP-7994	e5c51d0dffd2fd57428934633d610600c74d24a537c2a1a242d2d3ee72f0dbac
NUP	NUP-8013	1645c3dbd04c04b95dac834323e3c6e3970fe5719baf0fd9b9c2ae8bb2851ac9
NUP	NUP-8014	2cf01a93aa384b8511733875a8d506f37cc916f429589e9a49a99bb30f005877
NUP	NUP-8015	48b8007b6a09f60c9919db7fd5b242f04b62a64cc9561137960468511daa7fdb
NUP	NUP-8016	a8a94a27c8440233b10bd341128372dcfb47299d18b69318a895ec7be86df907
NUP	NUP-8017	ff72054e6ae160a82a1fb5571e3466edf6cda2c7fea0a08437bad0eaad6b5929
NUP	NUP-8018	faf350e412497a818f636323139130aaf8099905b5dbdae80b4176f6717885e6
NUP	NUP-8019	e4529b63f5de26139dad9fc3718fbf0e3fb0bc51eb1a03d04878a42b72910d91
NUP	NUP-8020	813cc505feb5b034c8f083b955a1ab5915548f8efa7a29b275ac6c423428fe59
NUP	NUP-8021	99cb3ebee5dc17e81fb008cf6cb2994fe3a7d75eb4951ee33c87e747c3992424
NUP	NUP-8022	529f2dbff51c6994c350111f44fa2759c2e05b19385c2776d10b9b52802a1e97
NUP	NUP-8023	6f0f6eeb37808af3dd3cc6e6a23fe0983990891841423d7e841765b59cdc1804
NUP	NUP-8025	341b7d759ba85ba8d382edb0321494a5eb17a4dee1967e5c27cbaa2861ec85f2
NUP	NUP-8026	d69543a562dba1de09f9bbd88fa6c609002900a0897835a244729b5062875ec7
NUP	NUP-8027	d3b16394bb42a0c4dfc86220c3ba06cfd695d542498bb8c3137c32c2ec8a1289
NUP	NUP-8028	1db58ddc23c7026ec171c158f9d24048db922130d07d9aa7ddd497118b383f75
NUP	NUP-8029	a0284c1765cbd492511edd3e9254ef570fb5abbe11e8b846719f1772b2209871
NUP	NUP-8030	3e15757d9771645e9bc058854015730b5fcab34d712a62eb2111932226b5c4fa
NUP	NUP-8031	c7adc3053b768bd512ba76aa74f89b84b1daf21caecbdd17781250890959694e
NUP	NUP-8032	ed016eb8be6f275826dd47bd157c2d6404dab32083797129625fd58bc23a6954
NUP	NUP-8033	868cbe04de8e078adee9fa827d95dc5a38587605f518696e0260e67df1578927
NUP	NUP-8034	2a1c6d98dff31b5c1dad16384c6f33d3375e3a92e8b60f4aa13727d690dc21de
NUP	NUP-8035	24610eae782a776dbb8e26eaf99be1ee808e2831c77900238419aac8de9a7d85
NUP	NUP-8036	866ffd15680704ba10104a2ae76f19885a9f2d7059374c54a4a1ad4a4c85df84
NUP	NUP-8037	c18e7205198dd5ddfe77b8625d65946fc28aaeefffb7e6334b7d4cb8eb2e9fe2
NUP	NUP-8038	31522f8d9db4beab721d78376432d360f29e1545429b50558de7eb5dd7cb9adc
NUP	NUP-8039	748e5c005c99bbcf068673f2abe95ba138a0c7ddb723cda4c62aaf1146757ace
NUP	NUP-8040	5b5fe408fdc8b502b6c0f89e5a750168545700d7ea6c2d4f43d25b36ab7f237a
NUP	NUP-8041	b7c368cb0432eecbc916858e9948340e9edd4326a35af00d3b52fff3c3d1362a
NUP	NUP-8042	4a664a1461d0a268ba8ba6e7bf6bf73ee7137492bef8d1bc34b5d9e61be06962
NUP	NUP-8043	7ec47370d565a6e9c55fde5171bc1caae25ed550153f5085ea334399e258102b
NUP	NUP-8044	d7f08e3c0918083a0d7e6b7a208c62d7096e8c56a0e0e67963f178063845a9c8
NUP	NUP-8045	d5f0226edbf60cbb88ea3ac842e9f782633598ce3ef529cbc8d834e6123f2bd3
NUP	NUP-8046	49efc72b911d3f0492d0a3cf73ff9c7db9d41310490ad2ed56137c48810ed775
NUP	NUP-8047	d2ea901b93a33ffce356e1c38ad2b67c0862950b65bd07ce03bcd750a7bf2086
NUP	NUP-8048	36a20276a5124dd40d015d545d6da933d5f89f261a1bf46849df5c981a5b94ad
NUP	NUP-8049	8ff4226bc97090c5b94ff46c85351a52317ab54cc14e3626a92f10b612aa4f01
NUP	NUP-8050	fc2984321ec39fe0d89ce3a3591e84dd4f58d78d512faa66564d26b1445d1be1
NUP	NUP-8051	51e94f57a5da5a5798d51930d639256873c3860bd66815a3c3e34bb085406cf1
NUP	NUP-8052	ff6ff6303c916831be72226fbce0f17af462e4a694d6493e26e40af74ef95499
NUP	NUP-8053	d380126e97b20159db6e576c1f4cf42258c675f595e501dc70a8250081878c5d
NUP	NUP-8054	b57ada61ad75c42d2f32899e6621675cddfac9bd95dd0a526224acfa63b370db
NUP	NUP-8055	cab4910c20b988151a6cf994ec61f867e6fba703fed746c05cc5747e4ceeccfa
NUP	NUP-8056	fe660e72761ece50cbe8cfbb64b2590a088f290231b387ee44a60a864d15acec
NUP	NUP-8057	4a228375fc1c4c2aa7e864c66d07f7ddf2348a9624f2eea3e42a6e5075657b7b
NUP	NUP-8058	cc4027d5b908f5e522fc6da0949f74ade0af5e44319753d969a6087ef855f9ec
NUP	NUP-8059	6e3f9084f86b60d2a3b465701443a46415e64905ffb31f940d5984a434967776
NUP	NUP-8060	01b4fc88a5314b6598e0a3750c0080ca06b282c74893aeeffc0067f2d2b726ce
NUP	NUP-8061	81cea7c92affab477777658ad188f470e7aa537fc1671c453e11201ebe8e34c3
NUP	NUP-8062	0b5c2ede70c8181833ac1d77a7a9af6c17cda29db88ae10c4632e3df29612749
NUP	NUP-8063	86dfdd331dbac12c6df62c237e7ff005e62d8e056029d995dfc870b0d2d42b30
NUP	NUP-8065	8769d649056dffbe02ea26b225f64901238c9b5d4bdb0a438cbe6a726e7530c4
NUP	NUP-8066	3622e89fab4a468ab49ea427fa8162ce291e01c19f89fd01042d7f08664a5e4a
NUP	NUP-8067	04837b654997878c11d17a5419d8f0979c7063cae24ac195c0a371c9b28a070b
NUP	NUP-8068	19bbb34d45f52ba9e8c2cbe2432028c06ab5381a8485363cdca89444406addfa
NUP	NUP-8069	e6e0f756f78b7f9653eb8c50bc268637d09313e019e4734943528366794ebc67
NUP	NUP-8070	f275160531c9ef8651e08d8ce910a0dc04179d3a5c8aa95908d515559ea93717
NUP	NUP-8071	c5103f33fa1a657feab88152a452c1042788a8ffd14c2b1ba2f5844cda58804f
NUP	NUP-8072	8fc7f81fc639f949cbba7c9cd40483cb39b40f67969520b76199851038641d05
NUP	NUP-8073	c2096b40a1337084a0f74412c803e0286cb590afd93587ee91d561187859a79a
NUP	NUP-8074	ab5fec4c274bc59ae76290714400f05879a85fa4c2513129ca47d4c76dfbef08
NUP	NUP-8075	7a27a3d794f102b31d757fbed2f4729409daaed00d4c3a09d42035fa6dfbe69e
NUP	NUP-8076	bef73fb1c55eb5f415ece8ce3d990720e4a475464c1bdb55f787d90fdcd425bc
NUP	NUP-8077	cbba26624ba2bb4567e2744fa4bafc21342cee768968a2e2427b8337388b38d3
NUP	NUP-8078	a77661c35201446629d94d761df1fce08df73bc1028323635b8e213b543abf95
NUP	NUP-8079	113536f78451706118fcddb2615af292109772ef9c3906b302d4deead9823b95
NUP	NUP-8080	4befa9daaf3058ea706193f13eb8f8441e19d188f37420e480de6fab88397077
NUP	NUP-8081	313aafba14a3c0493b56c2990603a442b26e5f3fd2b3c252eeec1bc7205bd33e
NUP	NUP-8082	90cae566540080c5811413c50c675d718b318c53595bd1abfa2d3b64553b6280
NUP	NUP-8083	165205b522e8db828ad5e75c90012837e6f1b0304541a8668274a1a00467368b
NUP	NUP-8084	5c10aa55b29fdebee75553b5dd3e6cf00deee039011bde9a5ac99a0475618177
NUP	NUP-8085	9f4c19fea7fb4a0d457f3a764d974914dcdedd8c72af7ba87ba98c8e419c5165
NUP	NUP-8086	ebbb74b83b0c48df82932306aaf17a284f4dce13045464d043d0f5be2ab253c6
NUP	NUP-8087	c428f4e04cef3a660e1fa306c5d5739185815fff123ff3df3733eb177c510842
NUP	NUP-8088	a168fb7d4ad5c28b9a9449f13a49dadcb9311100aeac149acd818b4e94f0be41
NUP	NUP-8089	edd3ff372fd68686ee5dc935405fda4db81fba877af9d083fcc6abe09ae04b29
NUP	NUP-8090	b98722d469aa889e1d93a1adb08f85ceb209dd585f8d86f8afc1f98d92ed2a2e
NUP	NUP-8091	1328a0434d534c7cc11f9de085efb99cfbdbbc591a36249ce24ec1acbb6b0e06
NUP	NUP-8092	48c63b21eb2f520f23d0d87dcaf629cd055ac63ced0118e0f2d4606c5ff3537b
NUP	NUP-8093	1fae69b2c45ffcef7f185f114c3c77436b2769bdf4de027b0ebc076638952cb5
NUP	NUP-8094	59fe88b4a83afb341e55e22649a95e8f4f6c70de9cc629ff54cc47d29dce23a0
NUP	NUP-8095	f37cfde117d3b8127359b8ef10f422b2730d636cdc0ef54fa4865581f957e22a
NUP	NUP-8096	a2753b983a17236b472141f5cf563e213ec1bd69c781589c9203b1290d2ba1f9
NUP	NUP-8097	0b1c38081bc99f73161250bb3f5a2a5ae1edf95b216154a536ff04265882d82f
NUP	NUP-8098	2fe32c26399925eae7aa9da8841953913830554f7abd8642c605bbf888e44101
NUP	NUP-8099	351442bb1f6e5e0933dc3987c015cff01d5e1b7b74e43afc8c4b6d711196e51e
NUP	NUP-8100	727450be3c47b5179a435fd519d44b7f32e8767a37d0ab9600e5cf56d14bcbad
NUP	NUP-8101	6110b3be2c8ccc903b2118f2a1c1ba00dfea4979d1fc4d851e3848956a8b3c37
NUP	NUP-8102	80ee9c416389c2bee2d5697ab96b2686c7fa188661919bef93e5acf423f10cf3
NUP	NUP-8103	cefe974f98fed9faec44fcf4adf0b32d0b7526060c39592f90c94df0b0a8e987
NUP	NUP-8104	bde4d58d787650573fccdfd8baef2246afd4c5601ff6368b4658bf6115e1449c
NUP	NUP-8105	8559c81aac76d631d9ce588437d1117b042aac2fc4ab2f7f74f14d20f60e08af
NUP	NUP-8106	5c0f48329758248aeafa0a942900d8364828613eab1b1eb2bc7c3ffd4bb8cd60
NUP	NUP-8107	33effe2794dd8a0bb1ecb2c29e1fa95391d8473cfbc380bc3560f086352a1d17
NUP	NUP-8108	e32ddcc19c5c9de0a35a223a426c277bd0e359e55566bd8ee345abde8f5b64a4
NUP	NUP-8110	c9e594fcb58a856a8fea7dcae0f9ca8f12ef5782949a024cfd5df30b300fbb14
NUP	NUP-8111	634e615b09cce547172f9dc817da601c8e2632087b1dce534be5f9f48ac73a04
NUP	NUP-8112	93606d316670c6d8dc8e6b24a16be6c605931ab13e3bf94a1700666e6c281dfd
NUP	NUP-8113	9dec19d794b3cd345feb80a9f2e61040a29b0a0288f2abad2b969bd0b5e0762f
NUP	NUP-8114	dee6b0c342e32f380f56b9d33696b10450a8b58b5af46e2468a6d745684f07d4
NUP	NUP-8115	5557d6571c0ecc25766df24ad95d32518b89b201f4b094dddb33e5800a8f33af
NUP	NUP-8116	ff4c52a61a449921078530c25ac75fddca856a269752616604ad21a0b6c0fcd2
NUP	NUP-8117	7ef32f7946d3055179b49a583e7b3e1a7cbad34b2466eeb1d63b664142456bc1
NUP	NUP-8118	5ea148a3f9547775f368aae19da2f6aab5a6574472318d4de9deb02e83085569
NUP	NUP-8119	88da32fa19ff275ad0f77972cda637360e833992f560d9d8f0bce57c8e7d6960
NUP	NUP-8120	92bca1cb3bae2da3f262ed6adf19266821a1e09088a92ea4b5e7eff55be42bbb
NUP	NUP-8121	e1a6cecf8d060b3c320eac88f6015bc41c30081110ff90c81c9671dace879270
NUP	NUP-8122	7312f814168eea2ed46f5cd466b930708e531634d1c4a915461dcc5cdf01416c
NUP	NUP-8123	3b8d108bb03d014927da4966df5d57faf38630c77c38bce1edba4b7e12138ef4
NUP	NUP-8124	6e685639249fa0a0c566116a63f6384d402b4eb192bdefd3b97aa361d6ef7e88
NUP	NUP-8125	c3386d2c93a20e41e680b0e395212917dfa3919959ecbf7658c9d36082dcdb14
NUP	NUP-8126	1bb6b2b001091092a1d7387b564285760a1bf2af4819050077ed05075395fabe
NUP	NUP-8127	225a62174e34ab0f71a7f2988b235ed98b1444cc2d917bf3f698a5a56063862e
NUP	NUP-8128	6178aba36804f09034a53a3f397010386a3578e9741e9ad64012523cee24c44b
NUP	NUP-8129	b08207d65d37b047b392943298dee869f416e7094d00abfc85408b8d732179f1
NUP	NUP-8130	10eaa23a6e3cc836e398aa88f61233e7422a90c89a3dca30eba28f5b28e2901d
NUP	NUP-8131	0d2d541b48c6b43afb3f21f6d4ece41ce22d26034799f35a45fa56e22395c5ec
NUP	NUP-8132	b38c6a7602309ede68f4a0391153625486318978fdf27c0c1cad9d730240fcd1
NUP	NUP-8133	6733b386762d65172702461299f3ae8d1894e1cc46805d34c87019d679a2c693
NUP	NUP-8134	88d3072305c1d5e249d306267f78e1509584b9f6567ac6fdca182b023ba29d9b
NUP	NUP-8135	f4d3d34211368288f40cc1181425ce38f3ebcbb989a04cf333f9d7fe72e69627
NUP	NUP-8136	484022a821de894b33721cc5a5dbc23984a98f9b60dba1f26a900654fea41b1c
NUP	NUP-8137	c83349b59d8882873df759f17d3795bccc3522b989b772d793ccf8ce489102b6
NUP	NUP-8138	5b3623d015fe91279c2c2af231fd9ba24e4da6be07be2cf12124d8b93ec5e4f4
NUP	NUP-8139	21d389e4f2c843980c600d6b2a67a1e4b9b9d20753901dd651ceb08c3ebbb11f
NUP	NUP-8140	3d11392626c0ee9bbc080827f42124b59b4076a34d3877f29e6366f04d01c10b
NUP	NUP-8141	8a4159f26da22e3af9196e512d3c48168a5ceb9e6798384a75ea26d22e413094
NUP	NUP-8142	cb2c6078f828e288a660880532e8fc985007e7802f85d8831a81853cc98a8f09
NUP	NUP-8143	9d5cbc0c587b5ca53830d8c81e3c14301263761ea278d8b06ccadcbc34e7ddd9
NUP	NUP-8144	ef20d63c4126e94b06cd690f8146d1d75ab84a09588a70d3410934e9f5058209
NUP	NUP-8145	f8986e156d8e410cc571d29c154844cd584d226cdde72256cbcd24e38bdd99f3
NUP	NUP-8146	b9cb9d3d84051eb0cd861bac4bfc16682ef9aa8601676dc0caed3d3b9754d91c
NUP	NUP-8147	6c5a59e3c3d56a95cc07904dbe3a7539ec00a9187fb506ccaa09ff23e9a97630
NUP	NUP-8148	8f41f172b523b225d750df518aee49ab9861dd19602c744a00a42b087e1a8215
NUP	NUP-8150	ce3dd22859f713e9aa0faa6b2a96fdf5524a2150be24bdce140e16ca54d5ce78
NUP	NUP-8151	e5f1351c6fae17bbb2384ea022ff1b94d2ae348d0942829b3f979d2f2549fb27
NUP	NUP-8152	62720982db80030b99359d641e2b3fe6ff49695bb644b0a54e0484a2bf5d84fa
NUP	NUP-8153	0872c5658e1d64df9ba216a0c5dd104ab8a477d504455e396ebeb847e644234c
NUP	NUP-8154	0fa7c73fb35e51ece7f70c5a972ae3cdc61f3df5baeed6102f0767ac25a178a6
NUP	NUP-8155	c6721d837771dae314b8ed262e3f634357429238f42d448838c6304920a758c3
NUP	NUP-8156	c2a07f3cf955a89f637520294e1e4d5045e5fcc1aa741e26c44c41d94beb19d4
NUP	NUP-8157	c59fa1e0c4f3b951615d943eca8a00bf6b6cb7b7201b2faff333665827001f70
NUP	NUP-8158	c2eeda6edfa825f4a941f5e72b112a167d9b4c156133f39bbe2c85976c4285d6
NUP	NUP-8159	5c567080ddb348477358bcdb081a4b4d2775bbfe7790932541f120611c1e7509
NUP	NUP-8160	0842fc7937bb60da3396c539f8fcecf5b0f33d1e1e83775aeab34a9428086974
NUP	NUP-8161	20db819e87c620afa97a16184decf4a3856ed57882d17b19a329409305507520
NUP	NUP-8162	8641b15de148c1b927b3f2265db35545bb52559cf851052516fc464ad00b2e12
NUP	NUP-8163	b6bd26a8dfded788d54cb02ba3e0f64beeb0d68ed2ef58d466fa42a01694a0cf
NUP	NUP-8164	d45f8ed6722a03e6d726f97f4dd699b11c614136adda385bee44a9ba0f3044d6
NUP	NUP-8165	a4d95a824ab8d4036dce1d05ead6d7c5f9c780dcce6bf49071fa9e568c326fef
NUP	NUP-8166	425985ccae4f373064849ff3cb5dfae7c4b16bf3227cedc8bac4a1ab6b316c57
NUP	NUP-8167	cbd933cdb1c0ad5d1cb2527d0d47dc62c220c984fca35b09565b9a499e872f73
NUP	NUP-8168	80963c1a869d59c4b1ddb26e65e0ad76bc60c56eaec748483020254370b5228c
NUP	NUP-8169	54cd9e5eb41c32bfe3ca637abbe5d5f0b68bf7532cf4f8d6a727f072cdc678b7
NUP	NUP-8170	13b46789513ea82c3f973d7bfaddd416c493afea4f3bbb97b0bec555badd8574
NUP	NUP-8171	817f6fbc6a6d033dba69d80bd8fc988d01bb128d594448a0188c693dc9fa8d7d
NUP	NUP-8172	d1fc840f6227592db7bca321c3a985d841eafe733c175f19516f68084037da10
NUP	NUP-8173	473324458a27020f2a412822a313f50d6a6c0ce0ce018201afeee61f98d5fd86
NUP	NUP-8174	633a5fe26a26bb01fabdc411d405e4472c0738f48ee2a2d62e75547f42ec343c
NUP	NUP-8175	7dd34b5f23a9cd1c856d525b16da737c41272f9e2d64aca978d6678499dbe9f8
NUP	NUP-8176	3cd635cd5e6272d625b73bee4a22d16a15f298cf5029c80833fc9fb805105e45
NUP	NUP-8177	b2d85e20fac2fb1b450a5bed5bc61f110b29140b3dc586048dfea7e16358a0af
NUP	NUP-8178	a74a758a667779df6dedeb1f2929087d102ad3039b48e9f7818958d2e25cc7dc
NUP	NUP-8179	f9aed3b388cbc7db8fab8378ca1ecd04326f9640cc6e19a1ceccb8096971c06a
NUP	NUP-8180	e71ad5aa62fca1a210128c47e8824b3db81f821c08039fb1233f1c23b452df8e
NUP	NUP-8181	7d52a7a7c1ef2496b1c6a0056d443c0ae90c786cedcb758e8c9526ba8adf9b25
NUP	NUP-8182	8c4456f761a21360e5df75ea76052d9aeee6d3bc2f5dc227ea9032c2afd5bb16
NUP	NUP-8183	b955a06528979e97508c429486ac9a912c514eaeac00104d6c6b63aabdbac9c5
NUP	NUP-8184	279b97eabb84129c5f5c009b49afdfa6d7965f42d7b2461eeb62b4c629c8a730
NUP	NUP-8185	440802a0b6495eeca353d2f1a883fd6015e8378de984730f188e715a9a9242a1
NUP	NUP-8186	d29a145674ce8fa22c82fe04e6b53010244dec56c8e24f7c048ed7c83a2fb987
NUP	NUP-8187	0d5a46833d3f77e056b1465c48b85fadece90cf1678082e4959940f04f3bae04
NUP	NUP-8188	fe4b9d84bab93c925cf05ae510c12df99a348ac42f09cb67763790de3137ea94
NUP	NUP-8189	930a0c7a82df2ec56ac1508cfd3a5299da41d7221287e0664ab0f0cf76ac09f9
NUP	NUP-8190	803458e16eee6475b9b07bb5cf7d43caa9740b4214b22dd5b2631e4677299ffc
NUP	NUP-8191	ce6f3eaaeea3752e93f8bf1cbb44722719010b2a0ba5a1ec69b4f6689748d347
NUP	NUP-8192	52e93eed7e4c8804b2235020bfbb4c0ce4d23a58e3858f07dd0754eb8d3c6bb6
NUP	NUP-8193	5c370a4aa20f8801e63657909904387277a71e53d939ffb910bb362f98f3f095
NUP	NUP-8195	2fc6e9404db938d605492b12f78a3115ad1bd2f56166cf7f2662689a9e8594bb
NUP	NUP-8196	670b4cb39bab763dfc8907707ce2d0ff0619b044e87cbfd2d4b20701d6e6f143
NUP	NUP-8197	1b94bbad3253046ed9d01cffee0bb523d70655d04844f6eab40d1785161a24e6
NUP	NUP-8198	8cbcc0f15576df62edbe814d1b0104375bfe099cd7f9ddacb8c576a21c54e03a
NUP	NUP-8199	736150cda4979551f852be3d65a2796cbc9aabde541704ac4fb5f796af99bf73
NUP	NUP-8200	08826a5dbe26b3a83ab6b488d4ffbec4a5eb2e15a05e7ae375854f795bf41de7
NUP	NUP-8201	355abee41d134e4be1a48131fce93a314acd9680f70cd6c8cf53b1faac54cb05
NUP	NUP-8202	07b73a99ce424c376c8e1239a75c33d6965135448d3e96acb353b5ca7b9b754f
NUP	NUP-8203	60e573b8091e65dc290895dab2bfa47073cf23462d2a17ef459d16b2b4ed0f6a
NUP	NUP-8204	cb434f606dc880b384c588ba1f8aebad3837b70564c92ef3ba5e18b31a4f0de6
NUP	NUP-8205	1d1a80f5662f0575ab28e7411405957b184b8a475c4cf8ad82ef7147a0ee743a
NUP	NUP-8206	0513f23437eb4a17131f9ff796f3f3fbf72b153373d9dd2b8b96fa87a3fd3b8c
NUP	NUP-8207	b35bc5cc6ba6be5d48017bdae2b210f3663a9ed7618c49316ac3e9e8a0f29895
NUP	NUP-8208	ccdc88b6f0a699b58bb8f486331662149b723a710f33fbf516a876e92f3d6082
NUP	NUP-8209	63253998d78cf98d2fcfd7e228cc7211cf0dc0da8479b78eb73d0d4401fd235c
NUP	NUP-8210	6629e7201f872148f8a2e7121c093cd9440f08f7c8c5423856b56ae31783497a
NUP	NUP-8211	8767dc7c7d5f9b64d9913cd4546ad2db3846ed2da127dae57fce88021ddbd386
NUP	NUP-8212	a8b5e09351f176bef6b6f83fcbb5d69061d0140454d6202ed3b99a8d11c868f2
NUP	NUP-8213	4a380f38f40201cb74ccceb58ddb658957bd5f36971007c85d7d32d84929ca71
NUP	NUP-8214	3dda0e8d45ebb6429fd532d074e1bcea901eab34d9153ae373b5b566e476df72
NUP	NUP-8215	f93abcb9102adc1114210369fd01afa0de392ecb0edbb289225dd5faa3c9f168
NUP	NUP-8216	8331ee52fc4a689db6cffc0ef4c2af8fe0a73b52c0fdacf2174f6843536ea254
NUP	NUP-8217	223254c524511e961facb98562253c63dffc223a1bc81ad374b4754413a3cb6e
NUP	NUP-8218	06af2423fe9bada2d7d88c797d8b4e85235e279c34ce699afb82c99a27211b14
NUP	NUP-8219	2638396258de0086f199179dbc80b6bc029309f932f3f17b86db5e75cb4f4b34
NUP	NUP-8220	8545729f2f02c437d93dff44acb2fdafb5abcc4ff67cc750fa08407d2419f782
NUP	NUP-8221	9a05302f6d03505b8ce24de0318711b8ed25af570314d9ad53d2dc13ad192c4f
NUP	NUP-8222	300a9a38165de0b99111f25e8a77519f1f8d738a68b15cd5c0d989b128e300e9
NUP	NUP-8223	f1abe13340222d36f93710734b3010ba57ea87cbc5b3bf7161f4104092dd3afd
NUP	NUP-8224	7c595faf5cf98122c7c6d1085dfd71210b2b03e090019c3b9759d2e5b80e8fd2
NUP	NUP-8225	0ed01d60d50aec5ffb23c81221c8e2a591fe6f8dd0752c9a3eee7f8b0aa22015
NUP	NUP-8226	6b62820b5ecaed17c4344feeb797d6faad756c4c53219dec3d43e7c47288286f
NUP	NUP-8227	f11b292d041ae4b3111213a46a1e5a042e4b4427e146788b7105a8b21b0355e9
NUP	NUP-8228	be1341499e2f5d3012e6aa3836b1df853c120d4d5567903506ae146bf08bac84
NUP	NUP-8229	1bb1df957d427bcb237ff3ed292df3f5ce45569a0e8a8d4dfabc7eba64349325
NUP	NUP-8230	c7a125a05e9dd1d4127f0fe4fcb10ce89656b40f96bc94269a65011ca48449c4
NUP	NUP-8231	77375da8eabf82d67f6c7f2de7a7b6d64d7f8f76652c9318fb9135e9c1c6a8f9
NUP	NUP-8232	4e4a5ff099653c8cfd0bffa715c3de51d2f11cfb3fa875cb5235b015ea5ef700
NUP	NUP-8233	97962f071d71f38adf2c6a2e91f76e158f285552dd6fe63c2d9c2a3af2b718ac
NUP	NUP-8235	edf365ebd5359cf0baf1f53916bf24da5cf41b0dc84c1293cfd00ab6a5ead863
NUP	NUP-8236	1c46143d906135abd415a316aef119d2135d1cff94d56176f1264d0c89a8cae6
NUP	NUP-8237	1468919b5fac6100312ce6641173df928523afd242e77973af5d461f55959a46
NUP	NUP-8238	06594b60a6f1fe86377c1ea91feebca6100a691a792c1a5b4c41fc9919ad0d14
NUP	NUP-8239	6d22422e9a907de3955799a4846fc73f9bbf3cf286c37530b5b846c49bce2b2b
NUP	NUP-8240	6a131a5e166323e2b5c63829e5ec7f7232ac89e2e03a1c542fd5f6c6a639f90b
NUP	NUP-8241	11dfe3f619a3879a3023800774b637a88f4683e5abe6192c31e7a8000d04d319
NUP	NUP-8242	918905da36a77bab949c55e9864c0db8b79b5295cba2dd1fb460b54d203706ce
NUP	NUP-8243	5145315ac939f57e916c96266e3e3317bbd94a831c5ff1fae609f2fc10a518ed
NUP	NUP-8244	6b2153db7c1c98a570242e8754658dba015663285db87441ed42466f867598cf
NUP	NUP-8245	d498da9df9e275614fa6803c17fd7ce6042727de64498e0418dfe2e22e703bb5
NUP	NUP-8246	e4388b11e1a543557d822f3155dff51e4edf8ff853b687bf5c0a5e51ebd88108
NUP	NUP-8247	e2defe6e2256d03a2e46228d644bb77631c8e3c722e53642ab35ca78fbc1406a
NUP	NUP-8248	97c9d3ed169697a00c3766f20341f1d00a3f827b2ca0391faab8b3e6c48b3b8c
NUP	NUP-8249	8c8a98dfc595396a2ccd74702960f80c70fd52f869344597e02af0cb963cb90f
NUP	NUP-8250	f36e885021594d6405b75460e14e78a27ee4922646e6bc7eefbcabaa8a3c5e1e
NUP	NUP-8251	4fcade4eaa2a36ddfc9e28f8970ac1144966f051add30e615414f2dd90aab9e1
NUP	NUP-8252	32db37d2f1b55ec4cdb8ecec5998804a37c4772d60ec6ce7e56fa9705058b86c
NUP	NUP-8253	5b215bd3634edd7b15938cd94ede73ddd08b15e7b5ec49a59b5252fa00f58e65
NUP	NUP-8254	37d68be917bf10328eafebe99ed6a5705412fae56b78709f7aa2c71600bc04b3
NUP	NUP-8255	420a0cd9a8154142cc988c89f5a6f9a363a1c491cd5e1e47fdee191b4b1966ad
NUP	NUP-8256	5416b1d2c1963cd99e41b366eca2d78fc34a14f7b6560d33e281748146c5ba6b
NUP	NUP-8257	a4de257146bb95a17e400279f7c2261b4e9a0cd21113ed5c96f2039607569f7f
NUP	NUP-8258	f46f9dda8abe11c1448cfb411e2e70b8bca9ed271432492939ca351d40fbb3c7
NUP	NUP-8259	946a890484e95ba3aa72087a1cb697903dfc8d4d3d9288ca4fcb6a65a2640efc
NUP	NUP-8260	2d859a2f973826052c6507e1b0e69da20bec923d51af9835fc6b23573c896201
NUP	NUP-8261	b889675aac39e13d50f851c3706579d8b5631a2792a2630fc7d311adfd614833
NUP	NUP-8262	0c793e372b6554baad3c14cef8c44b3cfd4ecebf4c272d8b3a6ab05958ada390
NUP	NUP-8263	003a840d333b677241b6571bab0ea94b80548523f8a16a3e0c348bbc2fb2c32c
NUP	NUP-8264	9cd7fcaca170852ece42b29bb68afc50b548eeda6c5fcc6b7d18f58133db5790
NUP	NUP-8265	ebdcb3e9c8b907b1bb5bbbfea99c5020384f94d36ffbedc8ec1290e82ff01fd7
NUP	NUP-8266	781c3909a75b40961441945429b90578d3f0ce78156f0c8a3869812511a913ca
NUP	NUP-8267	44da86e709812cc544bd66079ec1ba59030af4b8c0854e6895761460a3e5f2d5
NUP	NUP-8268	23497490a157cf758067aeb7155fb2a3d04ce6aa21134dea1b1c732ebab38d70
NUP	NUP-8269	f25c2c7b650d2f8f8800733be2078ec0ce68a6b6dde441b7f63542ec0b4f7975
NUP	NUP-8270	597ea81c7e99594a01bb398335bc8eaaf968bae6d92324b4c1ed6f0f7811b56c
NUP	NUP-8271	d44d686f4503fac4efe0ce27591b948e9b62f5080c9160fbecd9f4d2b3a0c6e3
NUP	NUP-8272	ea71bb5f0c0e6b2304c03158531afd754c3f3c74bc510a065335cb2db17a6e8f
NUP	NUP-8273	f92b5548e870c58917c72a512d4d3040f22a01e4f1338092848c687dc5317ec3
NUP	NUP-8274	1f02995e5d3bbe5f6009d2772a2cc22df218cb101e3d88a02e1ebf72d90d4246
NUP	NUP-8275	987a8ecf9603119efdce8c09ef667d0f5bf490bbde65fa58a342709ebd3a626e
NUP	NUP-8276	e3bfe37089c44f1e971089a07cf343f93fe18acacac57c30183b36e13e202742
NUP	NUP-8277	8c85579df07b495db58deee38773f70b79abe44321b1fb05c006d65955624149
NUP	NUP-8278	23ceea1c422de5313989308c300968e87cf544edd6468498873bbce9c817e1b4
NUP	NUP-8280	2c803d19af333e4df124b0ea874efcd0471ff386d28a9c5daa4e0d92edbe2d8b
NUP	NUP-8281	5ac128fd4bffe5a7013ea18265177b60fd3d2630393ea243db07c5438cb2b48b
NUP	NUP-8282	f1c356db73866f050cd3e47a8dd4193396ded4aa7178ad9ee60d9f28a9f59356
NUP	NUP-8283	ca8430f0d72db99e5b2a4ff185ad2cbdecc74c1116816c0a3e3689d71b213fd1
NUP	NUP-8284	b5f3743b93648dc4e634b0ffff4fb7eb5121e9388263bb9fbe01f32fbe328823
NUP	NUP-8285	d64b55dcf9cbc508275a8970695df31251b4a6fdd8691dd0fd2aa691dcb95952
NUP	NUP-8286	3ec14ddbdbf22cc9e9786296186a5c8424c37d9b212357dedc1391d7d8907e29
NUP	NUP-8287	344fb167303456e1e109a61b26f664255b5792932beb3efd8c7063438bcab4bd
NUP	NUP-8288	06ed5443396e2aa13e906f9fb63d48aa8d0c682b00d0834d1c9a2c20dbdc788c
NUP	NUP-8289	e8f2ac4e8f033781a26817a6fddced29a7b23753d07783f9e752eb32812454e3
NUP	NUP-8290	8c63be501cf02719ccc30b4ed8ecc8212d341004b1b1c1dbfae4b7ffa831ecb1
NUP	NUP-8291	a881eb6f5b15a8a87541f1fe507d55e8f9ae16e2588253712ea5b8afe655cda6
NUP	NUP-8292	fcf2c5d750f77e69953d19d396ed98f578ba28d67b062944664e149ee2d53f8b
NUP	NUP-8293	79a15297506098ae00b3f6bb649972010114b32f3dc0d0e326b9b2d8ddd75b63
NUP	NUP-8294	9105d32c698b684d52a69b1ffc462e957cd45ad10d61f6666ccf3befe0cfadb4
NUP	NUP-8295	d2f2557e8ae853ccdd76777f2740d2cc8873d9b009bd9e5ec47026ce813d0ded
NUP	NUP-8296	87ff20d2655f7714f2ec6f7ec6715bd68585a4ce5854132c8e901ba9e70432bd
NUP	NUP-8297	bfca569bcceb742ce2b1391d47a9dc797d7bd31fe0dfcb2793cd3dc8a9f373e0
NUP	NUP-8298	14d4377788fff65d7f8e5518e8709345757067b5fd585a27125f741b1ced5e24
NUP	NUP-8299	7fd95039bfa1319a015de8dea7c473c9d944d4fd51c969a9c1d63adbc8468e96
NUP	NUP-8300	17706699ac7f54fe2a4531495613049111808b45054a1c7383e11d3e9fae2095
NUP	NUP-8301	60b7b834074e1ebd7714b806f1a8cfbe981401dc472296201fcb6bf56548a089
NUP	NUP-8302	120116878ebfeb3978049f31ede4c2cbd63271d273a528a9ccb66dcbb719d04c
NUP	NUP-8303	fcff19202fa3ae89f587f4c958e28acf4650305d738c8e3243d5a5b44f467da1
NUP	NUP-8304	413f8ee4ff2e79f71d44e96de5b3249a3331483aa219cc24848dcd64a9133493
NUP	NUP-8305	055ae4adafbfef2fb6c4ceda6bca9aa2973c87786465d02c922971ef079f8c2c
NUP	NUP-8306	d36c164bbb8236c1be2cd6e029ec1a4184c574e46cb0ae3c664d14f34dcf6458
NUP	NUP-8307	217065ecea162094b3f68246001cf2afe29da302d90d2b24865a365beef94131
NUP	NUP-8308	9bcfe6482a3675f71e7c6a8681ca409249d105d3023cd12243b082bcb3e85aad
NUP	NUP-8309	22d58d32fc2447bea15132ae60047b01564abc6a38e471cf700a8851a8115c0e
NUP	NUP-8310	3bf4137c2225d506af1d32ba03eaf054aff937bc3627bc7bc1eb14fadaaefb7b
NUP	NUP-8311	d1dce9c1eafef7937baf1b26a31a72633e53d392ee3cfe3e9c895b3fe320b362
NUP	NUP-8312	1c52d5d8e4f13eff74987df3b93e3a864c58099de6c1bc89670c13965e21dde8
NUP	NUP-8313	db0da4eb4860569781d3e77b0a9a9d6edbb4205593e5adcfac14f2bfb3dff210
NUP	NUP-8314	d4f4b37f545cdd632c6363eda8bc69591abd8b93bc53b36d9891143cfd577053
NUP	NUP-8315	4e9f7ed18272c72ade98d3fb6a6df4d0d81186aa9931ab20858bc16755ca54a0
NUP	NUP-8316	2235bcaa65b8d649cb1e50fe8ff2cdadfc54260b400d1e1e0975aec17c956fcd
NUP	NUP-8317	15c2287a72fa602a7431653835e743bd588bfbfa10e0b1b128029bf1ce8d9f26
NUP	NUP-8318	851c520a4eab1465c44fc9d73cd2d35eb530eaa79a1c37b98937b08b8eebbd89
NUP	NUP-8320	f942504b64a346308937410434e1d660201da1dd9c8f93ea7527153d5db5d731
NUP	NUP-8321	b8cdc41f327f1bb39ba2420323c2b703b3b506ee7c43aef5972d270714b1929d
NUP	NUP-8322	2f0a7c06b5489f559596b7b1b27693702cde4bc0eb2ddd98aa82b835699ad30e
NUP	NUP-8323	0cfc361e9e9269bdfff7a6cc080127586f13b9b3baa3906e4e14456f02d0dfe8
NUP	NUP-8324	0e5fc7ccc61be9c99fa6c71a4862f528cb0badfa61eb88e046109debea7414df
NUP	NUP-8325	f62876507aac3374e7a5233a2a20728f0c7de6a0f68a20f674675bfb4d830cc1
NUP	NUP-8326	7a535b23f6be673ceb5812052e540f1ce0e92c3cb84d89851898e6836df69211
NUP	NUP-8327	8f6780362050045c91ae5cfb6c8ba4e2446817f1baf1ec17d925a0352ae89679
NUP	NUP-8328	842b7648cbe6cb6d1c306bcfe455c5d2c198b034fedd0c64ac4745786b80ef56
NUP	NUP-8329	b4c90bf546925ed4bbbdb60387cedd66eba58136d37f0be1d50bafaa32bacd6b
NUP	NUP-8330	1cedaa9006dae72624d94a3b8197684b6224aecd60fee26ac284072e26ed8160
NUP	NUP-8331	1c6cb879ac1c6107789cad50458cb7bacc89d7077fa86141163e1e374f054195
NUP	NUP-8332	60f711be7725ee18c6c5d540b45c6e80a19cafca308055777127a1e1262cd6d4
NUP	NUP-8333	4da4887014fa7068d3f59f683b41a8c4f6b5f419a61c809cb6c347fdc8f3a7e6
NUP	NUP-8334	fc04586b4a7b8d0724d1160550f0932bb2b4d5116819b673aaf21862280bd4b5
NUP	NUP-8335	ccecbdcffaee954c53f2199010606f2c2c516333bbf82fa5731e41a033e72ecb
NUP	NUP-8336	9f6a590f0aefd86a93d0e62b0165887425e0435df2264818223f7690fcc95bc8
NUP	NUP-8337	638f01dc14980b06cea8bef1ad5d82a30c0f321365749daefad66e7fbc947556
NUP	NUP-8338	6a9a6bc07db5431854ccfbea265e87ea7a193a98fa5ca204538b60f4f3769392
NUP	NUP-8339	cd0a85a4f7d53b2a1665384a9d18c6d82d6951440fb172b226b25119756a3da1
NUP	NUP-8340	7ed1b70063d8fc9c912d3dda0149611956131f9c30d93e92494564590d646b5a
NUP	NUP-8341	20eb468207b99e7bc1a8b668d94437e48356ab6287d89f897514bd4b6ea0d091
NUP	NUP-8342	6124bfe677a330bd3b5cd54e41e13a48ce6a5889a7c0e9b53d1431bde4c6a57f
NUP	NUP-8343	52d746058bfd9524a1f07ce0792bed8ee016a9c269118908b9f980d7a7a5560d
NUP	NUP-8344	003d79e58e6e180d19ab1c299fc8ab26effd141788411c49ebbc845741b96aa7
NUP	NUP-8345	8c9d4570e647e57c2e5b1950b19f04ca34d4720dbfc3013e0612d32369d965e4
NUP	NUP-8346	e317760b08fd154a406301a9215886ee7040098cd434885544255befa9187cf8
NUP	NUP-8347	8ea010e5c7b82415572e4cf19c2e9aa4267b5f3253fa5fbfe2695ac6ebcad444
NUP	NUP-8348	7282f9882f8980a4bc76b727bd0dce4bb8b98f025934049891dfaf7844678924
NUP	NUP-8349	78c31825687222477e6c41a5ee3484cef97bc1fd7dd397d79c7bb511d53c86e2
NUP	NUP-8350	ab198567affd1c2ecb2a33e1fd2f65c91211048ddef169b97ee2401ed3325570
NUP	NUP-8351	b76dd6b23806b037d86285cb9b1f238920c4f61e77139ad3580a4a93d9b5d019
NUP	NUP-8352	5751aaeaebb3394732cde3890233e2de10862f4756d00d3ff13a2fcb208cbfa2
NUP	NUP-8365	c65ca723ee95cf9633034966d69d5f95a84b36d7ac868092c18274a3c53c2206
NUP	NUP-8427	d21b361353adee7be055066123b9fa14b00d17f4da3f08cf957062f73555c6e6
NUP	NUP-8444	173506bfb5cffc3b3d4093881ac4103ad55028edc9973cda12831b6c0e7d8999
NUP	NUP-8445	62ce80cbc46ac6a3cb99e9e61a32b279d327d1751b93a716d6d0fc5cfd9b19a1
NUP	NUP-8447	14142454e6bfbbc1f70368f21f9ce47cea0d46fda7887cfdbe67551d8ce89dbd
NUP	NUP-8448	37010eeedaed5b4979c1932b3f70b05715b32ab2372c25d2187e16bf88f45c7b
NUP	NUP-8449	d5c0eaae25d468bea353c272e4dbb21e19bf05b4ce28370cf7cc3ddfd4ab381e
NUP	NUP-8450	aee120053164cfdd14541a7dc6962edcbf8861bb4d4c99670161691c28175c52
NUP	NUP-8452	b960356db99ddd5b5290f3f6f9eebf5f84140ad83335413b19b1fa209f85b5ed
NUP	NUP-8453	eef40fd67c3aabcfe30b779e074cb505c45c2bdcb2699f5b3a7f2ded3ee8862f
NUP	NUP-8461	00b1d7abfed2d59f105c8e2906f2a3feb5fe8ddfc2e152230aa0f51109aacb36
NUP	NUP-8462	567a1b6b22c42a38d0ed8cd9706e646e63e231f5b0ea753d0353ef54eef1d70b
NUP	NUP-8463	1e8e7a78448b5db7f885fff731a585377bce0f58ebbe2eb9f95def6958caf5d3
NUP	NUP-8464	09a98d1928434625a607e291948a5f344ca04da47e5477c1f9451b584164c04e
NUP	NUP-8465	8abc344fa2c84cd7a33df06dafac266057d2c05fb89c0ed9a5ec83518ecad982
NUP	NUP-8466	0f1d5b5fe80ffc4f8521beab4ae1a66ad0d2be06c5529a0d65a955578b6c17a1
NUP	NUP-8471	1c2638951c969ba064c281886d575679828eeb3eb93a3573abde045221e897e4
NUP	NUP-8472	2e19481ebf2edf10f1c790e9686c4db4a1d30a5bc3c080eb7adb249f369454fc
NUP	NUP-8478	f4ff8f3d8d1d7a4755e11e4ae57e7215ff267361aa4601d3ffb2f33c17adac20
NUP	NUP-8479	53ad2bb59e033a4eed55c98fb1f196657ac515ddadc8341621de572aa6f2d132
NUP	NUP-8480	096affe7dde5069d3d49966de155f753bf440bc18795a849bc4b7f07a2248192
NUP	NUP-8481	8a26dd41d09b237f981e0af4fc4ce12b3e34450492e8d83f466f2b4e15296eb3
NUP	NUP-8482	3e3de3db102a308beea88f853f2bc462ddb7b9d4110cde721f491aeb46945316
NUP	NUP-8483	d9a80bd97548208dd38629585269f5d08f1968e276e5b6a5c57590869507ded3
NUP	NUP-8484	d710d2bcca2c4f2fc37da5ca04af3e5304810429e5b86b7f3e3019634c298681
NUP	NUP-8485	162f83ce84e09520e9ad87450db198a4acfb74d4dcfa5d4c320a28249a1d5659
NUP	NUP-8486	dd5c640a53b3df72c7624d397d2f44ee816a2eca43fe375caf1bab27cd7abac2
NUP	NUP-8487	995720b0d3147b63a5d9d08853a556fdb68382427b0c8c5e60c6cb443a88d600
NUP	NUP-8488	85ec1c68d736cf545315ced6927632e87a1a53db9b2c4aaf9cf2ec39e54d98a7
NUP	NUP-8489	db729c984e1dec4b8babb43bef1ebaff16ecba5ba646afd8fc0c8fbc103a606c
NUP	NUP-8490	9344b33c45be0cf80d2c6aba9d26cf7bf97ca3bc7cd615ac126f18543c72f826
NUP	NUP-8491	3fc796ab53e3d6c9ab49f66f837b241fab555278450a7d67970cc1a3edea54e0
NUP	NUP-8492	70eb31e41a9b9e5089c6e16079bd7fa17bc684fe3cddedbaef62a33670695c26
NUP	NUP-8493	6fc4912cd8ebbd0aea6cc9b5e95f9aa2eb128a6fe516b72f5f3c1c59c09c8413
NUP	NUP-8494	070bcef6058bb4e4b5b60ea8d75bdec24a091fde2d40f90ce7a6f16e0e2ffa4d
NUP	NUP-8495	95c1838f9d43cc7d36596d72104819915da977a208790be059c4cbc25658d023
NUP	NUP-8496	b3c750558ce23b50a666f30509730cb1cd6b577872df9e180c43e5299d0f6db6
NUP	NUP-8497	4864944cdbf270c5ec01e9bd686cb434b6325c66dfe496c8b71e15575eee25ca
NUP	NUP-8538	dd285c50a0be8533521ff5a358724292f6bfae05de471f035630606e4b7cfd38
NUP	NUP-8539	ad45f716dbdb80fba3085ab064a640c6870d41ac616cbe00669650d8be336f23
NUP	NUP-8540	0e22e20bc795cc5dec889f5044337cdf96f99b19804412f1954d2e99a89ab6df
NUP	NUP-8541	26e5d0bcb21955aa2aed2b362abf20fb0dd85d43362d77c8a2133dafec7606a0
NUP	NUP-8542	3ae7d2f9fe4a45b896001b84a3f41b65b00e26e405c97f3489f881468b688fab
NUP	NUP-8543	b07bfcefc67bd0c878cc6a1ac2565b0ae27f14cd4ef7c2cc5bc6bdba351ac539
NUP	NUP-8545	7f60b1492f9d06ba078a9e909f1179e242b845ecd4609d182f04f920070451d9
NUP	NUP-8556	de15ee1495e91e822d4dd643c2f0709f4e684a164855487505a6967caf59dcbe
NUP	NUP-8557	ee7c11c367c8c05338806fa9c2b0540460ee54f077c346877f9e8cc5a498e3bc
NUP	NUP-8558	bdc8058d8d0f55e851aaad66d92c117f90bff6d5b06a043d63b532d7258c2df7
NUP	NUP-8559	428921b05b26e7e31bee2b91ab3bfdc7e94f131b419916c00444449c19d65c3c
NUP	NUP-8565	2a6c0ab5eb824a668403fb7f628f6a275cdd26cde7a5e597d5b0b45417019537
NUP	NUP-8566	57444e4dbec596a11b3dcaac3a8893f2df46dd3c547ef3e7e82f7e2d4062ea0b
NUP	NUP-8567	909a398912eddcff44bb8dbcf2ef757314afb6d503b6e9dc730e961cbe9ecf6a
NUP	NUP-8568	56e35113daaf5c7d20bff809f60bb00c909f135e6d8e4b5c098eaaae2fbf8673
NUP	NUP-8569	e8fcd8cfd3a2d7166ab39afa7ed6261e3535f7f864e28d38a4def952a34c83c3
NUP	NUP-8570	4b4d9d305cc678c007e4bedfa358612e077d13b8da77f9ddb4ffa0a9919d4bd3
NUP	NUP-8571	0dae079caeec82406405e813e184a23c05fcb58ca80928801a146674c00053e4
NUP	NUP-8572	175355da57c279c1c98141d0ea37b8bc3c7d52419f29dbf9f3c8b43638d07df0
NUP	NUP-8573	40d9d83f88c3279790a4f84a610a258425559ac486be0eb7a16e115a175b1926
NUP	NUP-8574	3df7c44ba50b7ebf66215c1a2eee1507cf2da8ef2637b3590cdadb2deba6e172
NUP	NUP-8575	24f2bef40f9572ede8532ff7c89cd68f566364af591b98717b631dd8b4ee98d2
NUP	NUP-8576	1a20585866f944c28c269750794d5fb30fcce918db0bc40d4361ce0259e4a873
NUP	NUP-8577	9b34d117770467dc8bddc7869d91ece3346e179be8b06bf12c36099d0054d27f
NUP	NUP-8578	f7deff0858e2dc869bdf0f4b7f37c51336cf5f11f434d4e3aea2b815152287d4
NUP	NUP-8579	9b0f2fbd2d8cc4d8b34555af1349402dc65e6fa1de5c432a4a4b33819855f028
NUP	NUP-8580	fe56a7a84f339f31d127d243f0ab1f3383a8ec58b02067b716ff1bd6019e0051
NUP	NUP-8583	8e0cbd590546d9b08b8f9d5de523a6bf6ed23d064ea5f115335f35f195753440
NUP	NUP-8599	fc643c4751ba83dcba02249d775faf3759b7d519cbeb98112f80290d4445c6c4
NUP	NUP-8600	f8c2bb81a843bfc133a71cfc903b0c500035b7eb247a4c8045c02df09d9df01e
NUP	NUP-8601	04cf78a16158a1ac2f010634eb565d137a5d400d2d62e030c42160724a9f0d8e
NUP	NUP-8602	567988d83258946b9c3905a7fc2996dfb8adb8d2a0a07f22d5f67b7aa44792dd
NUP	NUP-8603	fe8cf50e8630d45e90cc7efd43ef2f5de8c94d41bd298c44283fe21a404eb403
NUP	NUP-8604	180c02741c8d7765d042dfc824501bb4031777c602cd9fa5176e3c2119762f91
NUP	NUP-8605	c4ff150711408f3b6bdaf71c1385254982e71bc18ec798689771f9c23e87826d
NUP	NUP-8606	4c0dcade2a4a5a80ec1038e28fc365ff15c334937ef9810109527646895d5855
NUP	NUP-8612	a0c5284edc3ebaee6ba2a36a2020c7f198154d15ca978d2c21cfb82b13251759
NUP	NUP-8613	cdb29de11118a669785a9afa569871edea9689123dd349d5d0e73f769993a692
NUP	NUP-8615	1424a8d7a6354b7bcc299815f36063c269e5e7984428bb08230676116d1055e8
NUP	NUP-8616	26a5cc0b5c8fcda7ec7dfccfacae403f5ba81449031e8c27790b55b7dbecd76e
NUP	NUP-8628	594f5f0bdedd3e8df477c0da36adfc25ef65d38ae542f688ed349fffdb8d0512
NUP	NUP-8629	fde70722bb27edca7dc7eee04937ecdacfe34f11d48cf4bf5375002526305122
NUP	NUP-8632	6aff3285ef7410ea1fdfd5ba729bde6923689fd7046ad39896ba8c60f6efe080
NUP	NUP-8640	75f173551e65b7f69ff7ae4070c709ab676490b23c150e277272623e14cb7485
NUP	NUP-8641	4ca1d58cf88e55bb5c52dc6f293f32ab6b2f9d0763e840bb33f590f7c868c80a
NUP	NUP-8642	e364c17708ec2219cf4875bf98d1e0427a8ddf8c96fc6058b067af28fe965321
NUP	NUP-8643	d435173c096098c9a1030f11a2f3d21e377f1d0aace96b0ff9868a3c769c0d77
NUP	NUP-8647	2a304b58723e62302aa64cbf817f551b1d09e33e855622339e22310e9a1cce75
NUP	NUP-8648	c0925cfed908a355a6fe15a41958d51cb6b4558d5c1d473940f4d20f4be21ee5
NUP	NUP-8670	2fc809d3c7824b63f8abaee6983fb6d91ee91abebfae30e7b04b3257f78e6107
NUP	NUP-8671	951215869b89877585e13985a52ed1f93d24adcd05b5ee4c2291216772ad444f
NUP	NUP-8672	c38fa9d3972e5739e5d4a7923291116fbffa25119437c7a10c68c64a1db46e62
NUP	NUP-8673	ac564e30ef42e2fd149e679efda287869decdb72fe62335577a425a7d59d073b
NUP	NUP-8677	4ff10fedf92bfac8512bd4f54bb36f055836a1fb588fcfe20757cede384f2ade
NUP	NUP-8678	1ba1e1cbe251e144d175756035fc44bd35efd5655ee31ee84ecfea19dd67c2d3
NUP	NUP-8681	869d91dffec69f33f4f1d391f0cd86003f9b46dd7c6336246771c28d964e8ee4
NUP	NUP-8682	aa3342e3b0851531106875b076864f0e4d54813bc90fa927f0c8a10db8dcfb4b
NUP	NUP-8683	af3c7b68c6a2cce68e684cb264b0695b6fc130bfa8c2e443a79382c671d3f129
NUP	NUP-8684	95541020e314fa7a5cad46480f7c16bef11a9f2231a8d467d50f8ce60e3c3854
NUP	NUP-8688	2cbe3e03485e79b13a687e4a45a25428a7bc3babd0d8dbce492be940202ede70
NUP	NUP-8689	a899bb4eb1a85f6208c8c3f338f9bead187f7be5fd1c1a895f7ec092813e3bfe
NUP	NUP-8690	c2cac0369048712a0565b27d9f7437fc2c2789392f648fbcdb5d452c573a4b76
NUP	NUP-8691	2fd6679b1ee70b2ebd350980da4a842a625434bd3e65428585fe22f608a2f2ad
NUP	NUP-8692	02b0829f69fbcceb9bbdf8bdf5928d031cecf1e69d1a537378b14c49740267ba
NUP	NUP-8693	85aabd8c5271eae8ed5656aebb596355909ae90b7655514d6d284da8646b2280
NUP	NUP-8694	f6a5adb39db298e297699a7fcd52e37488416b9f27ba6fe1faed9719d8021a55
NUP	NUP-8695	b969b09e980e0cdda2aacbfa91fa247e0d845dbf87a1fbfada8ff008ed72f6fb
NUP	NUP-8696	4c9e2e7a47ae678cf5864b0f83256b3a1252d115d4a0194665e42e57f5e198ff
NUP	NUP-8697	e25bd90f4c7d6c6b511d518867bf8293b8455773f0c0b8ba6c40b041a2820ca7
NUP	NUP-8698	f2e8ee4f6ca4125d9d3da16027170ad2c2a9b2ce23c91fd22280c06576ef23ae
NUP	NUP-8699	25238301c4ccfef1c5f4f3f4fb2e1040526e18de04abe951ee5060b83f42d98b
NUP	NUP-8700	826a3b25cfb026bfcde8346c380a597b39b2c6643d97b7870364891904d225de
NUP	NUP-8701	d312d4a10d23e053c4aa4a9100cc951de31c4e8cc136b0e2578dbda7bc863645
NUP	NUP-8702	7fc835907107291b3d013d3b20b395475ac65359a1c804ea09d16a9f0bb7146a
NUP	NUP-8703	01999fac9ecff09adeee7f42d25948d484243452357e4f0acd4a2f8f30f56f1d
NUP	NUP-8747	e697346263620e608fd085082dc22605f050e52289d4007d764784ea4c9351d0
NUP	NUP-8821	c84fc4a0fe0ebc4b5c8e8e8c545a037ccb12b51de9eb1474a4daefc01872c90a
NUP	NUP-8822	5d6c6fae6aa833b0215f90d0eeca770d0778f81e21ef7cc46e76ae266ae3de53
NUP	NUP-8823	517729f3fc2adfca57944b1d7098a8eff5c9f4600756ff5391762e002a5c354b
NUP	NUP-8824	6004428ab5f95f9485393fe38560fc1cb054645daa33fda00ad90173b3c17f9c
NUP	NUP-8825	fbdb5d81217261cfe35d65adc430bda8a7b4eadf1362a32a1396ac629b6e1020
NUP	NUP-8826	e90a019ad31da29dfc3cdf00385bc8ca09776fa9c984ff52b2639f74b4a36562
NUP	NUP-8827	d823329734e7da7aa2d8c1d36652128a8300fa2913bc84e86f1c33cbc5635699
NUP	NUP-8828	46a17cb55e0485906b3502d03dfdcfeb2a80528a04dff9468a2840b7fa91c021
NUP	NUP-8829	19e983fe3135f937f5db27ac335ad58fe46ce76f15745306a832b93f4e968343
NUP	NUP-8830	6a48be65c06c82b347972f3c93328451997b02f72b05c1e9f700ae0eb620e7c5
NUP	NUP-8831	0000760f9a20cb5285eff32dbef00e8b0cd0ed54d49f072bafd2057b7bc0677d
NUP	NUP-8832	deeb7b524b154b514e9d6b82f0cd7532f2b75db034330923f5c2f562c1ac1171
NUP	NUP-8833	0194e76cc3a86ef75fda949e6474e1bad9979194a09f41e57131dedd563fa8a4
NUP	NUP-8834	fc7edc5de44e146e457718bc3706055fe2a0358a2d72d93e11b37171ff465faf
NUP	NUP-8845	f7803d1265ee2f20756a8e2f539078bf85f0372c0746094d8c5661f6c5cf1e7c
NUP	NUP-8846	7cdb574cffb490f4fb48943d82da5eaa8a39bf41df1d6d86278a01f1bf7c0da1
NUP	NUP-8847	f3e60ea33ecb85bfff9baafbb833f207582517fa1137c5daaa045086c5d76b28
NUP	NUP-8848	5081a6e06fa9ec3a036ff09eab7f923020d045f9fcffb5bc3a4d550bdfcf49fc
NUP	NUP-8849	b1615b49e1334045d4dd3905210f2d6a0bf92bcc5df8003c083ac9ed527734ca
NUP	NUP-8850	dbae369bf4879087ec4f97e0e33e2f9b8805d3e9f84ac1c5bb9bc029d9cde9c6
NUP	NUP-8851	5e7dca1c2e68af88f6e5905380569322d07bce699863119aadf2ddc7b1f372f9
NUP	NUP-8852	18c5148ad7b0a44e6f8af9cdf934c23c5ddb1757e3b6de10c2cc15de35362d31
NUP	NUP-8853	a1f88780dc9a07f9bf73f722249c513d6bcad2a3824dd92121c4a9b10765d368
NUP	NUP-8854	a41bb2782ef8f10ae515acdb8e02120caec6421eb54391608058e8360bd0c81a
NUP	NUP-8857	e76c6f526b47a54c02f8f323c711e0e310c49381dd7654f5a9afeac3a0df025a
NUP	NUP-8858	5b0aa80871b69f205b1fc2e9180fc96d0ea78990ab0cdcb68ff40ac4cd46dc4c
NUP	NUP-8859	0cf0931d990b90caceda5dad752e1fc16d2e43f34fbd89e1d85a4bba30f6fe17
NUP	NUP-8860	23a4c92edc9fe993ec36d9a9984f779507a42b41fb44cc24945f44246622fa5e
NUP	NUP-8861	a0372c7071ed2622af7e489e0d540b1ce8c89d11032170bc774b4c0c35c70e65
NUP	NUP-8862	d98b8cab7b811e8962d42edbddb2b80e4474cbd5dbd66565160ee3299e7a6bd2
NUP	NUP-8863	1b97fbbb3dec6487132596018f5c8fd83dfa8c6e4b573b4e569eba9203ed4b2d
NUP	NUP-8864	b3efa7f29c153008ac637520bd2828998e341f76c907805c4bc42ebb871da351
NUP	NUP-8865	8b0a9ad7eb948b86a1d584782e5d97804b43ce4e42038c46fdff2e6ecb4445a1
NUP	NUP-8866	060bc5e97378b601cb9ef39b67c80fee0b9812443b50e6924cbcbc1445309c28
NUP	NUP-8867	f05f8c152c42b320b895a83066d61d436b37dc885ee3908fed42cc7b7b0922bb
NUP	NUP-8868	d83723c6e3f67b7262de0b8521a332714e15dc089e4ad692d7cce03b9d15544e
NUP	NUP-8872	b993256bd7d81ff90317e9d3fe323a8d5ebf6fa4fedf26267f63b088cab47a50
NUP	NUP-8873	5cf677cfd56f8d5bb6bfe7f48a7c0bbf14f67b6ec9f22ab5e57e0fbf9c05df84
NUP	NUP-8874	4f0594aa364aea460fa085c082d56fe8a04c81baef64a43146fea7bf32b1bcb3
NUP	NUP-8875	542c38477f58730c94d8ca20cb8785674bd8ed646cab5bec242c0c81cc8cd6f0
NUP	NUP-8876	cf888f64f658eb8c3f9db3a1fc8a9fbb1d826589255fe5fd48fe93d13e82f80a
NUP	NUP-8877	6366d256bf672ecc0358c83de43af0057cfbc75354941d01cd5b2e40cf2b7879
NUP	NUP-8878	239fe8df8321b737526ab72d4b2cafb3a809e97f32c35a87b1d591af7dc09645
NUP	NUP-8879	87ffe51329e1b939911b48b1b04f501ae61bed218f9274411fae5b29d2eeb3f4
NUP	NUP-8880	73264345c470e68c3252d24e2c9ad6cd674c57dc7c708f7a2aa721cb660f4423
NUP	NUP-8881	5da812d77ea17f332a99ccbac7e67d4dac123edc700bb2d362da2270f84ef30d
NUP	NUP-8885	f507544bb298fe78e47cdbf406c9545da28cde867a3aec9a84e5837368820e2f
NUP	NUP-8886	0a06bb612b89bc2c0684db6db587d7de8c58df6c1dbaa86240bb9546027e7191
NUP	NUP-8887	3fedff08a483917070b356d9b6fc84f2a7651190c43bab0c45616862e546f1e0
NUP	NUP-8888	36849dd76401581f13b2b3b47b4bb5e528f4acba7efaf84525bd9ec053e734c0
NUP	NUP-8889	bab24e2560df4abb13fa7ba1bc48c3c90b4fba3d5d40d270d4781c65ef7acc19
NUP	NUP-8890	a741d6214f06840e58020371ba28c2f7bc83f67b1051c21e3368ebd011b4d789
NUP	NUP-8891	664fb09f23e84e95fac7d1f40aff4b697f6eb1afd88fc66a5051e9965cd87f74
NUP	NUP-8892	e8d89dd9b3c620e30b026fba786cb8756f57b78ec87618d5b558889cb79fa954
NUP	NUP-8893	f6a6031a78304a628ffd786862f8c42a5354945c533611d862bd1f0b3bd2b1a4
NUP	NUP-8894	c9feede56a812e82b330f3c3b50fb20a71dd9565a51ba2dd144c5a7c205ebcc2
NUP	NUP-8895	73dcef3306ab5ab0a7ca43560f361566efa8eae7d67870ec21d9555c1b385919
NUP	NUP-8896	cd906fb8ec1b3869642a981ec9890bffb58cc2cd3e30e78ea5a2e508f57c4b02
NUP	NUP-8897	106649a2c68d0b4c6f850f2a7d3e5ab52cf1f546a5edba7893efcad65cd19883
NUP	NUP-8898	b45c5b10a8a4f57a369e74cde91abcd2f50f6fd8f3eece264590d47cd594cd07
NUP	NUP-8899	948d35e44054b6ccbd6a6697385d5d663903915d2c0d6afe487b33f2b242872e
NUP	NUP-8900	6d13efaa4c113d4ecb87389ae0838a2904ad741affcbd5e8108a48ae68cf207d
NUP	NUP-8901	fed252c42717b40688a88e4e3c1e33e8d83fcf193ca02f62e36cdcf438741b51
NUP	NUP-8902	1b421c5928b486d14dc5837228c81e04f66c1d0aabb83f096e62c4a60590bedd
NUP	NUP-8903	aba0ebbe6c4164a9ce356828f4bf049d224a0629a573aacd55aedc4fe0c208aa
NUP	NUP-8904	dcd1cf75bfb6633eb46aac7dfb8e07eb54f640adf142d69fbd226c154df9c604
NUP	NUP-8905	8557c1629b13251927ba3126da9faba9d56b988b8f7d63e559358b98f8e71943
NUP	NUP-8906	c01fc72a14bc29c6ae8e41316df46dd4c57f3ad3374e35687cdda353060b3d5d
NUP	NUP-8907	d1401019c7482623abb10c29b639b7f23cb2dcd8a792d9cebc6467d11261986d
NUP	NUP-8908	6a5338ef301e4b306fde092ddc6fda13da4cf8b0add9413bc3c0203fead1ca01
NUP	NUP-8909	14b5e95c03d7cc784c4c3fa1fd49dab5e4e341d4bba8e8cd11590c57f5926f30
NUP	NUP-8910	f4dcc3a2c9f6d7afaafbbfd5037fae3dceb93ef9b5722f9cc33bacf34550fb46
NUP	NUP-8911	099b6d99d7db73f0b8b7bbdbd90fa0dcf23b5ff6ee17c485c1d8d7b557bb1ff3
NUP	NUP-8912	549d7498cc764e4b0d9d8b172b8f920f274a55709a1cf54fcd9c63ce42a59320
NUP	NUP-8913	0a4cdd1026f6542eee63baf7468573ead3787ae6f0b3d8d7c024050f9f45fb53
NUP	NUP-8914	
NUP	NUP-8915	2f3607237aabde4d32645cbe47377ad6445c2ec59c9c13d854637aece505d686
NUP	NUP-8916	d6ff8b03bbddcbc0f0af3acba3cc8a661e609e9236cfedb7463edcc42b55536b
NUP	NUP-8917	c0d2e8e243a241641fb9515f9f8392debec233d3dd89c8da23b7fa0bb4b834d8
NUP	NUP-8918	3105af6c4a3414f1d823cd1c7112a1b41d7cc29ee406acbe4a495c4913dae4aa
NUP	NUP-8919	b85f30a0bc05fdb8f734b467ba01aaee72c97b25dda23c19e3d1f77816f1119f
NUP	NUP-8923	5f7a1d6f957066edc2d9f6ae9c3bf90e4a1686c38779684b06dddc4c7c9264c8
NUP	NUP-8924	e9c15177e2117a29f117d32467460ff6c62cbe14cce788590d570a38b69eb583
NUP	NUP-8925	f257c953d721ad8cb292709f562db42bec2a1b401d2e533bc7aa94fbe69d7ff9
NUP	NUP-8926	fca1a80e398a70fe44b7730ee0712e2e9bb79eee8d9dcf755d54991d80e0ae95
NUP	NUP-8927	227f5a7f2243bccd6cd639f9ce48bc4eb9c3fe69da81d319adf6c52b85bd13c5
NUP	NUP-8928	464fc6547c0aa051ea4cd3cc4726ddfb5e0fea74e0bef3b670aaa4048d28ee79
NUP	NUP-8929	4d4c086fb226c22f6acb334a8ffe2b47f439a44e48437f9c5dba7a377becc09e
NUP	NUP-8930	ba50ae72291a233a1d2f3ca0f94c0f3c5c420b03b4729040a292319e29292378
NUP	NUP-8931	8bfcb79ee5e1b7e7917ac68ad6d09f7f25c92a653f29c5c4a26c6c83ebc95975
NUP	NUP-8932	1e3c66ded96115930786c0ab1128533637a19f4ba0f032617fe6654116a3d083
NUP	NUP-8933	46db3386a974354ecc0e80e7bd276c50a56c63a65fba8c777cdabb4d7e7ca5c4
NUP	NUP-8934	859897c85dffd2edc4d02d2deed4438585a6f000351d0d852cd6f7143bf4d1c2
NUP	NUP-8935	
NUP	NUP-8937	523d25f48b85ef8b4da73ab5bb365c3cfd7117d9c456d4f3ffb7cb4b33412325
NUP	NUP-8938	e92214c845a181c76e948d8b190fae5e50a16181362a02afcc152fa4d96e0ba6
NUP	NUP-8939	9a0c6d4cf9399b80c816af79d2c3c6bf27e8dca7f0c2e64539bf08bc0e6acf3d
NUP	NUP-8940	f0a323435d15230cd771fb6c94a322b8ad68b83e9734f40ad153e6f2f5fcdd81
NUP	NUP-8941	0e3c126a89ae6f192ff461217f28f7831c71c2e53e2c476891ea707767cc99c3
NUP	NUP-8942	fb3a5ae2848be0e10bc88e584cefba4823d972156e65023f5e0a20cb5a05174c
NUP	NUP-8943	21a21743c089a49cb8267d46f3f5a2cc13289b660577a4e9acc7bef9f59619cd
NUP	NUP-8944	ed67567ec11c10e737a54f1cbd265d3905fb9caed3140671f071a8043e1d1bc6
NUP	NUP-8945	1939ab0700850860ae80e0d1615f83e9edfa51a9519bd701e1937cab39657019
NUP	NUP-8946	3f2305386b8ae56867b4b3741f419041948d677fa4f1691b52dd6eef8ef37760
NUP	NUP-8947	2e19a6151f82755d68638b0a372e07df0c402ad50a354bf9f054f5b1987b33cf
NUP	NUP-8948	b2b522aea5c4446495bab9bab2785f36739ac05830d8f84baec4d0543ff45d15
NUP	NUP-8949	e67c764a0230271144897a343db98fd67ae4676c7e6817cce7f9c6574c71269f
NUP	NUP-8950	9e3846f0f244ad4a35bdf7b36f1323bd59d55145e7606ce8e38c6d87301556f6
NUP	NUP-8951	24e98d0f2661f94e4645ee495a28e59df58959a935146c0e32f89dbde9e2ec4d
NUP	NUP-8952	136065aec6b9c752f3acf61cf6dcdb56795682f70e04a352fd344779e30aa929
NUP	NUP-8953	eb0fc16a6b944a100f8b988ee8129116b899787cdfee7d92fd10986df65bf8ea
NUP	NUP-8954	342caa9bfe6e35805d2f895a169ad6c7aac99c11ac49de632db34c2c6ddaf908
NUP	NUP-8955	98df8237f612bf954c728ff11921c5037f6ec9b481aeb2396c8eefd9c8541423
NUP	NUP-8956	1a65b0e9652dfe9d0c720c080a7fe8ba0d07edbde0ab1cedde5c81017d3983e7
NUP	NUP-8957	7bb9100bea05dfce666b418abaa4e3f32e48472d14ca2edbfde153295427fae3
NUP	NUP-8958	f08812dc21716ff878f3c160bba9a2ccec58d9c36c3c97f6b4c8354b5981f8cf
NUP	NUP-8959	30abbc5c1ec39fafff1d86b7ef585fa3f25f1d5da467903c59afd827f81d3bf4
NUP	NUP-8960	8f3b81c1dc808bd1aebd1ec561baaf8f577b18ce70067a3551474e134b773be0
NUP	NUP-8961	54cbe6b3992bfd2a8306d3b58c96f32a9663c85d4a40fb3566b0024fdfe6cddf
NUP	NUP-8963	a5f122d0fa3db0be1322fa29900cf0536cc8c3dfb6dba1a3d4c8f22f9f933074
NUP	NUP-8964	619955cf40e8d48bfa4b736a4aa88ef94511d270d6942ee7f63a31154374950f
NUP	NUP-8965	1246fe1153d9ffc3762a3b3d83ac0cb7962deb8e9a75b39acda87d436ab828e5
NUP	NUP-8966	3c9cb34a91b72ddfb854ffe1dacd86bb27e84fd3324d84d7d865ee182c540351
NUP	NUP-8967	db46423156f5db578830d988a0b8695c4f580c3587edaca33e9bced7e0a6e3de
NUP	NUP-8968	82f7081bcc5497a6fb2c9e5391eae692d3c00310488ca83fc0a9ef27230ce6ef
NUP	NUP-8969	b6b2502590f9045d568a15492bb4f3d0a3060d4590d4d18ff79e15b04032476e
NUP	NUP-8970	374791cf2485ac626c58264ab9f6cd8ea052bf80f947f0bd7a3d5b103f1c8040
NUP	NUP-8971	1ac5b8308518bbd052907bf7e4b4555595e7a16d31cca396f82761870577d7cc
NUP	NUP-8972	14f39e5477f3600cb74f2df51a36cac8e0d517a3ce80eaefad8b1b7c44ef6d9d
NUP	NUP-8973	2c03efc522fded862c8e95b19e64c5c36a1dbcf57e835d7a3661ece679ad77ee
NUP	NUP-8974	e49c227288b9175c8a53d81154abb2960671a56560f073684d45d2fe60992be3
NUP	NUP-8975	f0796326b87ea42bebc28626283d0a8c903118c83a282d01a2b154bfca1cbc69
NUP	NUP-8976	c826244ade575f270e57b558a1b737e5d237937fb1cc92d176f535478d18cd4a
NUP	NUP-8977	47d0123e86d6b6dd6ec6d145adcb20032bf73f5e41d4162cbc1915047784dacc
NUP	NUP-8978	c6be364e89b961f7692cccdc8e7f3f7cb1025650adfc9db9b4299e5eaa0ec2a1
NUP	NUP-8979	514f566eaeb4d7c0941ee8b70e099c28951d8f0ef759a3046a947ff8006765be
NUP	NUP-8980	df133b54f6331ecc38cb3a798ea65001f8ab23f037ed6167e39a879fb6c39913
NUP	NUP-8981	e8323c113fa4898eecf63d60304aa9481bf6c5f8f197415324e75007de452902
NUP	NUP-8982	38b5abd3f73d0967684567c7e5894d9e915c3a99149cf71d64430b427ebcc6d0
