PWBE	PWBE-492	a98095be17577cd63e71410d96149adfb1ca2c18e304cfeab3393b8ee2537c5f
PWBE	PWBE-493	ca5bfdfc0b54ec6050789e2010f5da0dd3fc4ba862bd6b9bfe742f5670afb086
PWBE	PWBE-494	93626a84d65aab75eb5b20c65ce06b9232555d558c7a0efb50ffb005775ac839
PWBE	PWBE-495	de113da2a976315e0707cc2e1f4509083164ac4a9c3d067d7f9600a4a03c4a7e
PWBE	PWBE-496	114b24932365c719586e36163ea6784844c534ec152aab72b68f10f10f7e8e40
PWBE	PWBE-498	14d53c9e69020e333ce4c0c9fc72cd962e2949ecab6a6add2bda3ff8b98381e7
PWBE	PWBE-499	d16d9d8d14f8dfd7ed367d0902e88ab44fbbea50a199365bc0e8d598004067e6
PWBE	PWBE-500	f6203701203a8038238cda562219706fa3231cb0684007991fd2a6c2dc0b7623
PWBE	PWBE-501	a3c3566ff9d0cd8c90bde8825428bbdfc9674bf44a69201a9b4f03383d35c5ca
PWBE	PWBE-502	a5d5ff6115211e2265fd6ab2d4d172354ad2ea5e10ac628ca451e6ab95589234
PWBE	PWBE-503	5d2b714a572446b2418cf4033b948330c757e92c2bcc9af82ea7b2c231db291a
PWBE	PWBE-504	42fdf0585ced5175b3096be2da7a4076c7d755ad004052bd955645d17c4ded91
PWBE	PWBE-505	de38685843288bc2755a753009e991ac6c8ebb5054cad28b34daeb1555eea748
PWBE	PWBE-506	3108d54448fa21e250d23b30cb63f4769fd668df5778b3f0589a63854049c57a
PWBE	PWBE-507	e820166e4e2a667f5541a7eee4aa32df66fc39701104c3980a958b8bcf735b4a
PWBE	PWBE-508	511b122e0ff2bf74da7227815a16fbde20cd3a972ed9ca64e5eabeb0e908c1b7
PWBE	PWBE-509	921b0d61a624a929caf4645df415ad053cfe2095341731296b8971b46f0f0a6d
PWBE	PWBE-511	99170bce6e59e8fb3c6067ac4e9669c012156be6284b4e20af436ca4a278ad81
PWBE	PWBE-515	6cc4db7d34b5fc301bb79ca52d5f24c7d9c65adc451d72074f69732d34b40e4b
PWBE	PWBE-516	e9a9d31664e33433541982503f9f40e5f9300a0b89e3fbb4db7caf59e3e5b6a5
PWBE	PWBE-517	0e54c369d71795964b20cb0b9f23f7c3855225f575488b5ccde7db9e5a8ad96d
PWBE	PWBE-518	bdf46c46c01348d84b4af811b806086c87b34e2d551fe922d62dcce2c19ad9ef
PWBE	PWBE-519	ca6b3ad7b5bef60bcd03323b3a01c0d09d237b809983a41585745ac5708efdee
PWBE	PWBE-520	83c1037b8fa305f51c3c3289b2da656b6346399a128c2a739e51266a836a6bec
PWBE	PWBE-521	385c32a81ee68f7ebeff806e5050158d6835256e30682c07207a912ce9ea3796
PWBE	PWBE-522	dd05960bad24584066378398bd5f03237803270788d35244024085d877e02c6d
PWBE	PWBE-523	d2bef198fcaf7a5658a205c562e16fc7d288b5f007fe169974dd91b60f9ae59d
PWBE	PWBE-524	b4ced893e62a6284a30a83317ad9ff79177bfb4666279d78bd78f1c675e2ad70
PWBE	PWBE-525	9c025281d8ac5404a7854ad0c0bde984e054948bc7fee147a9e07de3c711d5f5
PWBE	PWBE-526	4ee9dffcac718ec38383a3d3bdb8701b7a5291dc985e755653f7b57b75cc975c
PWBE	PWBE-527	1182191727c520dc436b12a2b7deda4816504af015288ccd4e233b1858090099
PWBE	PWBE-528	c8904e8a2192404749dfc722a3e8f7a3f02a2b407a678d017f0c44b50d3c51e9
PWBE	PWBE-532	e958d9afe4acb252d7fae9d92c9673deec5b29db3ce4031937e2744e056f5c69
PWBE	PWBE-535	c4aa91cd54226ea8eb9cb71e2fc6abdcee1598935e22158011d480a06324c701
PWBE	PWBE-536	cda4706302fd20fa3c684596c9a1b8ae044226e28dad7557ea81d48bccee4cf5
PWBE	PWBE-537	e2b327ad2e0fbff23ca42d725b3d7cbcd30bda33cff3ba2aa2abc1823998c103
PWBE	PWBE-538	14fa2652f8d8b8fdc569ef053d6ac2640615961690ff3d3b1083299eb0119fa5
PWBE	PWBE-539	348bdfa474b6136b162701c5c9a1f208cb7528680ad3449af38c3b8d4911db81
PWBE	PWBE-540	ae5d3855903a2a049eb9a355a8ffc8154269de53f99250ca8f8e44fb258a6729
PWBE	PWBE-541	3a10b9a985f5e3427a1bac3dab30aed2dae2ebafe56daa7fd3d12606ed4a0807
PWBE	PWBE-542	b4246b5f1be4d51aff156e3460abc4a773063b2108812ef9588257592197a063
PWBE	PWBE-543	eadd3f748666bd6e0c647976d4bc5284cbb6b3e85cce0a87b6d72cdf511a8ea7
PWBE	PWBE-544	16ebb597eb9aaa91c33dc02ed105f0031f205a972b558e848bd9c6af991fddb9
PWBE	PWBE-545	c0f8b44ab1c510b8c836968437a3e63b025298397498aafe47f204809f1b7aa4
PWBE	PWBE-546	77b0ac45c520b721449909794f852c376bf88bcdb81f77f675d7f5a8434dd503
PWBE	PWBE-547	ca8a1222c874b66f40f653fce8930c5e163242400a16e72e55ff8ca2938b8908
PWBE	PWBE-548	edee0d5e45eb481abebb837bed614836dcb67b851653b1254339bd91cb80469f
PWBE	PWBE-549	ce18eb3870c9aa6ae90e56aae1a1f6d00337c00ae309ede526d0320c5861ee16
PWBE	PWBE-550	c2e0ecf352af97b8428baae6699e33deba1e6251cdc4b033fa5c89ef594ed11d
PWBE	PWBE-551	40e8d280aae9d58c2a652c9563f2c5b61a0a0a300d51f678b1e803076f940431
PWBE	PWBE-552	b891ba77cb5f48cdac3be052d08ac7557bb322edcbcb758a23d1691bde28e120
PWBE	PWBE-553	99784dfa0a503ab302086863a36f6a88817302405f60bf28e05b9ea720c44775
PWBE	PWBE-554	7f6b9c64d4bc22a2cffe0f41c1e4b98ebdbe204e60ee768dc9ae21ca52bc78aa
PWBE	PWBE-555	4c6db9d7494774db8da0a09b92628cda077745438be0c887baf1e76e35ed69bf
PWBE	PWBE-556	cf2aaa7f4573994471991cc86b99ccc83d3772a73df5dc504fbc61ea71aa4e6c
PWBE	PWBE-557	1c675a7878657d5e1bfd09b0e5e4991a0e40b13fa6ffe80fdb90ff08d673fd2d
PWBE	PWBE-558	42c310ac331af232409733268110b9e334000321fdef2f90d34e6b99d05dd30f
PWBE	PWBE-559	30a1400c0316ae937765f8fe8e4f84123939f5343f275202e8f1a0f787903597
PWBE	PWBE-560	c05c3ee3ce4fdcc02d157766210ad34a842482a1b62d9516a8c6683bc9ce03d4
PWBE	PWBE-561	1912c57c3c17fc3efc07f48e25479ed2b95e041b82a55f59f6cb20b2e9312d58
PWBE	PWBE-562	2e926aa9064ec8faf177b86fd28cbe79042397da3b783b2df3fc7c15200b9d7b
PWBE	PWBE-563	9bfa644694613b54e4456ed64c8b74b99f102afdab685f4cff0f872dfcf4dcc7
PWBE	PWBE-564	b477b485ef11cd7dd7502423f52220a3ee3260e176c54538339b6bc39d26d87c
PWBE	PWBE-565	9e8d239a1ea2b741374b62826fbaca415d05e37499dd857fb0b88bef83ed4459
PWBE	PWBE-566	854880def317c85d59184ff475f2a0591578d5dceaf90cfbf446e792e1724b11
PWBE	PWBE-567	1129805f3e5edfb74f26aeef52bb07a77e5469c2f28645b9d17bfaedc8b332c0
PWBE	PWBE-568	9bcf9dc70ff2a4727b3d9c3e9a4418feb167afbebeaebeceeb3827646131d7b3
PWBE	PWBE-569	7066fdc057a0c5c59679ba7f243779ef98ad9689fedffc2ed1e2d893d9d95115
PWBE	PWBE-570	fc3efde5a6135da79a615722c7d086755b57ae1c9f9e808543e3ec2e3e74af9a
PWBE	PWBE-571	0aadd0de80723a9c6f02df2d144cf46db00582bc0277a453009d426aeb38f3f8
PWBE	PWBE-572	3fc87cd412ea0fb5d9b46e085f3c6d9b4c4ee65544f6eb5278748f01d87cd440
PWBE	PWBE-573	240eaa351d6784d387f1811a44fc9f5f85d10b7fb9b72a3e97e91517c30193e0
PWBE	PWBE-574	4f14f569c4be670951bf173a11f306b042a3492023442b7cb50c7fa3cbccbffd
PWBE	PWBE-575	45d33923f2bbe37cbb841331447cc1f9583f32378c53699b47d90867aa6541a4
PWBE	PWBE-576	a27291d1023d9e11f184d89cd7095ac83af0b23129b98bdf5d2f0d0de58f2217
PWBE	PWBE-577	51c65a86cc896e00c41d4eb04fc34e39f45ec23ac7587d2c859ef36970d83529
PWBE	PWBE-578	5cf2c92bde65fd1bddfae1a64a0ae1ed33fa8acc463fa1796497e85db1177ed2
PWBE	PWBE-579	f0fc063f6444a7bcdf5fccdc856404388e04126796fb8c43c4451fa817ab1713
PWBE	PWBE-580	98a905b7d685220a1d4b43243f878a1b8cd2454382062ef71264c4e099fff118
PWBE	PWBE-581	e9a928af021b9559432f4d92caf8b5e2ef6125e1e27dfd5312c3429482b5c9ef
PWBE	PWBE-582	74697f22724afceab19152cec09415d64ae3fbf20add9f7c6f56cac03f33901f
PWBE	PWBE-583	3a0b101fd4f59421941a335875a888680cc849bcf2aa3e33aabc355f5872dfe9
PWBE	PWBE-584	30540846caa5e7c4ecccf134ba001cbb39a4099becb2e37ad7073f91f96d98b2
PWBE	PWBE-585	f0a03624ff6b15056a93bf01eeb6378a109616509eddafdfa074af37154a0ecd
PWBE	PWBE-586	8abe5f2984cffc22b9673e5b67386b3698550222769b6a500f2e980d3b9da6b4
PWBE	PWBE-587	5072a9bf9d7a20ee5bae6c75fc313d974fa5121f21ce24e404c496a160ff850b
PWBE	PWBE-588	c9fe77f8223d1d7a5c4582ddf211439857c315414b2025b50dd85a610926cca2
PWBE	PWBE-589	7cd916fd43fb3e13e1084a8b08e9fb10f61392981ae1f6901f1b7fe233ec632a
PWBE	PWBE-590	2be4711349bbe237deab49e666fb60dfff6ade388ca3d5158bbb0d66f0a0bd6f
PWBE	PWBE-591	030afefa2ed17e3ed952c3196976e4ecef00d169ac3a8717e4d94cd0695b3c85
PWBE	PWBE-592	6f0806a46e24e178797f7d8bcf7facf72d2ec66557e298bde16c14f4da9ad6fb
PWBE	PWBE-593	e5319f4de865c51545ae0f66f006ffee751480ab87eb91a16c6bb82e7f51be77
PWBE	PWBE-594	7810806abe4186bc82eb5e149149085afae07daabb8d5b63abb7155b77f4eca3
PWBE	PWBE-595	a3c61762e232e2cc02fe6fac3e56936b57118a93646c7a9e60c52a827ced3f60
PWBE	PWBE-596	287043319cd4af9b04bd36d9d4225923d365111b8fb1f4e9915810ab77506a74
PWBE	PWBE-597	d85304903ad3f056d21c8e82d318586aa93de0508718b7f71d4f674effdee977
PWBE	PWBE-598	3048b46f4e74f509d12b90df6c60da2cd1b0ffc3ed3a80acb2102fe68f9c5ded
PWBE	PWBE-599	e8916195f585fb7192cb1f395cfd6c2657166571267f4e3aba4905b40f10b763
PWBE	PWBE-600	459fd30f7ca77bbc598e0035aa5ff53f81b1a8143c11c79092c8a61639b29477
PWBE	PWBE-601	1b34066a7d499bb1bfc774ada3b54108820128283a8883f7bf574ef80da4a4cb
PWBE	PWBE-602	750a8fe880ee8492e04c4b8648cc5019745a068d034b1d13b618aa6d6dc068a3
PWBE	PWBE-603	70ad61ea24dc5ef4e9cf1959f21b8b4cb84cf9de2a309ddf48c32bda683929dc
PWBE	PWBE-604	a4fa0df50a4bc13fe30225ace3be1544e5c5293cdc0edfb7bf2aaba761a31a5b
PWBE	PWBE-605	ca3da780e150defe51182b4521baa8386e9b574c6f12f558ba8f2e2cf981219a
PWBE	PWBE-606	21d84aeb46fbd40cf11f8bcdfe1d47f3b2ca850e09edf2798ab69ac47fa52ee5
PWBE	PWBE-607	fe40ba03586337d15c1edbaa3e7022ea9caa5192573719a085175f9d755af7ae
PWBE	PWBE-608	bfe3e693034726ca811e2711748866b8a9415482b25d13d2c3fe34beec48e417
PWBE	PWBE-609	ceddb25a55dbd117a0035f31eada91497b768a7857193cd0544b14ffb60cc5ac
PWBE	PWBE-610	0b5ed11288f664d5a34099e5fdc020148961fd95c34262b25a7ff04582b51455
PWBE	PWBE-611	8420ecedc156bb27ba2bf6cd0597b84e3894da5f343b8b394304fd36818a34ff
PWBE	PWBE-612	95b73cecf74c40a1f81dadacd997b621ef6ab5692039e39d4f656b763dc4a04f
PWBE	PWBE-613	86db792f979d06353ef548e34ea512452ea535ab81a7993750255c5b9ab7dee1
PWBE	PWBE-614	49bce3e8a561efe66631be3d42946964203648396fd363f6cea937379ecade61
PWBE	PWBE-615	44146ac39a2f094c64dd7afbaaeab25d3ceaa8bd894a4eeadfd7f8aa0411ad4e
PWBE	PWBE-616	de2ffb8d7466d2df804b9ab1ab7e42958052afba32e65dffeea50e8d446d5784
PWBE	PWBE-617	d98b16d503fe4a92fa4130a7970d21dbc5a6b352f110f119e0f2e0510715f162
PWBE	PWBE-618	4fa9efbbd7013b84aa9cd210d48ed35d3f37ee63913a14a76aa67d4af8b94a33
PWBE	PWBE-619	26747729eeba5ed3ab9674697c7d1a9ad0c18d6f66748e6fea8cb912d0f9f30f
PWBE	PWBE-620	bdd9be24b8ffc9622671c789762f82a71b40b5f3750b989e8988cc91ef5a72d0
PWBE	PWBE-621	a97e267305184b8f72a2de3d502eaea5b1fe7579a9b0c3e44ac90c48a0b9738a
PWBE	PWBE-622	8733becc5f2581bed91aecec782e79fff7acd398e839d9fc092f82f591e370f9
PWBE	PWBE-623	dc795923cefe474c89ef9c1824ab6165167a50e36307ee770d79c67c2fcbecd2
PWBE	PWBE-624	c74abda96097ebfb6d891939615d3bc6edc13d751afe9a8352aa6d955886bf18
PWBE	PWBE-625	3591ae0b8a60000c2de3cfcabd763ead4c40bce70798a5e1d5027d8fdc9beb24
PWBE	PWBE-626	1759626bca891a3430f75fdefe7f0b1d883b93c104b9cdbb0405f91b5fa76726
PWBE	PWBE-627	679d5b378ddf4ad8d12861e003fa3331a58bd3516d782f65836d28b858704bef
PWBE	PWBE-628	f741a73664cd8c862a1669555537e5514d645435960c7b6c42da9dcc2252298c
PWBE	PWBE-629	4da3ef4a01cf272578b763bcfdbf6d4df0113dfee3ab1d4b99e024c43d0c422e
PWBE	PWBE-630	4cdd99c24a9ea43677348b109fc3135fec1ddcf80041c9219767b39d1c66c94a
PWBE	PWBE-631	08e622843e45340b370a5304fdf62368e02f6374606de11975f9c2edf751bea6
PWBE	PWBE-632	359c3683e2f5a666907c846e5fd1725aba6c35cd930bb2d3c618620cb8555ddf
PWBE	PWBE-633	83b22609290980780ed7d050e1a174e511794a34e9c6f3452c499d729683d633
PWBE	PWBE-634	d28692109b7f6e012e33d8d5af9be395cc903b4726869ffd3b11b18e890f6e22
PWBE	PWBE-635	c025f618189afa8f2b6ac501f7688ed2d0cbd6ec708c3433461600a626c260fb
PWBE	PWBE-636	3a204c25af56752953d0954e12bcce0eb757bdd5d49c861fc1cc1dd020120f21
PWBE	PWBE-637	5f827910d67f156dc19cb4cb3ec2d6ea034a122d6050da955c0607db778c5a8c
PWBE	PWBE-638	0cbc4974e3ede4b8557749478601451acf249f3a98b55934073419834ee50d43
PWBE	PWBE-639	64a32331555a65ef2f1bef13abc369794b356e609454507c53eeffbb7086330d
PWBE	PWBE-640	74b332ce43c8424c55cbb8298949176a5716741e60e7102cce1817204d030353
PWBE	PWBE-641	292f5112188bb6692579d7ef709b12d622b35dc0db58c9e9b89cfa0844bb33e0
PWBE	PWBE-642	7356b4c5e1bb05f94044343e17ca21ef7a9cd067f4b30c249771c11bd8784d32
PWBE	PWBE-643	f2aa127b2682193c03ab134e3723b8048cee2d22e655304cfa1a6303161c55ed
PWBE	PWBE-644	a49e3a69ce877fcd9b0af20b97251a34fc420025e35e85edcf4b418dd6b59cac
PWBE	PWBE-645	88974bca691125fa73d413849220b0a920c086e3ace0e65b44e8462b5d899b83
PWBE	PWBE-646	78f5952dfa7efbb31c233115e1a1ed5da8edc434283aff5355dd552486420988
PWBE	PWBE-647	7e1ea66a07ccf77ff82e1e6a59402a5f227bbaf1ba336c3b560bdf237bc7368d
PWBE	PWBE-648	81652492a427440d4c29f62daba5853559fefffe6c3e06a7f098381f1f7e8081
PWBE	PWBE-649	351e75df989c94c73908aaaa40b4447fe2fc643c390fe99b403ea7d3562d05d7
PWBE	PWBE-650	9d60cc711492faebe8548877bef05933a09b71e220f066f43b54dd95a7676273
PWBE	PWBE-651	db7021f0467a999bd69dc186916f7f93e5473ed52a0e707ec519eff1df2c9e4c
PWBE	PWBE-652	700a86897d48d4f1c86c68793108bdfcda33b850dde5991cfda4e8c7128747a7
PWBE	PWBE-653	5b42b7aac55af922a2baa2ea41efe05ec63831cecba8f62cdeaecbcdd7e075c5
PWBE	PWBE-654	fa221c6a4b3ae74bb395c766570bd3104cc89ccc9c2c17fa6bc891707e1ad747
PWBE	PWBE-655	8e6c03849715b455ea7f26ea26bdeb39156fba0943a9c8f8306aae64e0d5cb86
PWBE	PWBE-656	cf568e69d14950a36687c166e1b544eedd48584ceb7554d531e5881862237747
PWBE	PWBE-657	af423f2f5d84523bb0c6f17dd65ce7e0eb9b55a005895b929d59e33d54d13aa6
PWBE	PWBE-658	a95a662d2faebd5e9c3f55d4a9c4dbf32a5fdb3ecc807b1cb1f7ac793cbba221
PWBE	PWBE-659	1ab38d7617ef9d8269fb7e622381304d575090fd9cd791003aa89e2144c77978
PWBE	PWBE-660	f0f4672e7673c0ed7b72ac61591f7a23fff4c1a073ffa37c23c62636eeddb7ee
PWBE	PWBE-661	c99515b98c6e78e03afb49955dd177db4eb6e03fad9310c49493a7dad141c3ce
PWBE	PWBE-662	5fd9ae1f91ecea232c8d22b88e0c1b58862e021306f82cf44a3d270fb33e3089
PWBE	PWBE-663	0632457c52b654120e19b8ba9f68987cd3de975d30891ca96296fcea4c62b176
PWBE	PWBE-664	4de79638fc76edea1171002087d8a0b18a3319cb60d28dd1dbf50b4d7e0c8ca7
PWBE	PWBE-665	4d4f3a783d85e0e852a47b714683d43493dbf4ff2c88be3feddca1bb9bbc7c9f
PWBE	PWBE-666	ad777797f601899b4e67fff76ca6590041303d40e95861c6cab1630569b9abd2
PWBE	PWBE-667	132a168d1df24ed214746d9a3fb47558bfe81967bcfce156772c0bd9ca8be531
PWBE	PWBE-668	c4c5d9e69855a4ce392cf8eddbb77655934dc756fc2496af5453235db550d6fa
PWBE	PWBE-669	509f02bf96f51cd3774562af2dcc3f31d2cf95fc6959039bbcc0395e4409c9e3
PWBE	PWBE-670	9224c40f6d6840737773a194fa5226383bf590448b1b8e9ede318cb3d82ee599
PWBE	PWBE-671	8dc37c889ae771f36186286bda1338f9a05920d19f204dc63cdd4eaa00058634
PWBE	PWBE-672	1c8a1f467afa206c42edd7d025529a60971f543b535f77d8922f7eb2991aeb9f
PWBE	PWBE-673	10c90e170ca9dc2cf857fe695a49b0b91610f1102473e48bab2b8e099f88cf47
PWBE	PWBE-674	06aab1ba73b163e4f90550af59970095a696d589f74fea45fda5bd1ee4fa2afd
PWBE	PWBE-675	7d355d02e45cf80ffcbf5c8f7ba413cb7406d4cbb0e17e4502f1561bf028e8e9
PWBE	PWBE-676	aa30d00bcbecb65c1eea801254da19bae59dc361382458fba6c40fb1cd6867ce
PWBE	PWBE-677	deddc521f45eb99bf57f96a7938afc7234efecd81fbde2380489902007133c48
PWBE	PWBE-678	1d16c8efc3ad280972e6a6cfdff134bbfc71f20d55745263c40ada6f3c49e914
PWBE	PWBE-679	b99f246a1719a30a6ac2675b6264342db07f3ffcd5e17b442e1d36bea4c5af45
PWBE	PWBE-680	b409e5cc378358cfbd157adfb193ab99a41716ac50a86e0a06ef4980899932e7
PWBE	PWBE-681	b128968d177ad04b1a85a7ec36931c3842f46cea74416f3fcf741fa6c0191606
PWBE	PWBE-682	d93499f1e9d13d2d9aeee2fc0bccc61de29e3b3f1313beda4783be4a1da34508
PWBE	PWBE-683	823e5911e173f0acd9783762beb978628820e090f00c38dd381736bc33fd1c5a
PWBE	PWBE-684	220c0b6f47d73d04a22e4797e52a2037a14d79bdcd4731824e9a1f2243a756d5
PWBE	PWBE-685	426577d3c2fe5dd86dfc719a8e963f75e13445ce559eb61f5db3e2eb210c5251
PWBE	PWBE-686	c9bae7ff381745f12beb577f5e2636287d1c10ed35a1680491fbdf965156e51e
PWBE	PWBE-687	277548b0b77f3b58eaa260ead176a6f7e076995cc801367bfaf1a68a1f59af41
PWBE	PWBE-688	e8f28c7d447f0f7e3207ff6cf8485cfcf6f67dc42a5c3f257930d4fabcf0f160
PWBE	PWBE-689	d8a33d83fcc978bf2bbec154eff2dd8d128c0e6f28c67c5b62b13cc07f0a1261
PWBE	PWBE-690	068bc409d78fdeccf51a4542b0daee3aed539b43a8e1bc50102b06e5c785978b
PWBE	PWBE-691	78bf1abb6bcb01c8bcd55f7ebdff9bd067a2f8a3de915df3d051644212f11ab2
PWBE	PWBE-692	5ee1036ac6e55b4e4405ea762fd8dcb24dd72c0cae8b86b8f178e1ed1290eb7f
PWBE	PWBE-693	9645324096e95c00ec95299792a66594637cc39892f87d8cab4b96d158bc4199
PWBE	PWBE-694	4393f07f242fcb53a01214590de5a6edb7e9d77517d50e3deeaea385ceb736bf
PWBE	PWBE-695	77dca34fae73aa9f0ebeb3e46482afb556c2a0b968206516f7bf60e4662edb08
PWBE	PWBE-696	c991e03feb139bb1b501d89ac8d993493dbd024a637fe8bb6050fadbd8f463f1
PWBE	PWBE-697	4ac66088a4ec7abf760db30041e02fa7a995c10cfca81bc97788e0cfb15f3627
PWBE	PWBE-698	ef6a23b003dccc7761c1a7e84d1ccb75279734b85d1f768f48fe3e68d401b0c3
PWBE	PWBE-699	ce872aa4242f900487270fdf26851b38b0a439e37f003051d8dd10a164af4ffb
PWBE	PWBE-700	aad8caad62b3a3a58572a3e86a8c7527269cf49c2888e7c267e40af0b9869f61
PWBE	PWBE-701	d2a204a842d9c8c63573fe65cdb3ca3eb533a4c9ec972f24382190e0ae546b33
PWBE	PWBE-702	1f957e55838b6e4eb4863bde0575a9e08461dd1e5b40c06eac633def94b50ca4
PWBE	PWBE-703	96c41fb318026921a17fc6cde28a7e1b61b709ecb871f0c62d0522c9d78e5fb8
PWBE	PWBE-704	702c642399f3123eede9c8c1254186ec90d928553ae0ead26c5c30efa445abe8
PWBE	PWBE-705	9248bde2103e19e5f817b7a11b3c952ed7bd140eaab31ef2b8a25b7a0507dfa4
PWBE	PWBE-706	d39a4270fa1e96e25382bec604a50e351f2cc403b88be22530e98085c1144241
PWBE	PWBE-711	a25be50fee451078bb2b062ba2b1b53fe094fc7f9c1c5c88c3e07380df6473f7
PWBE	PWBE-712	44ee7a2966a8e3b266701139d4e8a692f039af9a8bf4e9f3b32dab88ec1b6c8f
PWBE	PWBE-713	30c7040c890d96c922b33689007683a3d49bf6d67f641f8dbc9bbf1dfefbd832
PWBE	PWBE-714	3574cb90c00b82f0e5c7de023bd538061566fbee1ab19f8f3ebc7a15990929d7
PWBE	PWBE-715	c172b2ff1e9a60aff15ac361b6d70c29cb63dca4bb46daa12998315a99c6609b
PWBE	PWBE-716	253cb08336b54012c4dc25aa17a9647c8ea0146c67d75586478b2b6efa949914
PWBE	PWBE-718	746c49da65d9cb974960ec17a7bbc165b6916e6afcd0b29ab65cfa92beac4e64
PWBE	PWBE-719	20692e5cfe70b0aac52bbf7ea8679a4bff8978cd9fa325ece72f6f4a31c7bd84
PWBE	PWBE-720	0d85d98330692d170cd18874af999e988e35c56fd907a7474cac72e7681dc77d
PWBE	PWBE-721	6e6d0f521dcd1d4f4f4c06a490ecd2047931c29f29e2005c90a839a704ac4a78
PWBE	PWBE-722	dcecc3100745a0c59b4fc74ef755111588465431d5525b97e3a71e3097b275ab
PWBE	PWBE-723	93b38335f6b8056f24cbc6941be5338cf23f9ab88bab828e0f65972420406ac8
PWBE	PWBE-724	f8f6e539394daffe965f897f385f460e8eb6e3fe476f0b09d589c26f35546d22
PWBE	PWBE-725	8c6d3da28a64f1d12612a6520a2a0b0716c96063272eafe067b1417dc69395c0
PWBE	PWBE-726	e212b051cf88e9ddee2aeee25c3a1d17e1ca26f12c452209dc9534e4c21d387b
PWBE	PWBE-727	c0f2bb90cfaded04bf1d6889cd7401c12785d7128135de137fa0cdbc09bc2f54
PWBE	PWBE-728	4181ad7c39678eea92b86498fd47b2637093431a2ed83181509261e900037692
PWBE	PWBE-729	593f4af5000dc6a5497354964fbc1fcd7fb1004759cc8fdef573babf31b1fc08
PWBE	PWBE-730	9d073e87de01cb142e772056554acc26ab9ebc79d5605cb0284bb44b4b248c5b
PWBE	PWBE-731	112e867416f408454d87c11470489d86bbbfe99399c5e2d42cb5ece381eed76f
PWBE	PWBE-732	e7630a2375c94c68caa6c48483e2ae7c54399a9b62e489aba8ad154fad3a766d
PWBE	PWBE-733	ba63bfa34bd0d4e8b078cbb8afdcd526b8f54d3e18e4073b09015f65dde56512
PWBE	PWBE-734	6fef6235f0ab679a9fb1d6d0add96da21560ff3f51953bf1649604b80d5cbc3f
PWBE	PWBE-735	40fb9b4b3b54e299678c4d435bea87ed482f042ace2f718f2b23de4a51ba7e8f
PWBE	PWBE-736	ca99f239991a55e9081c4743caadb44cdea1eb232bc1430602df14e905216027
PWBE	PWBE-737	d78c19ae27a1b2767dbdcd0f36de8ad382744fe3eb7707edf12a3b1cb74932ee
PWBE	PWBE-738	fcb396b70f44f774792dbf16ef042a48f7ee8a753e42db6a7a89df6d0043cf1d
PWBE	PWBE-739	cb430eee5c6fdb0d733fc798ec2fd21f92170947754f7d55d972ab850e2a8ce5
PWBE	PWBE-740	c9a1ce0108c70332d31868d85abf276b0ede7c5df8287ef4cc74abe4a86b4779
PWBE	PWBE-741	2e5aaaeb187911615a30effad591a12ff6a34681833a7ac4024df14682f05ef8
PWBE	PWBE-742	fdb12cdf88e8c6cb26c1f3292a9e4325f17ae4c93c138ef6d082403af2c3e6b2
PWBE	PWBE-743	7482d5f86f542117624d07115e5fb8e3606615125a343f70beb6f6520fdbfeaf
PWBE	PWBE-744	9a766b87f06d328cd52846733780a1cca84517a38233d007d21bdf3ddaf39973
PWBE	PWBE-745	9c15db803f9326d2e21213ee227aa956f93925a0c4235dce7245519ad6633bc2
PWBE	PWBE-746	46be6dcba8e08205acdaeefd5717c854628dc0334a438646ace6955cceacc119
PWBE	PWBE-747	d21e218f399dce35d8fb5e85cb1d70be441707d6e90856288e9b4cafb75fce01
PWBE	PWBE-748	57ef9496c94a000098c73e07e5275cc248997e0c13a3eae72f1e9f6f02200ef0
PWBE	PWBE-749	d34ffc01030b17ef8cf0c300f364583d400fd65869887d3da78a330a7cf20ebc
PWBE	PWBE-750	6144941e94f8c101496eb4bb6c640e3cc252027c9d1b66307ba17ccd215bb000
PWBE	PWBE-751	a31a4e5126835fb04825e0db62a822b92fee00a26bcf1a9693766a650b192db8
PWBE	PWBE-752	676f74980b5ede50fa7734d1a0d4d4485767248003afa450c90b51f7013d84ef
PWBE	PWBE-753	8bd974e0ee4a8f23d539ba9f476771bc1510ad8d07f68dfdc0f9f8a93442dd00
PWBE	PWBE-754	9402846eaaf26bcc85db3baae7697f662efb4e630d2f6089bcfff33793329086
PWBE	PWBE-755	98ac78045c67b153371241e77a3162265b412a483c565c72985a8a671f69fea9
PWBE	PWBE-756	5875924b64171624a809769c8b3303f8bd6aaf1d82f65838e1be5a433cfc57b5
PWBE	PWBE-757	ca07237ad3f20aa3554e96c15030d909268e6566430d917a6a7d06679028a332
PWBE	PWBE-758	92ee68d63e5b8e6d9387d26ee83892f811b19f883aed12cd12a72d2087490738
PWBE	PWBE-759	a48ea1f4b94f2ed1b4fa57906d61bd6544198ed05788850a5582079075ceac4c
PWBE	PWBE-760	f3a55a8e5b20aed59c6b3c207939dd2826f7e1b6ad14da38ea021e3186d2c320
PWBE	PWBE-761	ecf007bc1ea4524d1d7d6e987dfb5a68e5174580e0b9f9842506442db1534028
PWBE	PWBE-762	a52ccac6a07c740f21adee779ea77110796693eb7a81644f839ee8cd5570d89d
PWBE	PWBE-763	7db71a8f8b1f47f25fe58ca235676020c4fc660716b9d1277b9326d65c38c166
PWBE	PWBE-764	65fbf61795de96cedf732f191a85dded9da5ada1369f426e4c65416301fabb5d
PWBE	PWBE-765	8ab4a87f1c74f037de84fe1e5e2ad0bc9bc3feadd3fd03b17b26ef8a55f70633
PWBE	PWBE-766	50f4c4c75fba0b5bdbab603fa5b50553b7c997806b4c43dd6e2fc80777ff0e21
PWBE	PWBE-767	a2c58ae55cb1856257242fdbbf0c878e92f1dca47592fb675dbd84bf55be079c
PWBE	PWBE-768	76110e14bd956c2067869078c96690b8afcd3046d63ac8188cf6746b6beaa0e3
PWBE	PWBE-769	718216b66ca63eb3bc9cc523bb927a6aee9bb244c9cf1732190c8e587710ced1
PWBE	PWBE-770	041fe7beee787e071f6dfe67e13fe11f38b82c4dc3fd58f25725c6950dab5d55
PWBE	PWBE-771	892cd23faf5e42919b6ca8305cbb1814ea647875a1c0e601ff4f4fde8f5befac
PWBE	PWBE-772	89557171d2cb84622fc15eb8cf8b3df4db703f6c288f6b2ef2fde434ec5676c7
PWBE	PWBE-773	096e902acee7f831b25b660517eb5936811e0f6de8ae7d084f978e467fdd638c
PWBE	PWBE-774	67804d32bfc46c707cb84ddc7c2584090995ad1b02a5ce1eefcd1ff776c0efc7
PWBE	PWBE-775	26cfcb060dbd8b42ce52afc6dd122c60f05bc30465ad1c1d8e3b76db7863a821
PWBE	PWBE-776	e01df195beea8ded78be66c233120e344c1d79d960b7aeb48b006b7dd664d185
PWBE	PWBE-777	705d8971d4721cde88138c0bf6b11b34da1a36998076fd2271bb92cb22a0e1b3
PWBE	PWBE-778	4116fbd66dae556ccc83da25e764bed9354ccb115a60f5690a8954073e3b3360
PWBE	PWBE-779	d9f6b483a764c9c0be09ba04904804f03fac250b9dee968a9d7e40668996e1e3
PWBE	PWBE-780	f3770169125116a96a3a1f61ef0af3a9fb243ebb58571431fa7d7bcf708c8f8a
PWBE	PWBE-781	f228b0b86bf6e7ae866ea2d56ef339f2128574e8158e2937454d02324ea9a470
PWBE	PWBE-782	34b5dc7541850e4d460b5c9f1b34bfce77c214cfc48ca48d2f96f13e35f08d25
PWBE	PWBE-783	1560620c060aef89fb1ae760c5f1f44cc4ba1ae159a263c2ae0a146661874d27
PWBE	PWBE-784	eda71531f5d44ec4fd5eacf921e6c8bdac4266607fb721c618339ff25c1041b1
PWBE	PWBE-785	bb057c49289dd41b8542d92dac12334cf5e9bf656670449d2430e6ad583477fd
PWBE	PWBE-786	5588f3a51211ee2bf7df80bae79a4ad8916dccf126198ca2f0932494384dada9
PWBE	PWBE-787	6e3637e2a28faba4041f4610119f42d5bc495e450b10e08b28e531767d657e8b
PWBE	PWBE-788	f024000618042ce9eefaf1381ca43cd175241d03a6652e53527234368a18b6e5
PWBE	PWBE-789	ce26157ae1f018218594da7def3c3b0d6dec6c151ace2d1e657f2020acc6c1c2
PWBE	PWBE-790	efdc1d785b4573ba225a3a51189af6774df0c3256e8e6de28cf9354213e0f913
PWBE	PWBE-791	05b498ffdd612d64f4e1a9cca50e93a891cda8e27ca2bca89f0b03550ee3a6da
PWBE	PWBE-792	c38182aa9e1bc71b7c6ea01c5fd14992d994309abff577448e4010d6bb8b8088
PWBE	PWBE-793	5baf9fe1951b9cde348813f7ae2362b9643cc5e305ce749a447f78e6f7871f7d
PWBE	PWBE-794	233f9b750b70e35e99b68ff89c627577dd92b5141e1ab94029d229c0c0e2293d
PWBE	PWBE-795	a2e94200bca0d44793c452700e2a6a8e0d20119be0004940c930bdb9b19096e0
PWBE	PWBE-796	6292a00780b2f415cc73ba05e389826c4c6e7dcb89138beb8121073527ddcc71
PWBE	PWBE-797	a74d3af3e7d91bcb1ae0851e940c6e3fb662a4d7d1410218ed1b79c9a84dcf2e
PWBE	PWBE-798	28e5f78fa74c98c3bd7b3f0b61e246fc2dc08f6f6a577b9c2be41b54bd39100b
PWBE	PWBE-799	323d0b8e54d6d2d23baeed402d03f170ece13ec16b6c1bdd26729fa4c65ea62c
PWBE	PWBE-800	bf9bb83a63b38d6132b3308aaa62a1c8aa46d8a45ea94a838cddf3d0d963af85
PWBE	PWBE-801	484c042972775a66438e105f5e181106df7237fae2fe26b4f08e2a2bb95b6f02
PWBE	PWBE-802	80d8919e594ba4009620ada4311e2fb3963bec5b5042f5da44626ef9c151a12d
PWBE	PWBE-803	ca7d8af28141e736a0f263bb324a05db6ee9f3c538cbce25f061fa9eee567218
PWBE	PWBE-804	2182030d43686be6fccae5fb4101ae0f10659b8a9ff58285f34027bbb29aae0e
PWBE	PWBE-805	c7464770d1f4a51f1f92edb6a5469530839252fd3aa420ca263bc72766bff0d7
PWBE	PWBE-806	4f077a07e8fb9bf7f4f84af9b1b223afeeb0416212a2a5c36ec333a4b1f615c4
PWBE	PWBE-807	7b616329e8413fd7d994f40bcba12b5a062078cc7991a87d3d2de5704461fcdd
PWBE	PWBE-808	8b9ab0716fd7a8f47e5aca7099a867b19d29ba4e3609bcd045d6063d22463356
PWBE	PWBE-809	d0ddc5955af2e4b4e5e9d89d53ea8df5d5a621576178779c96962330636ce39e
PWBE	PWBE-810	675f8f8fccb8a1a8df079040313351453fb0cebd6c95aa4175490524d49e7239
PWBE	PWBE-811	726505d6d0e4cad895ce155863182f74b77998a52227529205719f5964142b5a
PWBE	PWBE-812	605b6100cb0a3fe8bf75e64cda715af75722c47c870ea87dff2e1ce0888d53de
PWBE	PWBE-813	30c9c05f10271ad50aabe997c4d8dcfb9aab2a1221d1cef9c748822f261d7a3b
PWBE	PWBE-814	2e219422499c180182add806d2b340c3f10aeecd8b9068ce54a9d70bc09b35e0
PWBE	PWBE-815	8d597f71d6810b04b20355f35ffbc5cbb9057d044c5fcc4932861325acd37f98
PWBE	PWBE-816	344febecaeca5616902533330a877d00614be7570c4b3eedcda1508664fe8575
PWBE	PWBE-817	32ee572e7ba39c4b2f8f6b9135a5ee467f9b4b0bd43718c24ead00fbc195ade8
PWBE	PWBE-818	bbe0327c367222bb85fed6031187aa040348f6eb5c89878b9b9774c46b0c5166
PWBE	PWBE-819	00de14ae5384217def2bd56d620a363def2e9488640f304836481302c4fa3f5b
PWBE	PWBE-820	524ddb4d6ef09ae156eff84d8ba153fd267c77efaa8d866d66c772cd23e4301f
PWBE	PWBE-821	a28f4401336841d027c771cf72355bceb0de2c0f88c1063fe2f9be82bae6d379
PWBE	PWBE-822	ffe46552579a08567be0cd6ecf35acbb9b4304f51de198de06d6db840b9b9d94
PWBE	PWBE-823	df9ec9f8bbe90c181b2cc30f76545199a63b73b1dcf14e79e97986939b5e65ff
PWBE	PWBE-824	7dd4f20d17da1000d943362215eaec82d77a6a2b0d261ddebb9fca5853970759
PWBE	PWBE-825	dfb70a4979cd0aeef52023e5ab891cd4ade26046e8dae1a8527c45f035814045
PWBE	PWBE-826	425f0f20873a57ce89e456d582df60871e169d4c495b8b6a3678be8726b89172
PWBE	PWBE-827	cde999c4f2b66e96fb2dd823e4a941960d2bc92c7d42d6bed67e7108181ad66a
PWBE	PWBE-828	a4f8be178721002a77281e8ae9e7e1e649054df57e8e052203c372a87f21fb55
PWBE	PWBE-829	8da017306525fe634abd58d47de754d6692a69fa36dcc781fc1908e2cb048ca3
PWBE	PWBE-830	f9ffd529bc4f41a3b1417d3ef678392683038f4159b3555e513c217496e8af4b
PWBE	PWBE-831	5ae936ac4f623791d7ae81f18655b2cd477ec05621cae613f7ff05a9c125e071
PWBE	PWBE-832	8f1fef1acc1a3dcea08afa8bf50f89bbe8d36d4ebc6637507568ffa2d0b3128d
PWBE	PWBE-833	598aafa1bcd65f1df85dde93a544ca69229e7b000809ed9e31ac4c15b197c634
PWBE	PWBE-834	4e5db99f1a8a014cdf905ad8060f537061d3ca96b2dfb2f79b0ade605b039cab
PWBE	PWBE-835	99e3090b1d94abf1b7be1628b6af9657ced20c7e6e4673ff84006e46dbe6e342
PWBE	PWBE-836	d025125753fe83e2f42a5a739d72e7eceb81a072984778cfe7285244d989de27
PWBE	PWBE-837	9d642d45ae156fb2dff12b8ec4eae0f67a49eee6584ce9a779cb766438d95dae
PWBE	PWBE-838	7b4b92ffbaf041ffee0bfc932b70fbd567636778869c9d5f6c49231bc5d59232
PWBE	PWBE-839	59c5325efbd6b0bf5172d3e2998263a49ed56f73884358ed72eff0bca5b6dc7f
PWBE	PWBE-840	fbf01e54c480e88129d20d2389ef21ce355dfc7c189ab41d6b0b7c333098fcb0
PWBE	PWBE-841	9263d58bd678dbd98e39e4220819b1395d6acc9533c4ab8f0809e819655e27e2
PWBE	PWBE-842	893796c40a27644f19b41033b0ca7d25462acc6312711ec45a511014dfde728b
PWBE	PWBE-843	88c7b7da1f620d4d2665dfec45c56fa65c99e61323b03c515b3fdd560ecb8165
PWBE	PWBE-844	d0eb9f528f213e66744edc2eea083046bc7a34e0539f3dc2e391beed65569749
PWBE	PWBE-845	e29f52ffd8f433b8b97cc061796d3d861f0dfe76ca7269d04e82d1b73b85c581
PWBE	PWBE-846	ccae9d45611f4a426fcd72f50cd5daccad0e045927772b9e31f0b956034cd35e
PWBE	PWBE-847	52182b7f3c4b7e4062731a7563bbf7d5f70cb9022fb19920de4001b35e35e503
PWBE	PWBE-848	b2c4d1dba20b2e3b13413e5dd8ba3defb8875471b75403ae67635960c837e933
PWBE	PWBE-849	5f3bacad11ae55891278e6c7ee155bd7992f5200c9fc79512bd0dd312011b393
PWBE	PWBE-850	203c79ebd9b33ac3ee1a28cf7af6e1073e3acebb05d9803e8c126b9e0c59fe23
PWBE	PWBE-851	7d4469878121ead5a86723c9afeeecbf68da3b0951c2a2420df8ec0234dcf7a4
PWBE	PWBE-852	ede76d42c432387dd9d68f0ea236e65d5537442df4150349ffb40f76be9bf314
PWBE	PWBE-853	eb93a81859691f4c78bd604c8959f5a729d760c4800d55b7a24c7ea3af213fd5
PWBE	PWBE-854	e9ff1a445dedba638b892a658196c178c35b64f2a13ec820414a7eb0ce810444
PWBE	PWBE-855	30e304512cbcd79945430b41a8360df0df994b527c76fec92b6852cec8f6065d
PWBE	PWBE-856	77c193537403827e014fbd357f6c81d3db5e12259ff43d7d7ab741bcca1ebb40
PWBE	PWBE-857	7a1ff11f76d72585afb077c47348cc720a2f4c576576b9ddd67c01053d8b5a9e
PWBE	PWBE-858	f9c7730b456cb9f7a12fc6a6c8095a85623e6882e6069659a251be7540ce9403
PWBE	PWBE-859	2ac0830166f0ce10d99bf2fde63fb7cc8d8a096f0e4dca355c98d6e5929bf106
PWBE	PWBE-860	4ad04cff7362519d3e3eb5d7c39e4194deab4fcd4f09aaf0cae5517f092fd6df
PWBE	PWBE-861	b5b5780ae252d279196dc886c1e5a39445d71b898e1d6d281fea4368cd1effb5
PWBE	PWBE-862	a3f3644471e5887579e5c32937a1b0fe4dac7c7ad4165603eb95f2c0a7ae0f7e
PWBE	PWBE-863	d804b0fed65c13e784b2f293a6c607361ef2fec9d0bf730d9936ee300e426d8a
PWBE	PWBE-864	964a2f2fc24f2ef50b005a4fa8acdf70a2210e636d013be8a19efdad2cb605ae
PWBE	PWBE-865	86940772b1e8221af5457e8885c0727d926de5398b21475f86ae9f0fcb5e6c3e
PWBE	PWBE-866	bf6cb889c660969db3df9614261e57715b16d657f4b9742d0560e3d0764364eb
PWBE	PWBE-867	12b78915897b62874c6628bbe2ad8485291f47d7d4f9456659b226cf8f7c17dc
PWBE	PWBE-868	db1b1b9c1b9da74473dc41b0f9071348329faa9608b5e38dabb3c6feffc06ec3
PWBE	PWBE-869	6c9fe0a67695cf61e8dda0a854cdd785c2e5674244249a51dcd8b08e15a6f2f9
PWBE	PWBE-870	3bb6f0697088d0d65d8acd4df58d532fd66fb31f702c6040fde14c1dfe101865
PWBE	PWBE-871	f57c829847aa048d122ff3040747265811e47d00c4e8df073537ad14193476c6
PWBE	PWBE-873	bb1253b5696c3f0f9b6361f3a66d437a6434ae2169a358dc470b186eed7cef37
PWBE	PWBE-876	57757a9d2a8b315c8a57ed08b5ba03f6e818cf77a8dfa02c686880840497b09b
PWBE	PWBE-878	c8048894912cf58df86509da2ea30081889e496cdf432390100281a889396258
PWBE	PWBE-879	650427c4aab483b1d49cb8294cec36def170ee42c1f34792d0e9887314797a6d
PWBE	PWBE-893	0c39382d1b134877f07feab42e85b0eaac3dadbb41ffe6512e04fe992542320b
PWBE	PWBE-894	53eac76dc102e25c22bee8a07dd5caf0c3cee07589ad45946ae97971167e7cc5
PWBE	PWBE-895	0838258f513ff67688113e9ee8aae831143c8997cbd8bea379e130c58798c04f
PWBE	PWBE-896	ec78dbffd946ca99d8d75ca2d22c93b36dc8415363bbd661e487f1a7d9a40ad8
PWBE	PWBE-897	a212d60e49ae3e64d318b2311c9927aa0dbb7bdebe3237b8cfcff8c39c50b0c1
PWBE	PWBE-898	8928d9e2cdb235542ecc69e333a7dfb302c1b169023a1544b745781d642fc6d7
PWBE	PWBE-899	ed50c97f7201256a7b76405c3d80994fdabf37a96141c17e03de7058c3a5623f
PWBE	PWBE-900	2dc2a6459eced456eddc76b56c28e08252b8cbda3d45c39be67bb3480f3bf5d6
PWBE	PWBE-901	00ddb6b97594c895de95681624566d480ec2a4dca7b6febcee6b179e1fba98dd
PWBE	PWBE-902	7776ccef5ffdcff5cf54d367cdefab784f6cbfd7b26bb18df1cbe6cabe574826
PWBE	PWBE-903	9b06beb752bc9161ebd647920a5b26c2be5d56de31fdc74bd570a0a9485facb4
PWBE	PWBE-904	1770444e948eb9aeda01848a9474882f43c93e928d9549ba6e6dc08e29e9f5c8
PWBE	PWBE-905	6d250be194592d6fde2e3c3cbbc201e71f90f0d8cfa983307e1241562ff02e1e
PWBE	PWBE-906	257f6af00b0b147fa7e5b9e0b9ce3661b09dee99799aed00603934dd26d2503f
PWBE	PWBE-907	6c4dfaf0e1029efa706e74a2ca08e8749708564c2bec9405d250c385751e3b49
PWBE	PWBE-908	16c0528935bc4e5f1f4434395dc834fc4dacdfef293bdb9faa95cc19e8f9133e
PWBE	PWBE-909	2a20c4b7c5b353b0d2a5a0d6b21e6d3491ab7de98cc6cdf8b0c4f6b66c7e2d90
PWBE	PWBE-910	4a09ced4e77adece17f67a711b9f630a073e0aaa1a43b6b4d73090e05810108d
PWBE	PWBE-911	33ae131c40947b8fabaee2bfd2530df315bb6cdb35fa3b0a1b12fea5395ab246
PWBE	PWBE-912	4203a3b89d5b9ad2edbe8002f91adcf2cdfdedf32309a56ece690d38011d7d7c
PWBE	PWBE-913	2c67321e2d9c669b7ebcd7a95724556783851df35b7b41514cf4517e3b046a0a
PWBE	PWBE-914	8675bdd0211499f38819e97df3f419c74b94c06505f0a08ee155e3567df70000
PWBE	PWBE-915	ac41386048d0d33c7229cb8609bf8bc3fe11c668eee4936448eff15b4d14b150
PWBE	PWBE-916	ca7fd51b2ee4c6a31aea8507b158805954631ebca7209cabf1545884c5be4429
PWBE	PWBE-917	211a3024818c71e8bb96de869e8cdca228e318db1f7e4daaff5b79b3f990e5e4
PWBE	PWBE-918	0d06624be47f981819a11323dec62dafe449ba5c9c3ff575cea26954be25c1e0
PWBE	PWBE-919	01f57f283e17415f03eb84b858123b481037d83adf6347f7b467027bcc186d54
PWBE	PWBE-920	5c0998551748debd04d1256b9edbb8cad8e6d30635dd128d637c4a42d66b2ad7
PWBE	PWBE-921	3b31702c224758f9a648d96d3b12d248d51f539bb60577892ab451c82e8cb593
PWBE	PWBE-922	c97ac97b1fc300722c34f103ec082aeb5656f4ae85f62b3b59ea4d3086bcf735
PWBE	PWBE-923	4923401cdb0c4d463f426bd79169540439ec44d610a6bc7bf861e1547d2d28a2
PWBE	PWBE-924	9d4bf26434ca3a6398072a55e18f7fa4fcac6dc0d0ec1f57432e790b121f5a8c
PWBE	PWBE-925	eecdae140c05ff3f5ccbb52704a778021629c2c74d020f2bdf55e1a86f674e39
PWBE	PWBE-926	d8bd4105c5fb36adf33b36fa78be47d10d226e59685c1ddc01c597479e2a02c1
PWBE	PWBE-927	48ceb39c758a24c39db6cb52954a7194a2f4e60f65dad49a017213f883c2e009
PWBE	PWBE-928	a976255d4fe307c0c94ccde8b00d947554e9f114a456d00292904b4dfb5e8b9d
PWBE	PWBE-929	e3af4b457a881859255c5b3d9052c240cb3716d7200cfaa753e56c7b30f9054f
PWBE	PWBE-930	729b3b9e96ff904962e7df2083747c3135c6a2c6fa5dafccacd6fb3c5ccdc3b2
PWBE	PWBE-931	2d006a974ef9239aeb0897cddb36e9610f06f23fbc89a603f79b9e1cb40c2c70
PWBE	PWBE-932	622c0ddd2e40b66e545bdae63eb0ec8ebadd09896e753b85bec8a625deb707ec
PWBE	PWBE-933	84d3c8f56b323eadd605563daacb09a9e4418de2fff2c4b68ba52785895c589f
PWBE	PWBE-934	c0deb1f7e20b2f2fd2d563aef542ab247a8512f4dc4ac5f35af9c52623574c88
PWBE	PWBE-935	32aee86ae25a7bd349c93b632b2eb356c04379609381381fd847d7c81846bf6e
PWBE	PWBE-936	10135c157a7704c68b09d56c6ef52efe97abae0403694fdc05e83dd649c5c75a
PWBE	PWBE-937	731a78583dac5e7c654865268c2970f38c1dc6abd56036aeaf62f5b75ea5fa88
PWBE	PWBE-938	2bfae0c59b2b0de8f6a43c1c78a81e9b59079d73f8a8b1f0282bf348e8784476
PWBE	PWBE-939	203a288eaf9336a9a01bb7f04b985f8ded8d8451196b97d1d458cedbb68c1ed0
PWBE	PWBE-940	8f964319f21bb84373b594b870fbaa3fec66cb0926786be18f757b523e7462e7
PWBE	PWBE-941	700838a2f6aa27c77d7d4f6cb5fa209d0c4d468582a33c3cc8f5400a3633e678
PWBE	PWBE-942	21666cc4d34c50c5d53645cd9a3832306473dd2f46445e6fd17b55edee9d79b1
PWBE	PWBE-943	b45f28fd76f1a828678efe4a8e1ac1b6e2db6195bed9c8173df55663867339a0
PWBE	PWBE-944	3a098f69f1d446d013cbd2367cd6c70b2dde267e912222b0ddbec765037ddfbf
PWBE	PWBE-945	4c273479210d6dc26a6602b80abdc21b1e6df2ec682273a618d5ca44dafb8b6f
PWBE	PWBE-946	a1abe9b64837940205a6e48cae604a38f46d6dd5336301ff565085ecdf67f740
PWBE	PWBE-947	a2a0a7cd0f14ccbc31d18f162068ac78e469377dcf03fd582e0e929a8414b023
PWBE	PWBE-948	f44966ce473574e2be9caf3c5e356d6e6daae6fcc07d0e1fcc59a5ca600b63d6
PWBE	PWBE-949	4fcf2a94dc1b89aadf5d2da1712f8ca96eb79dbeae520f9ae8179a73590bf8ad
PWBE	PWBE-950	7ab37319c44f45b7f9ef548232f4fbbfadcaabe833c0d4d91b5340efca685725
PWBE	PWBE-951	6086340b39bc910b69c4a2db607d83af2026ee686f3beb2ec3cd188f5641bee1
PWBE	PWBE-952	7a0768ee01c27e61b2a8494483fafb8e54b92f480df6d2391029d587e2cb7aa5
PWBE	PWBE-953	ddc2517e8265164338850759e6a6be2304c9e7d04ec0062aa23e7265c35ad73e
PWBE	PWBE-954	c4349d779cf98fe899c138bc24afa5aef4714b41e89c8510916708f85c013ef4
PWBE	PWBE-955	a8e6bcfb7d1efc6ccc44eaaa5d7085c3dbe4d3dd5408d0a2481a91b9223fbb94
PWBE	PWBE-956	58f0101586cc95d04a20fc5533a36e027ac311aadff36f7ba3fd40f4dedf8e53
PWBE	PWBE-957	0e63b6a50ff955628cbda1c2e952194f0e2aaf2b3d3c95546448a40eec7347e6
PWBE	PWBE-958	042389484b01a7c972a2cdb6011f46a4b94e88ebda98b4394477654ce06c362a
PWBE	PWBE-959	e1e41931e71f9da63ba286d5f0901d3119047d688356ed470fb176c4163a07b2
PWBE	PWBE-960	d242c983d6fbea5792217dbc8cfb640431bdfcf8ac531d4a83aa584f83f4475d
PWBE	PWBE-961	05a65b9c4db34b87c85195e7e8c10d9f196c7b1679eb07965666c10c3af6d3ff
PWBE	PWBE-962	d59b63f143828116066615e181a94cb27e27ee0ee9c349e925e49dd4f49e16a7
PWBE	PWBE-963	00780766e56117d2c041f999bb190f50384212d6c4949cf56e58f2ed6d227853
PWBE	PWBE-964	c1b60f112992f90715a4ac2d4acfcd137fd1956829082860b43860bc9a22ec55
PWBE	PWBE-965	836104859afb989ab5608a5e93ae52ca40778dbb2c41ff2b0c31e55f31bf6159
PWBE	PWBE-966	5c6a9af6b528335cf3184d739052135ecc9a41b3ca0da071886ce3b73cc4d55e
PWBE	PWBE-967	a445e6ee1407f31c59035519fa17e8dfe9c99a9130c93ae5641e4a3294cff471
PWBE	PWBE-968	90d8ff61e5f60bc89324407f5c5e12e03b61de9a2fb19eeba57479652f80328b
PWBE	PWBE-969	c13abd43961f8771951ebd172f119c16c4efb7a21649d2c8b37436a628fba087
PWBE	PWBE-970	756acca8acd22e6ad9ac97c0a5f970bc2178e1bf4c841d1de88ae5066f83b207
PWBE	PWBE-971	739a6e8d1c354683e73b47ceef01c683b02e88f96a165f648e86da1ba88f389c
PWBE	PWBE-972	f2419b5756becbfd218376fde4a337848001bf93c2612ef23e661e0988c94624
PWBE	PWBE-973	a21c47ca5a0f7c18bdfc3687dba4e909fdacdcfa8e4562f75206e525a9966fa3
PWBE	PWBE-974	e6346167f5201b7b7e4a386f2bd32083b702bdc02617046aa0c9d7a3c37c77bb
PWBE	PWBE-975	defb9744317f07aa752d4cd8e7d296ac1676518b0a92ad6afc053be294a90851
PWBE	PWBE-976	1283ea3694f3d10061692c3e2549fcd4f21979fe233e3b3260664343fbdea58c
PWBE	PWBE-977	800949314bccdafb455c3abf15a8334ff3ec591dfc78588e0131986e0302aae9
PWBE	PWBE-978	45b0a478d1fa787ffdba93122ca565e6328135333b9da46c2e90d8d511ae692c
PWBE	PWBE-979	053a677e8c11aa7606c5c2db15d983da86535cc2b482cd88059170e92785bbbe
PWBE	PWBE-980	0abb5461aaff58c5f1cb0e7d8cd5cb101245c95056c2d88ea8a43ebf61bc52f5
PWBE	PWBE-981	a7de491e6a14d3cf55db3def61b072dfd6e97318cd4809ee069d6b24c6062e3b
PWBE	PWBE-982	81acf0b52d2d72a5ed8df8531ee7a970654070076e9cb28af71125912722a57a
PWBE	PWBE-983	7c048314fd9c33fac39661b7ee9d080c621e05a0e55050756783687600fe3cfd
PWBE	PWBE-984	e27552dbe6b999ce4416f79a5808826b1980db68c39218902ca57aa430a98963
PWBE	PWBE-985	afce28eba6bccbc3b42635ac587a67222141b75e9476b9cb51f75edbf3d4b01d
PWBE	PWBE-986	f4718afaed45c899ff25d1016e9c809514fcd76dce2fb71bb6a62c4b94dcdfc3
PWBE	PWBE-987	e889e66c8eafe6c0d77c2918544e884fbe76be7676b45ac77eabfe7456aa0aab
PWBE	PWBE-988	b6a278ad8789d567bce91fc589e3b7054aad2580a261c75b5d0a984c006f62e4
PWBE	PWBE-989	1a506902bcb631ae97608fdeb49c5aad6ecaadf7ea5e4eac949f7a45493509da
PWBE	PWBE-990	366f37e9e05a78e8873392b2016150e80b3b957682baf5daf37ab21417f98fad
PWBE	PWBE-991	4cb8c7a0f84dd6b0219a726f1a7d5f0e839961645baeb3158e332faf09593bc3
PWBE	PWBE-992	34bb1fecb2852fdc5f308cb962e289bff4fce645319edf56c359f13f1b059bf3
PWBE	PWBE-993	09884ab1d4cbe9cc263e725f039e6e771e690d647f8d8bf894f9f6f8ecdaea68
PWBE	PWBE-994	ca711d47f19c9610e0edbc3f703753fa7d45cc7e2b41410c97727fda0821bf7c
PWBE	PWBE-995	0fa169361413956c9f3a7f2b1a4726d18e0af4adbffe976aece21fdd845c765b
PWBE	PWBE-996	dd1bae840840734808cf8595ce563a0b3b017a0dc6f9caa032f540968f28faf9
PWBE	PWBE-997	25d744e5cb931d566476c632337370ef3a25b48b5b95b6332965df2ba89b1385
PWBE	PWBE-998	00718fca6ce446a8175c515c9d7c21705a96d04a9a76ee58d2816217278e9450
PWBE	PWBE-999	f6b094b07fadfd4bbb697d6f5d27253b09a45a2d02bd3a57f71a10a5f9d352cc
PWBE	PWBE-1000	e19742e28b3f73282ffd749ec9116a5f7722c8ed7f4cd1668587e3d3e63c5594
PWBE	PWBE-1001	29ba99d0420cc95fd5165df9949fdea487e141f4a49e6ecdf4dcb3f0b9b805d4
PWBE	PWBE-1002	ff803831897802613ac7d8a69a220b061e2fbceb466ef29ae5f105bbc797ca41
PWBE	PWBE-1003	3e6393c7d1bcfc7cff48cb7c33fa5eb98833742eccfb898f3a837e3ef0940fb8
PWBE	PWBE-1004	cdebf495f336cd6eb94de42fc19c82db9d59cc0d6ac8fd2319e3a353be74d75e
PWBE	PWBE-1005	f95d236dc93501257c2b20ec28fbbbf28edc3668cf54a4fd4f6c3503132963b7
PWBE	PWBE-1006	95572c0a845b19e51c626d2fbec23a799d851dfa3d13db18f2bc2684ac9087c4
PWBE	PWBE-1007	7f2f779d0d79d9f65fcafa38aa8d6d227427b05ba641500f7bf382bdaf9e21d8
PWBE	PWBE-1008	5b4cf42be53f35d459a957795bed5596885ce2e6f4b5fc4321c47d0d7501efaa
PWBE	PWBE-1009	1cd3b5f406dabfab6e9d725dd75286490f74e5e929311ae50140ef79349ab7a3
PWBE	PWBE-1010	ac7507a38a18b8d78e1a7c491f0f8f10d867a947e379e00ffd8794f74e90d172
PWBE	PWBE-1011	d1ba9f6a2b1a5f8dceeade7664f94145b20590ea5362491dae88b8fdeb3cf441
PWBE	PWBE-1012	dfe422c8ed5f7b64e451829e9335b828e9450273d5092cceda2bdf6e9b5f5fbf
PWBE	PWBE-1013	bd50d69ad2bfaf915b875a67771e11d473ad2d6b6a60cd6024e957bb9b123c61
PWBE	PWBE-1014	60f51045e785bd39d648b2a69f60e8e34774d4979b4bc14376a63773e7cf9697
PWBE	PWBE-1015	34240bb451eb74b36e11f29d88fde9f98946e55e98768fb0c5f9492480bf2122
PWBE	PWBE-1016	f60a89328b72a0f8e42c03aedb15b4524ac5f096f741db317843fe7acbbabfaf
PWBE	PWBE-1017	76c1be82b887ab2d24eb036c0fb6211d3aadc3e15d27c6aa6496606cf7389a91
PWBE	PWBE-1018	59649cb9f3458e1bcda64dfa0b98238acc8a45c33bc3e71e5089e58c28456c72
PWBE	PWBE-1019	56f3d27bafa230662c640393b56a4a2ebe72749d30de6568323bbf489286f877
PWBE	PWBE-1020	deb80605120458cc06e8947019acc9a2595d5294992a26f1999caef521dcc0bf
PWBE	PWBE-1021	ea29d7b357212df436b0c163e49aeb95c28e5a44f061703eb922c8d4970815f2
PWBE	PWBE-1022	255f0d9956c59c7dd2d46acb93ddb698cea224a9ea2e3c18e88c259e96089315
PWBE	PWBE-1023	7050fce6d7977d5ce26123f611a3d7f350d33cd3a6f3c72de7f57c1bc5d15b8b
PWBE	PWBE-1024	ff878ecdbc3df1e0ba0af180fcdda7a49cb28017217ccd9d256d7d50a670881d
PWBE	PWBE-1025	c297976a46cae751a38e00461fc525542dfc026024ce414b3261ed9f94524c10
PWBE	PWBE-1026	89408ed127555e4c0a2c531ede51b2325887f933493156b9d7110355d0ce9ed5
PWBE	PWBE-1027	4a33835d6b6052c8a8703652559f36e69ed9be1e14cfcd42a2e45821fec55816
PWBE	PWBE-1028	baa7c294329af47aeea062fcfe04b3d46e955c5914357c65cf6efd3c50c35e9d
PWBE	PWBE-1029	d6f14648739ac9962ebf5b13da1106818e761cfdd6befbadfce8a4343a174546
PWBE	PWBE-1030	9ff56c36ad688c85738c453dfd9fe9376077b4d737146f4ff6a5a753b90d45ee
PWBE	PWBE-1031	97833eaad3d9a489cdb55ee8db81c6fdb762ec5f99236fa238128f3d15865c65
PWBE	PWBE-1032	27930bf69f3abc3169e3de67207078612946b48850ebf26fa9a6425c607e1cb8
PWBE	PWBE-1033	1057d278a75a53b8910065492bf88df4a2b222fe42564e252a840e63ab7da0e7
PWBE	PWBE-1034	622b21bd892193a0a3b1d04f95fe063cb89f9d006b80b85c2a1834d6e0bdbb8a
PWBE	PWBE-1035	cb04d46149cf467b83f964255f0fb1737805b9c0e66281a342dddb13cd32ac0f
PWBE	PWBE-1036	aec480f66418f185f365df089baecbac56479f9a4cc73aceda605462b0661cf3
PWBE	PWBE-1037	6f6808f5ace474460312d138e0bfe237d19c668937e65e16a45bac373e7d8c12
PWBE	PWBE-1038	8f7f0a0facc584a7a4ed8674a97294e67a0e6b50c3e9698f3b491c15e11fc91e
PWBE	PWBE-1039	4571f94c18a53db862365f101a60cd5f677a2c38eaa4353a812045db545603cf
PWBE	PWBE-1040	d980964886ba55a7bfcb62a083ac3189731c89e148d76c45956251ab60754fdf
PWBE	PWBE-1041	b744251bf0ebe6542c2c80c972b305303035ff652207a7fc576c4cb9cb531810
PWBE	PWBE-1042	20e9e43b0b6b686dfa0bdf90ff8ead055fa9be290771fbbf89323978de60dde4
PWBE	PWBE-1043	6b69aafed1ec6d6f746678e8d1e4c998df2f51bc4fb6581ec6c2ff5a58222903
PWBE	PWBE-1044	b13f5e695241942fb1eb05b6c75fa38dace3fcbf7d95042572cf1c0dbf17f5a9
PWBE	PWBE-1045	0cdc05eb7c360ac9ce3535c1712833829a97be08dc802e2f8b82661df68540a3
PWBE	PWBE-1046	24c48d9079a4571b426913a4802cab94bf687c2615c729912dda5aea3cbf639d
PWBE	PWBE-1047	727050437f2b618c6f9d1312b5c42397fddaec9aa8a51e69338bd4441531b5bd
PWBE	PWBE-1048	eac69ea3720a0f8cfb09069c14492e95518e94d5f88605bc9f437ae29c4d3753
PWBE	PWBE-1049	20773f9d653a6568e18d059829129c294657f1187d5e4d03f045fb29452c775a
PWBE	PWBE-1050	0eb2c49f363fc3f4f0ecaddf59520d11a72a7b52c1dcfc23e8a80109172d8e9c
PWBE	PWBE-1051	8b0f029183dbce85b2558da79b835b1cc0c10336011e7886e21822d51670f022
PWBE	PWBE-1052	bd602d6c81fa7b1353e648c2b8b1bc28a6552b426b5ae3a6581626fa6a559df9
PWBE	PWBE-1053	941a6a71ee086c2a87635e9f6dd9234cf0b4af6d29a0a022586393c58a683151
PWBE	PWBE-1054	f9e20c34cbce0543d6e2a30436a6b339f37622ff8ac01901ea847b3e29e4ad70
PWBE	PWBE-1055	2929488f210f732f8c59aafe3061c96988b96e54b924d297dd0a986326ffef46
PWBE	PWBE-1056	5714170613e4d59ffde91c0a97f3ba2bc130d2440edb57fb3cf53d0a8c973266
PWBE	PWBE-1057	6320468997388f29551b0b53a0d0a569c31a811b3abb8cfeaa23ce5708ada6ab
PWBE	PWBE-1058	d2939e390bcedf6573c68df521370d4b6e07ffd1c68d661e34ccc075bc11c8b0
PWBE	PWBE-1059	8d0f0f0334b01c981d414dc8b2dd66878395274215ed115ca172e8e679201fcb
PWBE	PWBE-1060	2eca2f23141a1ef0f883de5a5b69a490dbf83a12d601377929db9a427b951429
PWBE	PWBE-1061	1832125d5d62c0180d85ff4b52110b0230b371e8b540ae6eb2ecaa5ffccd0359
PWBE	PWBE-1062	050d536475ae8972780398108806045529e2aab85635404d3fbdfa5f32c740ff
PWBE	PWBE-1063	1fa5230e1288eb8a66d1630a6f0171e9c5af7d445a19a27b04ad9dba0318de2b
PWBE	PWBE-1064	759e1b5d0d95210483a72ff3e99264c7b82162a6427cb09f2ac91002c3078e2a
PWBE	PWBE-1065	9b01eda5e320be0dadbb42479e504026ba1772b37a0eb1ceca0ee8c5b906ef8f
PWBE	PWBE-1066	ad0fe20b2eceb3a46e9f0fd0ac2441d45d54592728c924f5e566a84d512c19b7
PWBE	PWBE-1067	4feffd7a0c65b92252598528ec2def7d6e77f562c285e033470893f1e0b0a947
PWBE	PWBE-1068	6c86a554ad8cad029e66597d4ced8ee2ac5833c2bed863ea294fac768fa99e03
PWBE	PWBE-1069	dbfa0ab4f2e2892364c70cabaf6e6f1e1d0ad4db9aa4075c09048c687bea1783
PWBE	PWBE-1070	aa4930f9144f7a0fb00a494dc31a631f7ba88035eaad1388bc17bced8ba28a03
PWBE	PWBE-1071	0d3de8ff44e777c7ab0d20415da8a7463ee3eaba1e246596ce6ea78c03e95d1d
PWBE	PWBE-1072	d507f93e623365fd259b143b3ea7ccef4d8ba94c445c53abb511432fdc296323
PWBE	PWBE-1073	04eaaac076d0b7e359ea5aa868e64783b0a6273e57dacf4b6b9408252eed58bc
PWBE	PWBE-1074	c673a056d812c026790d86ee17e650572e94ba0ea8fde0e67b466293a1e776f7
PWBE	PWBE-1075	0aea55474ec2e6f01d7edda5dfdaa4f165778ff9290d822936b8b5af974bf07a
PWBE	PWBE-1076	7bc670aaa23ada2bfe101f0ada507c76eede99a3d1558fa4a021f0be281978f4
PWBE	PWBE-1077	21353d9c6180762ee095b4e9c62695fc6c8dcdffc57c7a467d56b7ec1ef86c79
PWBE	PWBE-1078	e8362cd31482d1dd9f26ab52ba855bd2a92c203778385fe3e580742448e1800b
PWBE	PWBE-1079	2e28a10f862c7cc88b3e68bf7bf489f4c00595f88cda448545099d7cf191e8ca
PWBE	PWBE-1080	71260004a6ba09f68c50a31ba1f506bf6939e5382e63c3dd229934fc7c23998e
PWBE	PWBE-1081	2efcbfb492a2ad0f80ce7f6c8d25139c65957629c51cb8a619afa0cc5ace6e0b
PWBE	PWBE-1082	2ecf2828552a8d1a380d0de0afbd2f2824619183956b3953e104b9b44e36b62d
PWBE	PWBE-1083	b38e70925288d31be76df524f803d4a085517b2b61667133f7098c0a8f2c6b31
PWBE	PWBE-1084	967bee8f0f39bb7c4a190a79a3d71031747632e6f21b2588a60e123c520407b9
PWBE	PWBE-1085	ea7b8522989dfc865e930b9c33ac597566c1644d8d4687f2deba48f32063e9a8
PWBE	PWBE-1086	ac28b40d1f9e8a31d2e20f1d536570d869e2f7ef55a62fac1d7136521dd02e41
PWBE	PWBE-1087	17575ee2b9579447b4a5b622dccb7247e4d3a699609530dfba0038bf8f4b13e2
PWBE	PWBE-1088	1226917bf735416f7c7b0919649f424e36baacaada89e98a9b4ab39a855060de
PWBE	PWBE-1089	da7a5e960bbcad40ec8a9f43bd833731ee8bda98c172d619ef46f639b9639236
PWBE	PWBE-1090	aef81de08c12b8cf390f6144149edd13820ccb80c2719d46abca53bb9ed12819
PWBE	PWBE-1091	f6ebccd7d921473a7edbf8287e624f0d3cd43ef1ae1bd2f42362d218a0d45519
PWBE	PWBE-1092	56bd1b28a672713f553301f1298cd5f2a48d49303e8e777eeef11d5bdf1713be
PWBE	PWBE-1093	91f0f1436eeab8494d21411d56140724c603c1cbf17aaa3207ddd6eb6422f0e4
PWBE	PWBE-1094	75a9a08114679d90f622769919a5b2e84607222e48a31c925d53dda192011728
PWBE	PWBE-1095	07e7e8e519cbc96ba7eb8e526ae6fa01921d766d5bd2042127fa4e7bca1a1ab6
PWBE	PWBE-1096	8f0219ac9d3e1852865cca3a500d85c93c881faaa732e1ae67b86e3be655e75d
PWBE	PWBE-1097	8244b53410ddf0086af1b6071ab86ed33f34d9acfe3f25b95caf1293f9e3b6f9
PWBE	PWBE-1098	cb7a4d7a0632aa81f4e124fa758a03c0c97368525b17e7ed3d20522df90389f3
PWBE	PWBE-1099	6e118bf2f8d6cc991095be824ad9014980e026abd991387c1390b4d970bd1f71
PWBE	PWBE-1100	11e24a829cb61a38049609443401699a9095568f978c32c48c97d8f17cede957
PWBE	PWBE-1101	99eba3163f64f30fefdd55c26e84a8c95b4f8addb19e61152ee32a51c99fa021
PWBE	PWBE-1102	007a005a0dde897d274e132cadc831e10227174824dafe08363a3f96a2f5eb42
PWBE	PWBE-1103	8c53ab099c10e7fc3f03934611c9320a0f1a3c9a519a274bc134765b1960ed91
PWBE	PWBE-1104	e424ffe85ada0830f5082b9a1983665f90ea5acd84cedb3f39ba67572440333d
PWBE	PWBE-1105	65c2a82f28ac5d53ea05931acd54981a57cda1c05c64203b4c28c75ed33d0919
PWBE	PWBE-1106	f8e2c61ea5547a349a05ec50ebe70232e16df74113ecc7bd9f8684ec79912c5d
PWBE	PWBE-1107	17c235470aace5cd4b7d7424ce2c320d2c59c3b7b73889f72252bebb3e41f40a
PWBE	PWBE-1108	3216bf3219b0e697a939f16c8f42368580bf5a301d950229e225719c88f89b08
PWBE	PWBE-1109	46232d113397d31551a9f4fa4f2f90ec452ee0dff1b3e86a807d214728815f23
PWBE	PWBE-1110	1649f75547266f29acfa35ae8f748678af2960a846b220649c24c326c20c0551
PWBE	PWBE-1111	a39176c989ae8edd8152edbf2013da5d0725a04d0493e83ea53fc131706c0478
PWBE	PWBE-1112	5502d89ab006bd6987340ad014b4e217a7dafddd8232f7ece867689bbbf8dbc4
PWBE	PWBE-1113	45c43585f15439de4f305ab962c43d6b3e8345e596e6a866c16d224cff6a5664
PWBE	PWBE-1114	9da808bce1522bbca00bfdaed3b479eddf076abb1c7d00e570ac3dd5cf9f9345
PWBE	PWBE-1115	9e53c81780bc8f75ef0e9f4773662df68c9665d9091b0237bc12a43cc2113ce5
PWBE	PWBE-1116	9db5a1eac0adf25be0b8efeac41b5b5a3450b230637c829a10e8b1f716373436
PWBE	PWBE-1117	e1529e2aac8803f696f1426817e9b67aae555b92f967d446c7e7f4d419e7e3f2
PWBE	PWBE-1118	27442dd034b5f4ae61a11087517905bfc4a1b1b8fc1f938b909d60797a430ece
PWBE	PWBE-1119	a83465bdabdb0dc9dfb97afcf256f165c6934e21ac86c6933a36e1147f7817be
PWBE	PWBE-1120	ecf1d089c62dc9f61b69ace3f1bafeab43ee14ac5e0741f2da396d037248014e
PWBE	PWBE-1121	ebe6c19cf00da6e3d98411a8c44f5da75d72d22091652fad591e9b45e1d1e16e
PWBE	PWBE-1122	93df1a8bfeb177343a965d51b3c8c5fd64a56e185b5cb11ad43694370ef6fcc8
PWBE	PWBE-1123	0afe37b72a654851dca10700393b842ad55f6573af2975c83e2320aa4d4f1250
PWBE	PWBE-1124	a6a999b34ee8d25c4550baa550f501645deecffd829a21fe2841eeafb4494955
PWBE	PWBE-1125	d49bccc140f76653a43147829f6066e6d4111a97e3c88efda74cca47986d975c
PWBE	PWBE-1126	6301dcd38b9791533a7a0d9249b9bb8e528bf4b5a8a1043f615c81e6b6d34a54
PWBE	PWBE-1127	1b74e17996b1b0a7a313e1ae5de3126121731b4305a78b186c327defd7aa5b20
PWBE	PWBE-1128	52764a604be6ddec707198d1b55f96736230fa79f8ca244513163cce7ce34b85
PWBE	PWBE-1129	646fcf1950e3c454559076a85db34cffcb53ba452b43d1dc25ae8e737da65a00
PWBE	PWBE-1130	b6c2dd36701c183b01b186b67a601728288db786a634d25a3ae2a112ef6e2a71
PWBE	PWBE-1131	d47a1ac8325f112ce504834cd0c3e2f7494d54ce4f432ed1f019471678caa382
PWBE	PWBE-1132	30eecca4f04da3dfadc33a8893874fb3b35110c3a477ed1990f7ac2cad67098c
PWBE	PWBE-1133	a409fb6fd7f1084c6ce7c731cf121da415ba15bb6b713d75c36edcf7abd93005
PWBE	PWBE-1134	2442b8925f2a2018af469a061245be607f4524a4a81a0bab82f8ca40db65e8bd
PWBE	PWBE-1135	8ccb31d9e811abc8ab9801708fba2f71eb27451e6836f143a98c305b1aa679d4
PWBE	PWBE-1136	c1be86584d0fa2a4c3eb6d4b6562053a25e119b8581b796a58e5cd1023d95837
PWBE	PWBE-1137	007d82f88509e5a992ed339c6b06aba150ad5cf13dcf526b611cafd2d74e123d
PWBE	PWBE-1138	40c9bca20f14bbfd51b20822fdd7f7133fabf417108179126888e0e11f10ee56
PWBE	PWBE-1139	3e2b4b6303d4752ab4c2bad0eaec4863e427391219d930ead2d577494f6a2bb5
PWBE	PWBE-1140	aeba83f562ad655a84babf77b8a5f3f420a8eb4d33b9bcb903ef4b189dd52816
PWBE	PWBE-1141	629ee00cbbf498f8241960354d60fd6458b15c8c6420839acae3b60a2be4b9ba
PWBE	PWBE-1142	a216d5ce4b9c1d3d4bc1821c16349944b8a261a8863e0b2f816ca62a979dd235
PWBE	PWBE-1143	dbd2e5107eeaee80e831025c8e0d4a4fefbc9befda7c1debf429a2c1539d506f
PWBE	PWBE-1144	a2756014742b36defcb4507369f261d82188cadf1589d8b6104a19c248e3aa16
PWBE	PWBE-1145	fe99571e6f943445939de1d0d994f6d1eec81db7efca9e9bc6de72a9b360a380
PWBE	PWBE-1146	6798a75d86eecbffa071d9d8781423a992fa8918408a73d8a3d7c5ce8f7e7712
PWBE	PWBE-1147	677d3b3f08e93e2cd65ddd191414fb8cd7315c82895fc27e04953837cc242ae0
PWBE	PWBE-1148	632607b8b6091cc41655967b84be67371f8899035ea3f03da2d7df608b18374f
PWBE	PWBE-1149	c228fe16dfcbaac48104cc3bedb9378988682fd40c57422f14c1c3ba2556cc65
PWBE	PWBE-1150	778b791d4c50b64b8c4482aab7b47b5135d072f2b58a05c7ff472206e09db62a
PWBE	PWBE-1151	39dcd68ca8937de416a9eaa20390d401df86b865bafe72eefbcc8f05f0868d1c
PWBE	PWBE-1152	2929c353bd1fadaf73e67dda39858fd356f35a3aa7f1bb6f9b710f13ec4b40eb
PWBE	PWBE-1153	3717c4d41ab0f10d6615ade7fdbb6e6ae449baf998b7bc684db59a4d5d1d8b57
PWBE	PWBE-1154	76f753c0c0861ef9e764317d29b3b70f0194149de3f6f75a29c33d2354f1de85
PWBE	PWBE-1155	45944b190bbc30fb80fc61466805240e39c00a5ee0ad8cc7b4dd3918d1555450
PWBE	PWBE-1156	769a367a86915382743316dd1095d445d92cc1bcb516d5f709b345a7cacfdaf2
PWBE	PWBE-1157	4657e836ab38655852828a4fddebbc54828092fc86582dd6479974673334ee87
PWBE	PWBE-1158	b84c859d91743a97b41c8b0aed055afe8d31e37fcaeb8f9ec9b46833cca3e756
PWBE	PWBE-1159	35c0fe802655ef3b970972d9a49fecd5e131365859ecf1398b94cc1b17ec46fd
PWBE	PWBE-1160	d2a9032cf7c8a2d8bcf50371fe1ca298e1962983937d1b2c5234a058890f120b
PWBE	PWBE-1161	d363dd2de333aea236b2f1f219d3522f7c4267242bbc8a0d57c449f63cd78742
PWBE	PWBE-1162	0affd94d633cfd29ee5e84a2a9cac7b3e28de577622b12115dea11f335aa7d25
PWBE	PWBE-1163	a7f4219d54ad3bc9ebad23aa433422da01db92f5d6f6feb94ededb15e7d14a90
PWBE	PWBE-1164	fd4a6ce494920f96c56f34ff28c8684528c1e139ac2650ab83eac91e8fc65b0e
PWBE	PWBE-1165	98622b90191558243a6a8ac04dfbb5d12baf3b211ce1d2711d25beb37dadce17
PWBE	PWBE-1166	521e091c7d5a60932f6bc42ff3de35bb759d2e03aea41a108fba042362c6c092
PWBE	PWBE-1167	1bf539cf38516950d2de86e70018b595511e63acca08581f49395238c3c09660
PWBE	PWBE-1168	bb9c7600010c0cf8f258c52517a0d1c4a57b899cd7391e8bc762643badc376e1
PWBE	PWBE-1169	4d57775f0018d9692bf0d80519856332e99ac605c95850077455ae31fdab5db1
PWBE	PWBE-1170	086cb87fb50ab37f703b079fdfdd44c72ca93941d6624406843e2a971eec9f2e
PWBE	PWBE-1171	8cd6c4d88deec431bd85d2d3d2cebeeda936b833881fdf460853e876a8f4c5a2
PWBE	PWBE-1172	0c0d9633abcc74aa2ce1d3ae343e771cda8e6ae5ddd38269eebf9bfa8348ec4e
PWBE	PWBE-1173	678c46924f749a7b55dfa2748e0bbbeca047393779a3bb8a6fd7a349108a2f25
PWBE	PWBE-1174	37ff17f5cf02404c6500068b86f7827ab6388cb4d0eb79787f0275ef0699384c
PWBE	PWBE-1175	1401665a28ee6354171125c564ec85b3d049698ee3ed0b758edc9fe5ed7709e0
PWBE	PWBE-1176	1e774120072695020dae93b91aa5e4893cf0b46def6dce938bef1c3cd03c2c65
PWBE	PWBE-1177	ae67de11ed0152b55f6d0f5d148fb695f3e6e6f6f80f441693e2e310c96971e6
PWBE	PWBE-1178	8deb9682b6629afbc0715bdbd0b49a20a3c505a8e54e528a1788bbdc0a1bf05a
PWBE	PWBE-1179	0293aa9d088cf94c9bf0b2c95aa25c12e3943086d68e75e64680647b78166af5
PWBE	PWBE-1180	e5d5d5c8447f25f9b08908bfd8ba0c05247c99e512b86f6ca494f0b0f0fa05f0
PWBE	PWBE-1181	ccd7096011f4e503eb553191ff05eca350e4901dec72181e0b430bd28389408d
PWBE	PWBE-1182	cce48b106a4068274353ab5ef7126cddd0c3ce410a17e96fd2024d73c6d3adc0
PWBE	PWBE-1261	6e539643c3bd3944750db2ca604ceeca28c061f8f5367bcda14e39d430152caa
PWBE	PWBE-1262	194c010553190aefbc4e64852f4c9e04de36b606ed6b3feed9e887c2de5bd260
PWBE	PWBE-1263	20bfb95d52ae7990b66e170d16dc13dd9cdb17e4bb0eb1b82f0d03b048db16c1
PWBE	PWBE-1264	58951af2c64fa4d6e46a319e0f8f0d92f694c1ad0fa704160b0eb8a3ab23c8a6
PWBE	PWBE-1265	7eabbd02b789fed6a370b2d96ccdc5c5fa263ee350e09f6299410aafe5a38f31
PWBE	PWBE-1266	9940a922734c14e3ff032b01e250f8294d86bb859c58ea4296744e22b5ba4fe8
PWBE	PWBE-1267	f92c190388c0b86125f6d60ae6b392e6184b1a4d56f06766e57dbf1454a1e1b0
PWBE	PWBE-1268	2a6459d225e055e012ab44bd7cedf337a9e35afee44af743858a619a0e5fc0df
PWBE	PWBE-1269	87e06b0da78bec0a8c112193bc40edacf9b0a929a012211fcfa5278a18fdb9f1
PWBE	PWBE-1270	fb46d42017df521123bdb513f3160b0950f26173eb11a01143a93beec3d87903
PWBE	PWBE-1271	54e7df120262f3b6c284096e8b9e58aa092b774e85eb23ffa359c1ab0f8e79e3
PWBE	PWBE-1272	f6176439e04ff9b719bf5cfe14bff5fb801a92317064e9b7622ddf8690b96a0a
PWBE	PWBE-1273	863890e7498bc54cdaf79cfaca48db26693442eb1470600e4098abe2bd473d9c
PWBE	PWBE-1274	16a4034fb879eea45dc9786e436dc89f3eb684bd6458bc9f08c674e985924ae9
PWBE	PWBE-1275	005754eddf09c070168d4bc1bfbc4f7c3cd161fb73e15f9baabfc482b1eb7316
PWBE	PWBE-1276	2d46932b3b23ccd9d9e2f0915c61deefe7a27a2ce6c11379a1a955502ad2331b
PWBE	PWBE-1277	30ba6236d29cfee278e7815df5d2906dc928783d0ffe195710c44d0f96846e55
PWBE	PWBE-1278	3256fd3b47e92db46acdc2729842b94099dc159823a6315c8ca2d0444bc725ad
PWBE	PWBE-1279	183a09dfc46059810c502ef21f5a0a085bb6cfcb4f94440902c90f4186676c54
PWBE	PWBE-1280	ad162ae1a0ca1048f31babe109ca66759f15cd424fcd5760128d3b25c9e73231
PWBE	PWBE-1281	a81a5888fdd776b9aa7b030109f075c2dc2cd846b4adb117da8518afeb70f877
PWBE	PWBE-1282	aa2f40c9d168726db713f301a1621c7cbb590cb5fee0e929e07a1247f655c7d5
PWBE	PWBE-1283	af42a796e5692de5153829ebf70713b52f4f1d316e5417ff5cf2652fd09c00ea
PWBE	PWBE-1284	e27d77286e31f313941eebb6b053f55a9074a8ea8d3fafbca8c11962d086afc8
PWBE	PWBE-1285	079052cce4fc353efd2518a9b28266ee24ddb58389d5a56a181c08c1ab5b2919
PWBE	PWBE-1469	6975937f014f0876288cf7d37046e19743b819b9f896ce59f6f66e5e690868af
PWBE	PWBE-1470	9d908b27c5af42200a7c279903d8e37df9616375c52db7826596ce67e89f6f34
PWBE	PWBE-1471	df3a8b88daf52de5eb948834cbf3370d7b7c1b3c1854f58c49c0ed0c892f61fd
PWBE	PWBE-1472	f8cfce6bc610ea37899a29ee127ad15c8fa409db9c9f03a4f30717192b4f9497
PWBE	PWBE-1473	a50834cc591214eb03f29586ef7f99d14dc9e9ace2b04df444467cb1b5ac3bd5
PWBE	PWBE-1474	abe459ffcca5c4ae45f73be6703741e27dcba0c0e5650da5cf5a53bd60792b09
PWBE	PWBE-1475	376393ed06d1b4aee3bd3156a2a4d9402fbef8c6e72f4859286cd4068572947d
PWBE	PWBE-1479	382f9c87fc97a310d5fba0aac38ff8ae6729a5c3b11e25a27b93e778e994af1d
PWBE	PWBE-1480	9ca7483329da445510eebe0155b58ddcd91b588fe4679aa68f6a92f5d13d246b
PWBE	PWBE-1481	d47af4a42d8223b5ea2ba1c731d8676726910d759375c8b4d4d6297e9c900945
PWBE	PWBE-1482	8d7c1e39317042d5aab540582e4d0dbc60a64fdddd0b6a5a286ddf27a6c33165
PWBE	PWBE-1483	80681cf1f0c2d5978e8175569c84d2dbd188995870bc4e85cfff83d9305aaee9
PWBE	PWBE-1484	28ef370fb76e2cbee0c1f974859d8c65bb136788db1950a9b83f40acb77b6797
PWBE	PWBE-1485	0541599274bcfa77b85727769074206d46377aba330a0e6a6b685b8dc7bc88ea
PWBE	PWBE-1489	196d7f8bf7c93a20a588f9a48e760875732997a453b378a5e16869cb35c2aae7
PWBE	PWBE-1506	56847df5a51058a750aaddf4c3a6abcd15e6a3e9e45aa3602b9d60383ecb48bd
PWBE	PWBE-1507	51a5bb3ed7569b897e25709682a25508d9b6ea27a5fbdb309bd46f577827381a
PWBE	PWBE-1508	74f7bcd799fba65134890a125ec273e001cebf7927a886d2c585b34602b59ebc
PWBE	PWBE-1509	37f66a12b2aaa9febb489db6cb3b5a3afa009049efbc17f69c28b2dd2e64f85d
PWBE	PWBE-1510	eff01a8f2a218704f7e5538768c7328d48760b3c5f1955fc73f02cdd0c8311d9
PWBE	PWBE-1511	4c47469ae30d4db91587a9867a5f0f90e73f2da8efdf6bbb95d6e3eec6e2da86
PWBE	PWBE-1512	1c4b969508ac9c141b5e9b7068c3e25ed3afb758e1617bfa0c8805519e6abc9c
PWBE	PWBE-1515	70e5b5d7b6aee825d1d103d5c6ac99b661f896113eccc50d4fb0c46c12958ae4
PWBE	PWBE-1516	da194b2a32581263cf7e5c5fe5610a70b66326b01b9b4dfecf5de46cb33d4247
PWBE	PWBE-1517	fc47abf11fe3ab859c0c52d4b4fbdc3dba4a818234c35090db0fe577f723236b
PWBE	PWBE-1518	aea17187dda67b63408c07d8136b587d003561b672681cdef67dbd2281fd3600
PWBE	PWBE-1519	c4312c02ab4b3a5c32945f61bf13fd854eaa4fbf35523bae240144f43e14f75d
PWBE	PWBE-1520	a65ec179f2c7dc0140b3404b6f834aa6a1b4ba3058c110221d57111851bcd376
PWBE	PWBE-1521	e122c852a3eaa7e39edcab3be273acf60220d309e149fbfa7f2baa67c4c568c4
PWBE	PWBE-1522	ec332e14f6bf84e55c5bd57064be65844bb613825ec35d0fd2671c748ee13a47
PWBE	PWBE-1523	3731140f7d6d49c30dab1ca55f32ac1d6b055097c7f51734313e604205262198
PWBE	PWBE-1524	27621439323098616fb49b62472ba6259c195da74cddcc528c76a0b855f2107c
PWBE	PWBE-1525	ad6da8a2d23b826afb5538a30482e31aede96dcd1cab7dc0e6b37d2d0f30f640
PWBE	PWBE-1526	1f24d7d69bcb3334a42da0fe84b63f40ff9f46ebad8efe815802e7494924da18
PWBE	PWBE-1532	48a2194c1f1511adef07e8d48e8918dc4734c7ab0836109a81dd9027e73a3ed9
PWBE	PWBE-1539	44d7e9c65a9e67ebda9ba67762ee53734a46642e80726c2a25bbefb9282beeb5
PWBE	PWBE-1540	f40c262866a1821e5c7fd3fcebb2087180b65bc1278054d051f9cec23e38f84f
PWBE	PWBE-1542	4a4c588e3b1523b00dfbdab5927cd452a1bb8273768b6ba65858fe08862de7d6
PWBE	PWBE-1549	8d30274f9dadaabb5cffb8e90ccab6f100a95a543c3ff06a1fa188090fda871a
PWBE	PWBE-1550	9d70758a13e0ccc6741d4ce25d370af9962b7862e0e58b125b8a17563b73181e
PWBE	PWBE-1551	6e18b3eae7bb6e5775901b9d786b929d814212cbc544d0c2d13e562e58785bf2
PWBE	PWBE-1552	04c5e7e5cf08cbf2ab0c968df991e6a31b5b1e097faf7d829b65a65ec33ec66d
PWBE	PWBE-1553	710b87d5375da22c41e785c15d34874e7927216f8fec5b762f5e0e8a2bd37c85
PWBE	PWBE-1554	f35a95993c6c3b922ba918d737a7af2f942c14b4077539a9c5ea5b9d85f01598
PWBE	PWBE-1555	73cfced32399e4aae6a5d8ebec820b30854336dc15df2d7343b1cff0866b6002
PWBE	PWBE-1556	1a28bbca1b223a566aa8844b34991a473dcd231171867a9beeab37a7d82fd3ea
PWBE	PWBE-1557	5e4ba092e9817962374fa6e28bd965e9a0a6b239ce62956f6d3876dc5ceee30e
PWBE	PWBE-1558	e4e8994a738ec122f2bbc4072b001c4f7a6053ee20485e4414ad08b1e9f0b8c6
PWBE	PWBE-1559	945395ae1f0728a9231572eeb51de97deefe81036f7a51ffcacef2e87fb58909
PWBE	PWBE-1560	a51b49ffaa071c4bd4bd9facf64825f830bd26491bb1ad942db39418c9bcfdf3
PWBE	PWBE-1561	aa71f7b32c7931c12a17b174d50f4f95c55885897883d794e7793d43d070310f
PWBE	PWBE-1562	359c5661d504d1effae33aa5224894d0e963084664aa06437a0392faacb06d2d
PWBE	PWBE-1563	4513dc9a34c7afe7ccb0da8a598b0c9d46ea0be18841d9f0f87286228e302013
PWBE	PWBE-1564	0a07f4457728488ce191e10d54b4e231ed38496081ed0f8c3f1c75a855a454e7
PWBE	PWBE-1565	0c8dab4682fcd6594b5660ab2fc000730ac8d000a0a7f5bca331cdde2321f195
PWBE	PWBE-1566	eed63f5cbea7abee388691f4f8cac748a99437f64f8ef9c5c2f1d9f6874cf723
PWBE	PWBE-1567	d3e7504cd06b2958804a5cc136484dffb6547fdfea4b23a12e2d7b69bf92f53a
PWBE	PWBE-1568	82d5b6133ee0c41943e5569dd9a8577f82bafeac057614c615fb0fb4b328dbea
PWBE	PWBE-1569	33f237410840cdc75f2883b7d3fdbfdd8ad5c5eb662189f779b5091ecd82c897
PWBE	PWBE-1570	6c72386936ff442e6313b7dc8c534e39973e06b809c442505697869bc3373ebc
PWBE	PWBE-1574	35d7aed05686bb7762218e792ca8676d4a627e59ae4c84869d100cc0db8c75b2
PWBE	PWBE-1575	db724a7844e19cd6ca1a31a3df3bb154d16b0c20bb6efc7730d4b604bd660835
PWBE	PWBE-1576	d38c861a77fb0c2e1549ac61d3d2e616e1a4a8d6f6134e02db334f61ff224d01
PWBE	PWBE-1577	e5aaa717c4571aea246a9d99ed3588f47bb2d2208c390bfd4c5eb1f17d2e183a
PWBE	PWBE-1578	aab8ac47b05b9e6762c09197383b748fed20a1535ed0bebccb3f2bbc8c6e6aaf
PWBE	PWBE-1579	23b82c18a551b0f54c4bb8e317dc29847ace5709a42ae57769b8464b1793ac4b
PWBE	PWBE-1580	762f3401a87e9f5d7a6234068e7694ea8834e0754044095fe4f3488ff58d8d29
PWBE	PWBE-1581	d396d92b262f4692402ecf1c48a7c434f7c57f722d2b0a41047084537e7d835f
PWBE	PWBE-1582	79b54910a73e1a6214f6e0b80122733c15a2dcaa5b6e42d92fe94992073043d7
PWBE	PWBE-1583	962c6c8987956fbf6768f79a98f48955d590fe1444c753fa64a607ca5b3df511
PWBE	PWBE-1584	92acbd0188c9de8310b1815833eacdedb3cd3e9b0074872a1e916b8042563c83
PWBE	PWBE-1585	2528a2e312bb0dacfe1f9784343ea1d648884ec54d670c3fd1ca173d271e2c6d
PWBE	PWBE-1586	3e0823a31e5cae6d48a66482746662bf681104ee859ce2e97a04d6be1f66bfb8
PWBE	PWBE-1587	7fbdac7a4dc5a494cd1ad7fc19e389bf84a8566f37ea727e950b273f8d3ab2c0
PWBE	PWBE-1588	cd30a2c0708811c802a8e7c070ee2f224abc21fe7315dfa85943f08ee0bbed55
PWBE	PWBE-1589	3cc1dbd831b474caee58b572446cbe35dc2c91d57e66b302841e8b82f0a9bf22
PWBE	PWBE-1590	30e0da5272826423a1277a33e014f7b8f5775cb0c052999ec71fd151dde6b6d7
PWBE	PWBE-1591	7a417e3efb5acf45e91f8b9c92dfccc46997f55c46218d36785452e40ac9a3f0
PWBE	PWBE-1595	2d3aa8a0425e8be1d8bfc9c9c7eef69f6b086c6258eaeaa2aacb7d764e5be9b2
PWBE	PWBE-1596	4abf7627c4f932c3a90f00e2b629f65342f56232e0812f1f68079f01e854227c
PWBE	PWBE-1597	814b9b5deea856e3f0c50a33ca88d517c42c518dbcb3954510d9742d862d137a
PWBE	PWBE-1598	053d33f75becd2cdcd2b3854cd5e648b5e02aaa401092b1cb0005e900ef71a7d
PWBE	PWBE-1599	fc95e55e8ee4c5f2d73d646ca72330ca2ffd284b1c180f189a7ef07332243d4e
PWBE	PWBE-1605	92252e6d9748650deda8f09f296679fd528f206582441b8773204984003977cb
PWBE	PWBE-1606	c0c25aab0ca885e9fa900a9c2dfbc6e8138602c5bdfb02966dd99d0d6f382c12
PWBE	PWBE-1607	9bdb52691a81013c4d7957b346909a12621d94e41d3399873dbe4a6abae90938
PWBE	PWBE-1608	2f42755ed02d958223aa3bba3769f6f4ffa369883668b279a836f5e4ef4457a8
PWBE	PWBE-1609	960e10c7054c120205c38a3213a358d01c2ced9e18a27596de3ce0fece235588
PWBE	PWBE-1610	c825c61c710b43176d72bd3f2520630abbdead781cb72e3e145a6d36dbcf23e0
PWBE	PWBE-1611	e3d92110aecf2eb35c966317f6ec7ea117870b3896eeef6d8bb4ca9d7b28fa98
PWBE	PWBE-1612	cb3a71e5306844c9bb23a23506f92846574a74f1ac86bb9a91d68d8d65c38698
PWBE	PWBE-1614	4301ae243dbfd339095d9fb267b5d3c8115910e165444e0181dd08d853bfe324
PWBE	PWBE-1628	3c82be2fa61a5e14a5f4348243d095ccaefae0fa20b3fb9dc89a58658feddb29
PWBE	PWBE-1629	ccd4ed9d9ee864c1c6c18082d83f7a57a01f318b4ce02bac85daf49ae7bf3e26
PWBE	PWBE-1630	02d84d8a18d361e9005ef8e42e5ed3af61c56c5f3021f723b0db658e3f88c6df
PWBE	PWBE-1631	bb4cae09cd3c212e0f104caeb676fda6070473ec641be7d00ccc766b0553c5f3
PWBE	PWBE-1632	ca93d7c1b53b15226cfcce2f4fe20e15b850b20ef05fc37f88ef0ad11f69e777
PWBE	PWBE-1633	d75c997a7cd0c883832a287c66d154d8dcf9e610b40e25294e0bbc868c70852a
PWBE	PWBE-1634	1a2734efcd6c462204587fe72a3f578eda5670d5e9632c53f60baa1d255511aa
PWBE	PWBE-1635	b36f285bf47af5ee0c9a45248e227f07661b32e2542156c52b2aceb100b10a19
PWBE	PWBE-1636	9cc0c5e3b8f7d4a4fb3e9ceaf08c9188895f90dcb49dacbf58e4e0fa61892eb4
PWBE	PWBE-1637	db4ee12c4430b1e8cc14db2ddb33bd8924178cb531a5baced134a4db13e9981d
PWBE	PWBE-1638	b58f57c80ba608b426e51616fcecf08d4ce6271fe6aa266f57cd849a6e550a05
PWBE	PWBE-1639	3f4b2453d7d5c1a98443b7998530e8974fd0951d108e95752e76946d641499df
PWBE	PWBE-1640	2eff609c23770ffe7de2131d600c41edd67e079ffc05198cd1607075822c15cd
PWBE	PWBE-1641	c470391c22935e8adb560d4a99c5fadbb0d9c157ec4188f1d4f17d5350c21937
PWBE	PWBE-1642	c5309c2fab500a23235e3c983ff3fc9a977c54170183550ee7213500fd347f4a
PWBE	PWBE-1643	04715c69ab10a1d9b2e96db2f014b898e7685df54d68d4febd7b4313a28c1b32
PWBE	PWBE-1644	4dd823bcb3f48729e8f2e3b70ca4dd633988564af6eb018d4236915571212573
PWBE	PWBE-1645	6001417c42e85b5cd3e759e597d98300418d1bf58a6755bc11bc78a2c50b19ff
PWBE	PWBE-1646	eb367eb0e4c8e545f9c0545cb2b8bd0c37c86e897c704cfceab33c0be78765e6
PWBE	PWBE-1647	52dd88eb6138c2cac1d1fe9f1f03ce80c50ef4fdfacc81ec3eb1f965f9b03f76
PWBE	PWBE-1648	b2db11f36a52de7b0ae822649417d2062f3ba4f6048d72693b08b12d9b6e040a
PWBE	PWBE-1650	d940d0d8ec79a8747f465558663b874b5c37e2b0025c834776b3c100f849f94d
PWBE	PWBE-1651	777bba9a996c002b6a52221694f9d02316292bd3031f77d769c882d2d019c80a
PWBE	PWBE-1652	de8fdd6a7a7aed7fddfa924a0f2efd87b9b4a680e258eeeeadb2464d69790ddc
PWBE	PWBE-1653	5cce450f50d02bc914b38007b2b719fb85c7f8347744e66824883f02ab41caaa
PWBE	PWBE-1664	60a3ae99e17fef12c1e28efce93739fa0d309d3d519beb49e6ef070096282ce8
PWBE	PWBE-1671	45b3c9d7c19ad48114737a00c082855ddb5c4d6e7074ba8adb328b7ba844fe74
PWBE	PWBE-1672	3817399287c10619c02b245fcf45ca0ade94580724053b21b4f748bf02ee2956
PWBE	PWBE-1673	76e48bfb1bfcb4629658de5d7083157ac984a8044b7f59eac929c6e4b73b4f07
PWBE	PWBE-1674	8580ab1a29e30f1be468dc95b07b72b4d70318ad059e686a89f69a38759c6fb5
PWBE	PWBE-1675	4e7c876b5a7a490c17e5ddb636e1b07f5ede288e5c402864f43dfafd80fb4867
PWBE	PWBE-1676	6e8407dd8d43e08ee38939ed066cc7a90ae673b44902800e58f909a1ac1cf571
PWBE	PWBE-1677	f47d7b98dae1c1ec00bea50ecd5abcfc60588ac6d9615bf7ee9c4fc132ee2e3e
PWBE	PWBE-1678	dcc3c6588a7773a5dcc054fb932af4a7e939e7799e0e7f919361243cd42c3c77
PWBE	PWBE-1679	a92028da1d13e5fb71a78194271e2d8c7ae970c0f1de968e5f7272166ea634be
PWBE	PWBE-1680	0a1bf159dfdd49814c3c5fe920c67b87f8d1cb1e53c4df1beba7f8eb9906123a
PWBE	PWBE-1681	1b3350aace88ecb545f855b6b29e69c5d696bb78d3c43afee80a8440ab756777
PWBE	PWBE-1682	7e2bfe2b3a1ef510b081af8a61ff69966b5cb390d1cc8bb5a4f1d04d003b6c01
PWBE	PWBE-1683	639aace4c999e9021a8619b4c1d6b3e49fc1b1e7a5f58fea539baca09f15a3e2
PWBE	PWBE-1684	bf05dd62cb58eb145f20a22c0a3cd3aeb0beb479b27a1ee4ff6ded7eec2ddf3a
PWBE	PWBE-1685	980e7487de788bc7a1e1187bd741f91146adf32a0a242429850f84323391a64e
PWBE	PWBE-1686	6679a416656b7be3e529dcc9f58398a8301d4f50f98ab987806cb88952b375e7
PWBE	PWBE-1687	fdc50f151b16065d4a7b273c73e13bf64ef5b129df1e97cfd922c07d824a9cf9
PWBE	PWBE-1719	1efbf2efea7bdc7d3a73e4fcc761034bb12c01def00cc050b1d711f57e8792fd
PWBE	PWBE-1720	e948d50a36577eb86f39ff812432204bd13212be211e841f0a85630b5468c321
PWBE	PWBE-1721	b4e95a4df3115af68f97f0d5f5be45d0e39aa48ad5a85a1ec24f688737e40bbb
PWBE	PWBE-1722	52ed8520df0c54322fe4c617884472e539aad8f2f44dc489c79c2b47e1d36cb6
PWBE	PWBE-1723	e261b191156c897c190450feeb26f13ffdceea975893dacc467b234c6b0ab56e
PWBE	PWBE-1724	88094ca9fad3319b86a9b593edcf51b2d3da450337523f961181b6c5636e4bdc
PWBE	PWBE-1725	1977fe15a3d6f62810430b964d1d41cb19fd979655078563e716ba599e2ce4ff
PWBE	PWBE-1738	bdf9fd24d9d8834652b233d62bb188b67d580147d95e87045f07dae6ebb90a05
PWBE	PWBE-1739	f76aa144ecd6464361e64174a4dc27077c2d1695023fa698534fedb37be69fac
PWBE	PWBE-1753	358223a48f5a039972520e848b8880c40bd323a393db567298cb2891f981b86d
PWBE	PWBE-1754	f2c5c4f1e8a03f9157f98105eeab0c14b213dcec8531d1d1cc5a792b6dd11ada
PWBE	PWBE-1755	a72d2ee480c891839e241240a6eae59b2102c1429fb2638a22394d81a60970d3
PWBE	PWBE-1756	72e3eb165483e94c5c01ac50bf7387617ad5bf966c70c8f27394696d443ea4c5
PWBE	PWBE-1757	2520717152bb1fde2346f2236654b21283dc41025e344f7567858fa2cd3310b7
PWBE	PWBE-1758	f66c4e3e3aaf629b9ee6eeda62a9c8e9da315562bc31cfd9238c75a1f6b23cb6
PWBE	PWBE-1759	eed68bd7fbbdf2d23cf9ecc28bb0e28acd7adafefcaede5c5a8f9934eb0870a1
PWBE	PWBE-1760	105151031517903d76c17b221f64318e4a9e64086ca98a64271a9ee5894b3b20
PWBE	PWBE-1761	a360d68854e9c20a3c359521ea110e37e8635de633bdf4a96cd07b732219bdc9
PWBE	PWBE-1762	763f6770d50e052b3b5572f5eda2a8bc9056bfe01432fe95625727f209f21433
PWBE	PWBE-1764	f67be0484de29fb1d1c7ac0e508e12ba24eea5e6f7eb34137dbfa595a0bb4876
PWBE	PWBE-1766	6da2b464927df4b6c021288b66b75a591b48d21561607a302843062413ce9428
PWBE	PWBE-1768	16b482f38889e8808a760b9e5921ad5743b82affc594ebd6c873c9a4ec1566da
PWBE	PWBE-1769	be906551ec1d39e7176be40dd24cd447cd0fc430a764d5b1462c0ee695b3c70c
PWBE	PWBE-1775	7771053947022d7e70202c8dd68d412d52a3daea83fcb115b83d9b8045bd80c3
PWBE	PWBE-1776	036156efdc98db9afaf004ba70d43ab12dc273b9bd40cc96fb3a019383bc807a
PWBE	PWBE-1777	89cb4be74d76134b0ff55292f2e867d8f32a5f55ddddc78270116ebfc8556d65
PWBE	PWBE-1778	a7a078709d8c26933b314ad5df1055002b86948560f9c37fc9cfd9fab199ad23
PWBE	PWBE-1779	3f64f8b964901532c5e86963e9af46ec7177801a079f1bdc20bc427a66009026
PWBE	PWBE-1784	54ddd4841228bccabf8022fa4898f205bab7566ee2b359796ef88f88de7a31f3
PWBE	PWBE-1785	856e607b6f92ab9236ed11b11a977b23421065c7ffe0c18d91f2973ac881795e
PWBE	PWBE-1786	50acc90d71ca225f7b393f56f921ffe98d17b347e3501b55a37da6afe7b24d91
PWBE	PWBE-1787	332aebafd2b674d824e31a5abce8c97c095cf6cdf3d354f8de33afc12cbd5722
PWBE	PWBE-1788	6f2b5b2e2f5f50da7319b1c3d9fb260daffa1c7eaa676656b5e52d432f6caaef
PWBE	PWBE-1789	82c1db67e00b59c1a40e591f45d83ada66f3681b1477f2a1fd9d177296fdc7a7
PWBE	PWBE-1790	c53f3df9dfd5e06d8b3813fe2d5293e604418fc3e705c6e5dd18fedec2f5b9c0
PWBE	PWBE-1791	be9ad5b9fb60ce898702c9e389d79bc628923111de20c3809d1204c4e86a4374
PWBE	PWBE-1792	62e5faa5237eb34d75e22a326a887cd7184b679f758d9ad24898a6f08f5d6860
PWBE	PWBE-1793	ecf1fd62aeeba558e60ac117524a141a70ec84af50583fde9dc8579fee1b8a43
PWBE	PWBE-1798	e3f3732604bb41c51d4e5eefa84f7a6668ad4648ad02e76e621c74e50145a46a
PWBE	PWBE-1799	9b4501166fd9f49b214cd9dadaf402c03c1f5768ce8af13f6293af925aee6fd6
PWBE	PWBE-1800	a9d0f89427f3d726e7582d6e9b762682c0c1947b95b036c98414ae89c26e8802
PWBE	PWBE-1801	cca7e6be1cd37732241e8b0a94087e8ae39898b8ce8b60ba233f797c045411f1
PWBE	PWBE-1802	5e1e8894ed62588426dec29f54832e234ef62c424058d743cad3673cc8b4414e
PWBE	PWBE-1803	18017b931cfe5ccc38afe52ee92446beaa94456750529b217ffe39a1bb034f91
PWBE	PWBE-1804	d62ffcf043697087925ac90eb1e7e1b19b08812d72b17791660ab7adf1c6da0d
PWBE	PWBE-1805	23aa97345330e6defc2ebd2dabaa5e0c165bd50a206ac8c77ec3d184feeed825
PWBE	PWBE-1806	52030a079b21091835aac935cd8bcb77feb0e324da9f4b1b7bec57774d1ba4d2
PWBE	PWBE-1807	ed562f7d38b468ba14cb43c263ab9c9471c5ba01c2b8908f6ebb5ce11b4ee65d
PWBE	PWBE-1808	aeb77f69697bdc85400290126ab6fe7208d8195e616f073c4781c7961b6de027
PWBE	PWBE-1809	51853bcda6df5c26ec794f87dd46356cd37d13ec537ea9da3d5c282e4de7c33a
PWBE	PWBE-1810	ca60d509a1a089fb3f961524e9a841563f0f84033d3820e1b272a1f8d0f4d99a
PWBE	PWBE-1811	ff551ffc0daab20f8611d049ab2a704e5966437f6762f5723af684654e549d1d
PWBE	PWBE-1812	0a13294176f4b527bc9140743b8fea5a40ae400c509b8f7dc6afc5c31e9c7cfc
PWBE	PWBE-1813	9ee5a58403bc0b7cc7a7615bd186143f726ba3851045b94518cf1865f51790c4
PWBE	PWBE-1814	ee05eac135710bc8edfc0f56d3b27c8de08ef3238813ac1da5bd6bd50a977e2e
PWBE	PWBE-1815	e9f38b90b7ffab7267ad867c1af4898b58f2ef20c11498ec4f40a7e99852483c
PWBE	PWBE-1816	4e8ddf9a2bd1791b3875518a654329795d006d9c973684ad2fe1faf77c825454
PWBE	PWBE-1817	59cc2a6ef350d2c65821999bf84d9af2a880eb307c26c853b5354e5eb5aeac9c
PWBE	PWBE-1818	0545040443b977982158f380961f3fc7bd70afed851b40653b76374046bdf385
PWBE	PWBE-1823	fcc69282571144e9f8f696e5bcebc366466f7d6d8ec02607b7ddf978a5db231d
PWBE	PWBE-1824	7062f3398ee19c8a76aad67826683df16fd0a91d53e4548ced10a6fce291f9aa
PWBE	PWBE-1825	cac4742a75a015038bf335edbb978e2d4ca757efd3100aee22a6b18a8c134fd2
PWBE	PWBE-1826	06bf0f558206c69c7e50945814b49cd99d0a9d9803f1ecea3c28f8ce443b94a3
PWBE	PWBE-1827	65f9af052186b38d106682363f25d33242262d1fd215e85e35158c262a85df27
PWBE	PWBE-1828	c53f3f04c08f146f672727c427363c87a7578c6abb38903eacec38d92249a65b
PWBE	PWBE-1829	0db39ee785d38da8d5b26961ceecd1f2d64f35471732ae2daf9afa41789d49fd
PWBE	PWBE-1830	4cd4ee77746cdf99501ff6358a39c339672d474727f5b3f194cdcab604c0ed36
PWBE	PWBE-1831	be6564951572dc600919cd8a6eb5ecd928db3ffcae0792fc09253320b762a4a1
PWBE	PWBE-1832	c9b6ee2aeab1cb7525c6b8dd98a73b8e3d63c93150a66423790ff3138c980569
PWBE	PWBE-1833	f43b13ebf51121312b6ca429355c8540716dd81d94ae5472eb6a7298bff520f5
PWBE	PWBE-1834	b4c46b7cdfd57ae816e675f6bea9deed5d212711a9c286c7fe493456881aa854
PWBE	PWBE-1835	7a9ce8f0dc786620b063318ce7f467d3a516749f740488c9c91bcf3a69127e53
PWBE	PWBE-1836	1734f6c5fd317870eb678d098ba17659e6657316373b9e931451318ee67077c0
PWBE	PWBE-1837	b78277d2649017c61c7fe50f4d085a1f10228d9149cdf2a98a75b39c0f0d0bee
PWBE	PWBE-1838	b33417f54323fc45f28636f90ee8062d337246b6f5bf7b3196f488266b055db3
PWBE	PWBE-1839	fca3e13489a9350cd9241ebf0924335b02cfc0dde4ffe1a7d40e206b8db500db
PWBE	PWBE-1840	70a438c0c7782d4e0872e89dcd37cf42a71ea0aa073986e304386153c5859bb4
PWBE	PWBE-1841	aac78fb354290bda66beac07342a97cc4fc7e1c3dfcb6a4fa14ecaabc0c9193f
PWBE	PWBE-1842	75f1df478545c9f7d866f69528fb3fc5c0e9f666b932673670a8d11581581d5c
PWBE	PWBE-1843	e0c8348fafa2b61c23dbed2a292b61c78567c09d0bfefcba21be7d46415b0c3d
PWBE	PWBE-1844	2006845ac91238f5283a84a62191e8fd51d6ecc3f6f177cccc6d08164ab4ca31
PWBE	PWBE-1845	d43dd22d29ee736b20195bfb02b37fce3f5712e86cf9d3ba22a9f2af353e9ba6
PWBE	PWBE-1846	58e04f8acf245d3d3e9f870a0e088021b983177bcf251ef703b9ca9187bdd038
PWBE	PWBE-1847	65a8a88a7e31e415e5f6d4a5853363a1b11c063163141487fb85573856b4ee1e
PWBE	PWBE-1848	d1af6d99f964cdc0964e8a879f659129a4caae618eb00a820a7bab205eb0f711
PWBE	PWBE-1849	d09e92b6bd0d52f438fcc6689231da51cb43f2b9788de588815f7075b0497981
PWBE	PWBE-1850	040f312f1815ec71778b9cf8b928a4ba05d71e67c89b1fac844d09a20b0a82fb
PWBE	PWBE-1851	86e081111ecfce70446658b84bd139e1335b55637c2359e397d794e3a97cd773
PWBE	PWBE-1852	65d155619076c10b027cc8ed8e0cbfa0a6f3c341d3a8376c23f9cbdc1694cf18
PWBE	PWBE-1857	ee2cdbb6ec9b7ee211fc5b12548133c568bf9b96319a4174821db55bb43e90f2
PWBE	PWBE-1858	154d64e38d74b1f6efd200aecfe1319742db2c177c80e12cc86ef9728eb6eca3
PWBE	PWBE-1859	6f1279abdead49e19a54fd5a832559980cdeb740dfe540cd722fc093d5d203ac
PWBE	PWBE-1860	aa0580227fa9ebfdf521aa18813dbd073550f5e6a4670279b6a1c5be2227671c
PWBE	PWBE-1861	9c63e5f087f869a3e33acde8ea0a12381188b5629efd0e4f2466bb979857ee8c
PWBE	PWBE-1862	2e64c3158c992d55fc310e450cccdf0fdb9abddb06bea066777b21170f708cc8
PWBE	PWBE-1863	d64562c7f8fc2c318c71cb5a18e7fe20e7a6a5c3fab78e9ee6951f8fe2ab971c
PWBE	PWBE-1864	eaa6dced392896c30b62b509d818a67d9f9f80b06cf7be77df0e45a5c1a2d191
PWBE	PWBE-1865	1f86b041273ff45b10ff07494b6667e45c64a93487844484f23af786c866aa8e
PWBE	PWBE-1866	501151ca6347b39ad42947582917fecd6782cb97880db6608ba441e891ef9a45
PWBE	PWBE-1867	a7cf299d50e0111dafa24294cdd7c727c81b3311c2205f10c26fa2640683891d
PWBE	PWBE-1868	425aecbb46825e44496798666fc4b258096745504584c859acd987b573ea994a
PWBE	PWBE-1869	f2a49b949fc648c20c1b6b6180d292c464f8aeed2e47055abbe449f39631d779
PWBE	PWBE-1870	8e2bdc13ca9606bcfbd2fd77198f0f9e397a173025864ee9dbcf836252ef9246
PWBE	PWBE-1871	1090f88719e26645f4fe993b4d76f5e4ece6e8dfeb567ff52029a1041d372fd0
PWBE	PWBE-1872	e8df12ae6b2db35336b256b1c6240e7ab193d82b5a195c0a9412c220679ba5db
PWBE	PWBE-1873	8a2704131f9983a8c458616885e4d8a759d086fc73ce9352ef0077ea49f441ba
PWBE	PWBE-1874	cf5541eb4f3e43c43fdd91a0f2de098ac771217125516afd6637f4b9f8293201
PWBE	PWBE-1875	916829b480334bf11a235026e61195bfeb308cbd7f0b102d02a708f3b5545f10
PWBE	PWBE-1876	3a01b7b5cb68b56d41776684f944cd7ac9d59246872fda539905bc5c1334f56b
PWBE	PWBE-1877	406c4304d4b442c965abbeb9f8eb4b296ee0293829b25a0f51456293a27f82b8
PWBE	PWBE-1878	b22fd7218ca93cc75de0dbdb130edd5ab52aba2ea223523f45480f71f31ed1d8
PWBE	PWBE-1879	b94aeb1d302ce9731684a853993cd7c1d58651f011dde3ce804ca4e23f906ea0
PWBE	PWBE-1880	fe73ee19c00cfa471966f329a1d1a4f198b8368b835ed3e41a4f978bfef4ddd3
PWBE	PWBE-1885	78c268e2877f47ca6db56d5593f8b17bb95a0631626c7bdf5b19b13c75162a32
PWBE	PWBE-1886	af32aaeca46ffe47c4390f0822b3617eefa63dadb6938203d93e9b98d76bfd42
PWBE	PWBE-1887	78a4d037af2bf20a5ea401607e07edac07572bd3e98e7a308c4c2cf6a6d3a195
PWBE	PWBE-1888	6c9ef0f5c894e59fff52ec58c2a08c83190602124f71d791afe83944394d3065
PWBE	PWBE-1889	3db5b4c6d0b3131c4738ceb3bfff920bfee9175c11d5654796540b1bb7bda6aa
PWBE	PWBE-1890	7dd32bd2d46c3a3ee8fa7cf785507e2550a6b6c826fe4e57d50a08a72dc84029
PWBE	PWBE-1891	0773b9ba961c3507b0e05a450266c08d0dc2727e6ee4b9ae30ac30b1815d4942
PWBE	PWBE-1892	d293d64b50cc93960f5a3732c2c738a903308c2f5bc004ccf5f336d3bb943860
PWBE	PWBE-1893	3d2ae13fb385e3fb24088410b206f0deb416a604a2dfc75be99bcb55a531ba9f
PWBE	PWBE-1894	bfd91380f95f532c3e4c7cc8cfa5e7b0012992df245e97b2193448c3a38fe176
PWBE	PWBE-1895	e16c89782263f5f60052d30c192773696f04c7e5f5cdda0e0cdde474cb68ed6c
PWBE	PWBE-1896	c55db1c5df5a7274767753e6f61cad6412d09a83f30953ee4979f756208fe416
PWBE	PWBE-1897	cd338e5da6d59d03fa8e38942a4c75ef651fa54e3940db8f39ee3fe025e49b1b
PWBE	PWBE-1898	ccde79ec94315e7d4fe6a23562a21f0e27f74d31f7b48f53a9e2a54c42ec59bf
PWBE	PWBE-1899	1d3dbebfc8449a008d1b069fffac278f6e52195b73463260292e219a15b5ca27
PWBE	PWBE-1900	f82b7adf5eab5ee32f02f1dc62237ee64da61e1b11da8dc6dca2fc354f5735b3
PWBE	PWBE-1905	f75214a816e305175bc8d454d94361b73c4f8b4fd570ce8ace5cbb50fe3f14bc
PWBE	PWBE-1906	5f52134aebd98c51950d5912c42e431463177a4161df9f86a96e05bbabba48c3
PWBE	PWBE-1907	5b1bf81bab7eb9ebaf329b672a32da46dc84cab91d2993c08c4bb671ce025149
PWBE	PWBE-1908	487ef964a669f8b4b1ebcc7bdd28635898e60d634334b4743c05d25af69cff9a
PWBE	PWBE-1909	139e8b342941188793b06fd6694c7ce40b452cbd7104d376b8b173e51f47e878
PWBE	PWBE-1910	5492037affb2db81a01570c01c75e63a4ffa4d6b0bbc98fdcb1d2c510d96e69b
PWBE	PWBE-1911	c8002d51ca75660d17529e55c8963b92e775b64f19214680c154c10e9f541188
PWBE	PWBE-1915	996b6a0d9a6ab1a247c6420f007dbc95371604f51d44410a3ea9618076e8e568
PWBE	PWBE-1916	c2057c3de471115d0b0216de8b6b2d87d114661b05a64ec11e46e683e531e2ff
PWBE	PWBE-1917	d333cd0070bab429badce18b1a7a538035f6f870583089992c262d569befa0e9
PWBE	PWBE-1918	7258203f22e0e6834761f76f8f8d81d190ac4b931c8b24ea5dec8204e8c5ecfd
PWBE	PWBE-1919	1509ff7740b29e36a55898f7af0a5ef8473642b518c9227f46a459d47be194c0
PWBE	PWBE-1920	5ef5525dd6ede44f308fba08527c1fc12854bdfc9c59cd10586b34abbcbd29a8
PWBE	PWBE-1921	3142c6e6590ec5b992d75a04ee2dca353fe8aac6aad77ff5db46e890d8b06615
PWBE	PWBE-1922	402e9a5c7720cc276c84ab14c43a43824a43f45113003a66604a715b59de14ce
PWBE	PWBE-1923	cd5f2e40398b6aa9bc3a3d4fa3e536fb16d6f073c833c8125906829273439cd6
PWBE	PWBE-1924	f2b7aedc102765d3911917a8aea0645aa4439854981a81beb07db5463049264f
PWBE	PWBE-1925	92fb53a5fc2295667a04958af8e9c3a6023defe9e64968af9d8e6645092c14ca
PWBE	PWBE-1926	ca4cc91d986d6989ece04fe76454dd4fb409ff76857e2724ba7e36a67dd53bd3
PWBE	PWBE-1927	267fda457d493c13f924e8de4a8c0bec8b268582204363b69b4a0553701ddfc9
PWBE	PWBE-1928	d4ea86d33db96843b71678cfb0b9d80e8dcd3a81d26bc4cf42ccfc240938898c
PWBE	PWBE-1929	5fbf98a72cbc88ed1dc4982745f5d1e5094601cc12c48fd89faecce4045a8f8a
PWBE	PWBE-1930	d254bf561236c0c8e9914f171966103f894622b770cd89782064341de92cc8ce
PWBE	PWBE-1931	f427b7baa7a5a12546d7c03098353b05094eac274572010c6fd9bd78ce679049
PWBE	PWBE-1932	ab826fa13e320d4f19ddd46f3ecd32f367ab6a40b68349afb9a4169f50b4adbe
PWBE	PWBE-1933	765674c32a315414124a4e3d728ef0b03ea5a290cc66c4988341a243caa99b69
PWBE	PWBE-1934	a378cc1edfe963332396cfdfc529d2f787d6f25818c013617882a1a293253b7a
PWBE	PWBE-1935	92721e35b2d777809153e96a35bf9fc1847cab05e5e7b9e874321837a829c5a3
PWBE	PWBE-1936	e4e0d848f471cffa10b008febab3122c06a3d1c1729d70144c0092773ab4c67e
PWBE	PWBE-1937	69d975e29ebe9eda7780782344f6c98232d9744c6a74b1d92dadc9a05c9742a6
PWBE	PWBE-1938	bfca75efe1636f88d4d8f1e21cfbca83d1e500dc3566d0af75f61bdc9f952b0e
PWBE	PWBE-1939	ec736704371043bbafebb63221031e0bc916a9cba4b0ef0ac1067f384507fdd9
PWBE	PWBE-1940	27a35017c330556621644a048d27fd997fba4d45aec68d7c29fb25d3e2692e8f
PWBE	PWBE-1941	afa63956b26d09cff0e6d39da2aac061e2bcb78706be56035713e361e00d9921
PWBE	PWBE-1942	b142ff9e767793094178ad0ed9b7a1f9990f0de07091b8760e251f3d1a49c9d7
PWBE	PWBE-1943	60d64bc53eae5d10f64ddd54b2fdff16d493781fd19be28b69ec7edd56829a47
PWBE	PWBE-1944	617f253a5383aeeb4e2ab5de56dc71a5707e33873f72c77adb8520507d04f1d3
PWBE	PWBE-1945	62cf218992ce386985be88ec5d235f4e9e17103089e80b0aeb9d89366b0251ef
PWBE	PWBE-1946	493a3a5041510c796536d09cfd220cf4e273ecabc7719e8c620e0908c669dd7a
PWBE	PWBE-1947	f8ff5984e899789b901f4233c9d19812b7d1116b49a4f359d21ce9a545213b8b
PWBE	PWBE-1948	a0eea7f29eb0868ba9a0534c408cfb82c68a704cf5b3831c8ea629f34df67857
PWBE	PWBE-1949	05a4d900d798663c3082c96082856c43f533a4e6ef6d670edef8792f11bf7b4c
PWBE	PWBE-1950	c806ae261ec48e31fd8bd5179fea9f59567cb04cb8cb2582e1071e3c7a77ed4c
PWBE	PWBE-1951	c7100005003305802353e65af12b98189cb9e78b2c59e1b9f1cd711e6e88dc3e
PWBE	PWBE-1952	9403fd16f5fac4e5fb22f5aff697c00dcfac731af64aa1adb91aeafa0c55b71c
PWBE	PWBE-1953	9cd6f4a70bda9b4832878d2730971ba56999829a8284c85f90bb7827df782064
PWBE	PWBE-1954	4d05f3bf98af4009ed91dcae3952cf5737fe92430ef6eb5607f8be2a433f2743
PWBE	PWBE-1955	69408df63b898ae85e1765a91a86b6cfbdf5bbccf3447569ca3b1d89c78e27e2
PWBE	PWBE-1956	073a5f44c4c7a2461a6712b686ead439c0be0c0d81c9b910ada1e2bb118a9be5
PWBE	PWBE-1957	1946c4d004c5097d0a56e47f755eaecd253f8976a5367d1f6436cee8bb07b1d1
PWBE	PWBE-1958	4b05f2bb75475771f0f86ad508cdc5307a69d7d492f27b4f517e70c624476214
PWBE	PWBE-1959	5b3d8e496e96cf9bfd14888f284b0af5f6d6edb38c487e514dcf2ec1a5a7a50b
PWBE	PWBE-1960	2f0e59973980aaafa2311d06138d2ab5dc50db0393e58f344e26d0de12615513
PWBE	PWBE-1961	13f9a0bc1a7c23283578b750fda3d1c765ac12b7680031b5eb4e8996205fad0e
PWBE	PWBE-1962	a06fb60dbe2a76935f24378f1a2d2279e10a81f234f9f96465256648a298d4bc
PWBE	PWBE-1963	dc0c984452fc9551aec3de76485b186e0b2ee3b48d8628cd30965a08ddba690f
PWBE	PWBE-1964	710f3a9faf105697c2aa12f6561d885b1dc18370eb3fbb5baca4d9ebadbecf80
PWBE	PWBE-1965	22bbe3607c010b031363c0cce8753e9fa608a0ea328503172093657cd5a4b98b
PWBE	PWBE-1966	c599859b6e624bf0535cd9d5bd62c7b42a281101bcd0bde17bd06d9acd6703e1
PWBE	PWBE-1967	2e43b8b4971d579227fabccab0de8fa3df2610dc93bad7ba74a3ad422fd9cecc
PWBE	PWBE-1968	3e31d6e7190ca8e9a30637f081b9b00503a7fdb3b3b4c4b8ba7f0acf1a00e804
PWBE	PWBE-1969	7f82a32da86e5614a489fbbb684dc94ccdb9c798dcc5981e31e43193be117615
PWBE	PWBE-1970	3a777b3f74882b36be6457a610ed5d027c8ac56cd4c45762718244852ce90d73
PWBE	PWBE-1971	2d006a9dcec967550df3a906256ede9d29db3fb917458fe82ac9f15342551da4
PWBE	PWBE-1972	91225200f023f410cd52ba758f5d854e5bffd35fb31cb1a8f80dc32a2b0cc894
PWBE	PWBE-1973	fb3d702d2636b9c754cdb1eddfecaacd353cf2404c5b5648836c6fa65e5cf9bc
PWBE	PWBE-1974	9fed6010d311dd772c0ba1d6b9eeff2ab35ab41a8fbfe2fd3fc5d073ace954e0
PWBE	PWBE-1975	6fa8d1060d775f6777da4e1db52bf69ce18a66206e4b44a93ddd91797ab307a6
PWBE	PWBE-1976	d5a5211ca6420a52053104f1dd20a37209e2e224939f7646468bb3440e9fdd6b
PWBE	PWBE-1977	2fbd8444a98f34da87ba6a39d048a48e987a9169f01d51d920af014d5631dbfc
PWBE	PWBE-1978	510e853cbe63ea958f1b2783bea05ee45d780a3d4943c79df0ae39be7812bc45
PWBE	PWBE-1979	bfed19a5f25ad58fbdbec22c221dbfb84420de85114211af0e3d8efa738f34c8
PWBE	PWBE-1980	9dfb54c7cc199f2c344030fea822fd9cab2eb3407193a1fc9012510188523bec
PWBE	PWBE-1981	41eb6e1dccd39b5647f477f8430a4c8d78b92f10dad0736758fb481bd19d9463
PWBE	PWBE-1982	07a0eee59bd8af124cc4e2fa2f548644650fa85edc85d3fe975e9099e071aec5
PWBE	PWBE-1983	0ee02ea3a92f45ac566fb928e19e55125955da4d321f791d4d08d4a86abf9078
PWBE	PWBE-1984	674cc82a16da192051ba9fe84dbbea7cd828ac00ae30f983e0358ec733b6d32d
PWBE	PWBE-1985	8972ec928f318794f7b7840baf2eb1df7ce6186fc840822ef1f971d38e806c7f
PWBE	PWBE-1986	aa46431123983a6ff2fe5ddf3ff6430ce8027854167b1577d06be76dee4830d2
PWBE	PWBE-1987	86cb6ec1fa4891cdda4c3b43b33bf57a5137cf100bb7658a7386750bf7591b3a
PWBE	PWBE-1988	b6536b734c87526ff207b50bb29499defeb960c50a2bccb84082284f98792abb
PWBE	PWBE-1989	6e4286d3921d1dacbe34e50113b95e4ba9bfbbd8e39acded6a456e10e8603b00
PWBE	PWBE-1990	57fba88ad86695b9b82745d979f936800ff2bfebdfecc00f58c3375ce66484ce
PWBE	PWBE-1991	bf9ffae0c21aff5f186639bf3f7984136469e7afad6be386989fccfc854ad2eb
PWBE	PWBE-1992	c350917002652b5be2ba7a7a6b857c2ce59d03d511ac0b203f89c7d251c106ca
PWBE	PWBE-1993	cd472c7eb047e0c9b320513a5d082b769c03649de16796e281258cd878652544
PWBE	PWBE-1994	bf18695d88d7cf9017a79fdb80ce4800378a2285982f86e2ab04c30af162e3b4
PWBE	PWBE-1995	c6423afc2cee6581f88c776b4cf51e1996ea3423cdaa70a7d23dceebc0a6f0fb
PWBE	PWBE-1996	b3ec9f6a258b0d17ba84a969893fd5efb9127091f14bcbc94b09e18745130b10
PWBE	PWBE-1997	7b30a7a1af421654490f27e25c60983f916958359c71b310e99d7274d89299f5
PWBE	PWBE-1998	2c85166c5612c2ab8e80b52b7bf0b224176addb93acb75abe93d79a3df948a9c
PWBE	PWBE-1999	d26e75a399d32b8957d2ffb0c89649ae454b89ff15c6082a656f886326649ee0
PWBE	PWBE-2000	7b992f2d608de8118b21884bd79e264ce4eec3f42d06b6701a499d5046aca3ac
PWBE	PWBE-2001	2b17566e2fea120a8aa0e7f58b1093d6275fc7f1a7530e8767ad26c35cbe448d
PWBE	PWBE-2002	b12a2afbf2080431e3994c1073b5d3d5338d1623181690f3aa7563d2c5b29b71
PWBE	PWBE-2003	b39af2226f29a263d2e5c883c33bdbb82a5d1ebd7d4e23beb9c406d61bcd379e
PWBE	PWBE-2004	71573675a67e752ff8fa31df4629e11282caacc56ebd5f9d9468a62eb379b5df
PWBE	PWBE-2005	d290aabf5cb706ac4b8e93341cabe68e41aec90e8a7acd8082020f4e9f94c2e9
PWBE	PWBE-2006	64f07ac998c88373fe8112ac012e8fb3b6ff613ae5c88f7fee648c0d9e7a4623
PWBE	PWBE-2007	f35de78b66b7b77564ec161b13a217fe2de81e297ab28a2cfce3ee5465506098
PWBE	PWBE-2008	5ccca6415f6103c9daeede19106446f8c98e0432b31223adcad7cb2030884437
PWBE	PWBE-2009	50e1dbcd5e5229284d1fe44ef2ee60a93c84f2b0caa2d6d3246ccb5639c6b87b
PWBE	PWBE-2010	64fb4d82f2a03a926d905c353e703115e59b73144152bef4e2a45ebb6ec66e85
PWBE	PWBE-2011	a8d44050d92b7c21b42f52cfa9c0ddeb63a899e391fc4f8ccc8a10cd7777e513
PWBE	PWBE-2012	01d7967fca46624729bc9fe085b25f4f3207259101c16ecec8275c17fc1e1a59
PWBE	PWBE-2013	db8ac724975e4486da9dd1316b0e77529a02cb46628acf06fdf76a2e2a1215f9
PWBE	PWBE-2014	5693205d4ab5309c31389b0185305c53a75b711758fb7db399bf55c7b4e37e60
PWBE	PWBE-2015	45efe2b7646673f83ec17b7dd2fa1c3aff6f68bc1d05bea379e3ed7c4be285d2
PWBE	PWBE-2016	1f2dd155eba8e506adf647e40df5993a5e2063c61c663e1d50ca236c8d86bad1
PWBE	PWBE-2017	92d7245316501e2b3f6a9999ac448e6637ef0a01c52fda0167eb9552e5e99cb7
PWBE	PWBE-2018	29a968c7f472387801ab0bc5f4220d0f4fa6ff2b5c1518a76137f986862e62af
PWBE	PWBE-2019	7f742b66217d989cb898ecc22c04a0eaf802e11603ec9fdea5efff456b251416
PWBE	PWBE-2020	a84eaaae039379056be4d45e80c58846a146c66890db2595d515998b6acc5706
PWBE	PWBE-2021	816834b1592e9e972f7279abe302242e3bb940992e3c922a53f770690db7fe5d
PWBE	PWBE-2022	b85ae625e82f982ae869f263a1fd09e0fbe10ffda5a44dd22d0b1ac8059109eb
PWBE	PWBE-2023	13f85e20e0603827817f42b5f5b6934d918f83e5930acdc812006661da7c7579
PWBE	PWBE-2024	f7e811fb79fff0e06f0d44004c3631b74bbbee206361095a068db89e6c911925
PWBE	PWBE-2025	c4d8bdc2aa13839161a740ecdc920d240654db0c09a9ad7dca26bf893e03c224
PWBE	PWBE-2026	359f017bb4970f9dfb8db72cbafd205ab5791e10804461051d191c787d75496e
PWBE	PWBE-2027	d664d84e5362dfb1ffff84936a3ff979a39e358b21d4b858049212f4834bf762
PWBE	PWBE-2032	a334eb9d3f7e99718c0d03df6ced5bfeb86224abd846a949f85dd75d626818c3
PWBE	PWBE-2033	62ee13193362ad49dacfc4a4893f5fd5e6d2018bd1cb6d907eddd14d885f76d5
PWBE	PWBE-2034	4bc4a49973a5cd1fb854087a7f1707d56b2c349d39192efe3b9a94a7f0272db2
PWBE	PWBE-2035	dda3611467c1485c1e0ae90442918901478d5319c1723ac2ec51b560634f3201
PWBE	PWBE-2036	3152b9c98a92b9d23ff2b2d6b0d0e043ee17a5885e1b7334448d75386a9ba192
PWBE	PWBE-2043	b720e9152e484f9f8862e55edf5345701accca82e823be5f873887ac8c731c5b
PWBE	PWBE-2044	d15460c32104ca778c63d191159b290d3e81aa0bc9498303197f634e170b8f46
PWBE	PWBE-2045	3970a36dc04fbf0c887cc4f6370e6cf5dff83a218dc26d6f46a0feb2ba32d386
PWBE	PWBE-2046	88840ef21afe798e54aa6e32194ed1b511201f07f124a069628fe077cb15f73e
PWBE	PWBE-2047	4a766f1266c440aa60a001972e726343b56b53c33b26451e4dc22ac308082677
PWBE	PWBE-2048	54631a9d1012780f8fe11e1f20b60606763783fdb3dde392988433af46f4fdab
PWBE	PWBE-2049	be91c2dc9e3c974a3f68ecc54d2580929072a9812c500a64c8eb1c21743e31b0
PWBE	PWBE-2055	48cd3dcfe2211f01786e839de4a74a44c214e622ced4d29c45c0b0926c78d970
PWBE	PWBE-2056	15c51beb7b70b523a8a82517b21ff6987a00e73e0158b05ca2e171b8934c3e79
PWBE	PWBE-2057	9854d6653784e09bf3889ebc675f80d6792e2ea1b241f31e758fcff884991d7f
PWBE	PWBE-2058	14f99c01259ba12079cc82c58739d8af0b3b3a595f214634b5a7adcbd6124da2
PWBE	PWBE-2059	6e3bd855c5dccd5d0336d4b7df92d4a82ee6ff85086a30b3e6a450c09c0daf49
PWBE	PWBE-2060	c35432d80166d46d09dc313cda5235a5fd42ede663a3ea725d96a65079cf939f
PWBE	PWBE-2065	9ec4a317a187e162cc4f85ae185132e934cc2861f3b6eabd490a6c8d097d521d
PWBE	PWBE-2066	7000f9d14f55fd1f5e835531e148174ab5b412c54672829769ad66da5fc26998
PWBE	PWBE-2067	cd704d7a58ee5c10bfed4cedf92f5d037025104ad4860321c296e36bff6ce464
PWBE	PWBE-2068	226289346d724280bfcf0d31c9932820536b2c1d3b2aad8a2456962dc4049632
PWBE	PWBE-2069	0e955d1220665f428579dbc8e7d22cec53393c56acd95ceadba91a9a13fe4815
PWBE	PWBE-2070	449625363e31723214a6d9881ece7e99da5ee1d9ae7a372e2a263dc43c57fa30
PWBE	PWBE-2071	4caa7d9fae0b5e35f1d0cf3ce67fcf58de061c4a605f461cb304a81aadbffc4d
PWBE	PWBE-2072	c2716a1ec9a2049ffa5fe456bf448e2077b4de75fa6ff9b59d2cb544bcf78337
PWBE	PWBE-2073	6af15a3df895066f4073b3ccc47401a39dd3d67223feee98b0847729b74a7cac
PWBE	PWBE-2074	f5cf8574b786bad59b5257469e320dd94c70b46133a9443a3c77619c5270a9da
PWBE	PWBE-2075	7d0f160e638d449b049939e63d659e6bc2ff3bca93992805d490775b6a6bfba4
PWBE	PWBE-2076	e6ebbe435981f110c35064ce1944dad406e4a8d2c48ccdfd70cee9e6d9e3ae0c
PWBE	PWBE-2077	7ff9374399fc89e2c6597c7f59f9162c6096129b5ee84b86da4cbcf7cfd73ec3
PWBE	PWBE-2078	0a1d5a96755bdb1b9401ebaa2ce8bf1e7f18b8e3ab6ef481029f13499f7c6909
PWBE	PWBE-2079	ffda3bf36bf3cb1183458fce74b538a230c29afde8c8d0334507e5565eacf0bc
PWBE	PWBE-2080	658764505295ddd2973307b1e702c2088047e041e23821ad729771fe9e95ef00
PWBE	PWBE-2081	37165c9f519dc0cdbc96ce4b4790ee32022a890890a4d2eb57dcbbe57e2c34ce
PWBE	PWBE-2082	996df77af9969129abae03e4ff83974fe2bcbbb3052d97c92eefbefc6dfb5dc8
PWBE	PWBE-2083	150298e3f96defe1c8b3f12331fa6c7b161b42c328a1939d67494e90206814fd
PWBE	PWBE-2084	dd1f37c1e04a608baf962e683d18a44b6b3866af5a8ac658e5f1dd166dab1053
PWBE	PWBE-2085	a5a7ff00764163548c9736712e7853aaecc50811a9bfe461996b7daca9e1995f
PWBE	PWBE-2086	95d785461b18681e429fa952a40f80844d1d40132cddf6c370e422c072b9b283
PWBE	PWBE-2087	dc3b940f7f098ec03dd5d5ffc09bef6f114776ed2c155b9379041eade93ac6b3
PWBE	PWBE-2088	8d1e52db1e2c0f74ceeb4a424594c53f30b341eedb02e518cb481e58a9499153
PWBE	PWBE-2089	f726dd97a88b3efb7d7a41b1c7b6b8d04a2508d2ecdbc4ae35d6acf892221dbf
PWBE	PWBE-2090	aa6b4abd74b00f30508e08a30eaceac2066ca360aafbdbad9f3ad57cf713441a
PWBE	PWBE-2091	45fea7c7cff119aecde70b4a3d37fcd2520712937d5140b956941abd46bd3cfb
PWBE	PWBE-2092	5ceafb52326166f0634687b8427eb297bd7fe76079b7ff516f9c11af44fcad68
PWBE	PWBE-2093	b56d4f7ada3a5af0bb0de5d89779d3b66ed182d8c64fa63ed724a0e2bb881aa9
PWBE	PWBE-2094	aad5d81af776f0651f51a0b9eafcd350d418994bafebf156f314eda985e100fb
PWBE	PWBE-2095	d56c6c549a3462af9dea81a12cf26dfbb516b7bf2ab26b3cc59a5f4388493b6c
PWBE	PWBE-2096	403d63b046c2dcb30468a8ef209536f7fb99000edcfb6ff523b113c6c2ad0fbe
PWBE	PWBE-2097	f89218a09af0a6d473b98cf53c81227ea90ba8992b421d3bac5cb58827b73757
PWBE	PWBE-2098	36b6fc0ced3a758141e033c6b055c9e6a2a29cebb552d7f40d4d6c5974c8cf1b
PWBE	PWBE-2099	271158a8aabcc6a4f1a3c277028355a58aa4bfc720a31f37c1af18aee8f03b1c
PWBE	PWBE-2100	6b8f00cde287a3afa18cf8248a18f6fba8c4591cc8bb1effcbc2f91f7520098f
PWBE	PWBE-2101	123837c807c0b335c6f4d0b372358208977a072812ce143d0f27aefeb28af360
PWBE	PWBE-2102	4e9ebbdd6acd60646325b83099c1f8bb6c4bf309e0a22d981a66917246aa68f3
PWBE	PWBE-2103	6b06ac408dc99a28a846f57c61881f8b5ee1766951ac375a65af2cc3fdc010fb
PWBE	PWBE-2104	e5b2b16f6b579b3a2abdc45c1aa247549cdb2ab1a2c82379d6f1c31424ccaa60
PWBE	PWBE-2105	2ca2b4c064e1fc1fb9a005a1c8ff38a598f4b7db5690f1c108deab8b3672b735
PWBE	PWBE-2106	be9df49a098943d2707176c4868c4eeb2ae5129f38025958ca93a29d83daa2ab
PWBE	PWBE-2107	83861f1d7671b06b0597343554994b0654db7ba1199a9c2154097ef862600a72
PWBE	PWBE-2108	9e5174d1f5952d6b94a5d8e5b5de645a7cdd359b4b300b73adb17dba6249b91d
PWBE	PWBE-2109	53e7dff1c2801f0eef8643b0b5d5ee9a2473f884531ac182dedb2e5a658575d4
PWBE	PWBE-2110	5e959db4abc3a3d934cc700edca4abd707856a49d61c6eea579588c0cae63da0
PWBE	PWBE-2111	30f88276ddb80bac73246113b30a353b148a195e52b14160e55101b8f9053cfa
PWBE	PWBE-2112	bf958ae6fdeebea255959cceb0ca6483fe04deb6661535207111959131ac3354
PWBE	PWBE-2113	9ee6b25985bc228e2fbf874e7497cd0c200aac0a6b14522ceb6cb4464af0c55f
PWBE	PWBE-2114	1d6db84f4b4b5b79cd9d3203d19cd45fbce6c1c3d99cacfe316b132e3f67e17b
PWBE	PWBE-2115	fd75face553b295c2f9e223034915953e8378ddc1fd10608009839f58479225a
PWBE	PWBE-2116	4f30c4aec9031cbfef5ae1a4c11b29431879696896141d1c48ada612f60fffe7
PWBE	PWBE-2117	28bcb1b3f529754b861068d6fb2904552f8502f85c2fce56116bd5cfe39b4cf1
PWBE	PWBE-2118	4057f42283f112aa3445b8818ff83d32fbf9e13c6e30632803393437118a0071
PWBE	PWBE-2119	d387e8859be90d33bb708524e72890660f479be6e6459751d26e62d1be115371
PWBE	PWBE-2120	a049aa4d88a29e47fce9e25c6249f744e1f7e7cfcac5aab3690187089e12f469
PWBE	PWBE-2121	8850b9a58e1f79848823a2cfd2d2c41a624d2a04e1473713587bbcf7f9283f78
PWBE	PWBE-2122	7826bda6cea1bcd64f6db167617f81993df31e6f641fac25714350bd9ad55a6f
PWBE	PWBE-2123	dbcfd4b03f68d73d7ed868aff069261c0f4f0263b3f99942aaf0e6a23b8dc9a9
PWBE	PWBE-2124	5d2b6f412917f0ea650e4c42e9b88060ace215c7a06a6a0c8aa1887ebd7cb14e
PWBE	PWBE-2125	f6c97695125d35e2b4e90081896e73067fcdc7d2d0d468e3cd4e9ce1a11da7a5
PWBE	PWBE-2126	9d51074ebdbcd700854d4a983cc883a99a475d7cd73a650fe26e71db515458cd
PWBE	PWBE-2127	37ae516c298dce6178651a07901b65784cda326848794a92bb20034e81d4bd0e
PWBE	PWBE-2128	6c188412d6b7fd80c205559ff584e7829cbea697218efa6507a97d5c85fd1753
PWBE	PWBE-2129	99cd2b0754a3801eec839a3d93cd4c60b7b35dea22a4679ff9712e2d3c03a0f8
PWBE	PWBE-2130	6d3abeb548c5fe91698093ebe1871fe6277be46383ecf5e1821281b01cb842dd
PWBE	PWBE-2131	19ea04e39cf947f6bb38f42279112289248f5d9f9bb1353bd4e3edc34c73e5b5
PWBE	PWBE-2132	85ecc841592733f2bab0c45a487e5b72d1b3b6699bbef16608843dd9843cd54b
PWBE	PWBE-2133	b6828ecd724e5e7ae75b9f7ce7cd0a2a7f0f6b4cad5fb5bb358ca27bf06d726e
PWBE	PWBE-2134	43a3b5496c08544bd8ecbf8a291df78beda0ea795cacd1c31e44d7231789b330
PWBE	PWBE-2135	0770b6e3d5288dec4e788e41082087263afc210e56f877de8de6ea52f8d08242
PWBE	PWBE-2136	6b7b10cdc4a72bd616130c3663d6de88e239bb426dc3562bc6476d0e9b0d699d
PWBE	PWBE-2137	fac5a53c077a9b14375e832b84e764e1581ce5ad4f9c2ca08d4928f25514c9e5
PWBE	PWBE-2138	2ddd78c11a0c7a9ee3d0f7e14ed9484870df005d50c2a14433ddb68407122330
PWBE	PWBE-2139	93a2332ec5578f66795f4d5fa020a083a178ddae08a3d54378f0b12d79d20728
PWBE	PWBE-2140	142725f6e0a76a53671dbcbfe17e49c79a58281081b342323327c446c74e89e5
PWBE	PWBE-2141	6e194b2fa3d7a0bcea83797c1df3cd447c9137b3a669761f37ddf7e2291f949b
PWBE	PWBE-2142	691dc5a7e792ce96a3569956b7e9e141ef8a031253281c1919b5c49191d413bf
PWBE	PWBE-2143	fdd079d8a570733b0f79715042254abca21cd60617813cfb53cfa12f8b9ae2c5
PWBE	PWBE-2144	2e897319d6ba98efb6626715c479c476b8e3082f1612c7659fb91a093ba023b4
PWBE	PWBE-2145	c24e1872d2d7510bc268291ebe102b7c5abc7ffea818236a650c49b07de85fe7
PWBE	PWBE-2146	00f6a6862d7a2a7b2b4e159b495dc70697970e1153bc671549929e74b1eb20bf
PWBE	PWBE-2147	b02dd566e28f28feceb42d581338e104c986906f91ddc5f564bd68ff6c4f81ae
PWBE	PWBE-2148	e853efe22037c1ebdc005ddb3d459be3718674723f47dba70f9576846961a493
PWBE	PWBE-2149	7327f9266b538c1961e49bdd32a4f1318c8c7f5595d700c2a9259dd72909d436
PWBE	PWBE-2150	d8998a4c551ee0fb29f8654004543b4d0695faef19edba7e99b508c9ea96d689
PWBE	PWBE-2151	edcb92e4ee9503f1f54a3a93d3b2c25f551ea0baaf007fa9cde881ecc0759376
PWBE	PWBE-2152	0da7269ae8a997af02ef2f7926ded28bf03a373304290bf924f1fc33609cac9d
PWBE	PWBE-2153	b9e560ba15603a47df0df53748dc9974f7a537c2ede65a13d668701e6f5b01ed
PWBE	PWBE-2154	21192c4347389d9fd45df70bea2d5a9bafdf0045c8e62d2cf8a1c63b8e36f446
PWBE	PWBE-2155	95ef7d224c6b5ecb32d9f1c99ec83766d2b03584e6a221ed8c3302c087ee0611
PWBE	PWBE-2156	469e347d616485f83bace26124f582548a7f443289a99361c10ab69b8db59142
PWBE	PWBE-2157	f8b4786b17015c29418455f26abeb757abb1c5d9f499fa9727472c70f33e8284
PWBE	PWBE-2158	ba631a09083f023b819446d1f886ada8c0f2de8acd85127a099a8033206199d8
PWBE	PWBE-2159	f9608931aa8283dd6999bca3b9bceedbe7e710b50efe89f41ac84f4bbb065580
PWBE	PWBE-2160	eefd98bf854577d519e56a56a6058927a0100eab57dbf007d82f6a056181ad15
PWBE	PWBE-2161	dccabb91843de662f4967d865583074ef98d2f940a9959a83c134e2600fd1aae
PWBE	PWBE-2162	55b0b6d4ab834915b026140f7f9b5305f65f967a57dede7380bb82f8a5567bf2
PWBE	PWBE-2163	df273a8faff7b09c94d4f817ececdb538a9df02a45c224a4bb010ec7e3dfa3fb
PWBE	PWBE-2164	aa334829477ce0c87820681818e613b5a3c229052cbc1852a2f4d50d8d4aca3a
PWBE	PWBE-2165	0142cc354c4ddca879bfdfc55b92b32142c3305e8cb4bffd7350f32016ce73b0
PWBE	PWBE-2166	8d77dd87f759cb2bb2b2301aa37c5f55329d489cf66090b2ac60ffefa1c1b9bf
PWBE	PWBE-2167	53f7ec68c8f097ca4575c5dedf2db2b5e4ae6ca9325921f70b040d2d0b228698
PWBE	PWBE-2168	df6f730c2b66297554fd5d07caec2f6bed3d5d9c73f2d91391d59352c69c59e5
PWBE	PWBE-2169	3a7b8ea0456f6a7c0269012c857ad06dd83a198b4c03e0f0d79478689ecc160f
PWBE	PWBE-2170	f9be356148202ef309e1922d1294635b6eff527058e58e46eb579a2afeda5cad
PWBE	PWBE-2171	ef2060c17433f1825b7e94e2b281fee3c49a6c416d37776c03abfd1392dcc412
PWBE	PWBE-2172	14053cf508bdc153b9013841c5aa2acb570d08b1968fda0629d7e3a79cbb21c7
PWBE	PWBE-2173	ff78b5ecaa4eb9641d233d67d15ce935db202d8f85faf58ece157df80b6b429a
PWBE	PWBE-2174	865bbcb400cc91cd83cb0ca1422d863185075f182a2e17896f1075a90b1eaaca
PWBE	PWBE-2175	a21985bdb4667fc59fe48bcb3b47db22681e9483645f41cd7ef84567db96084a
PWBE	PWBE-2176	8bd4dc556a58102f0530702cc28aa1fba8c280d1fdb38f776f713fe287d6c8da
PWBE	PWBE-2177	2c22f5667072394696f14e043092f2618675380964af786fe6f597670c7a9c7b
PWBE	PWBE-2178	d466d2b17fc1ee729a32bd084155b9630ec2ecf8f3155de0495ccbe4cbc6b8c5
PWBE	PWBE-2179	e37d9306fcd2d69df4526dd2adfac20ef778b54d25f7e066618cc6e180f8c08d
PWBE	PWBE-2180	eb14afffff7cb71254cc5d6e7abfdebdc74426389df6612847e051cedaf4e80d
PWBE	PWBE-2181	def8d3bc33b4ce97f1c0f6dba62ecab421c4702fa54830682bf00f939bf79144
PWBE	PWBE-2182	9dd5fcc8a06ad5682ced98b45450770c62307c5e31bff6d3a8230dffa90864c8
PWBE	PWBE-2183	4099e1f818bc0df75006ca00df0afd4e1572f1473a22a8e2a2a44b3fa9b8c41e
PWBE	PWBE-2184	76df78e0e1f87ba32afb4a0ec3cccb8d329d8cefb9a2aa1efbcb5d85c2b78d0f
PWBE	PWBE-2185	c9bfa53909f4e2a909e24c1d8605a5fa98c741de9510061290a1e8dcec976f85
PWBE	PWBE-2186	4920c9363ee5cb9d71bbc2df7ea2a923b5a625bc198c02cd6bd1b85198afde3d
PWBE	PWBE-2187	e5337a6bbaedfc2d133d6aa4c44425862eef274d20a4522f7e99acbb61e3cb56
PWBE	PWBE-2188	a89c4afa6fe70d8751dbb9e3c614649ae61c8d59764bc71efa630f67129edfc9
PWBE	PWBE-2189	dfcc16edc30622979c42a232e6273e0ea24ca02647b711c1ffccaba8e967df04
PWBE	PWBE-2190	086808676bfeef58f27d7e6c75ca38240f4994cb20c3d15ea7e53502950c5c04
PWBE	PWBE-2191	bcb9eee9131b0744551a0a62149cf9b673fcd6baaf4667e69f08ec3278cbc2dc
PWBE	PWBE-2192	23b859588218a9f4a5b032b379bbdd2884fb52d90acfe518682b290dbf550867
PWBE	PWBE-2193	9e9ed15bc19445a4ed6fb56077760a42cdb7e0e580ba4a1a8147ff83fdb2ea4b
PWBE	PWBE-2194	dbf6c3639a7935759de8bd533a76912272073b02aad57345bb9c0a260daef292
PWBE	PWBE-2195	9e0d2f11f081784e805ac77bce05fab1222be8c9cf1d46df506585802948f0e1
PWBE	PWBE-2196	3727ac791468f7c333aa21b1ae2c8e39041d7ca4b7c00e8fa7150a503fa707bd
PWBE	PWBE-2197	f67c6b296f426df64500333eb5cb68840e56cad578612fefba476905c81224af
PWBE	PWBE-2198	fc24757cd22deaac38c30404a2dfea9484319d41d82ef76e643a47096fcd4643
PWBE	PWBE-2199	5d58884564bd0c14a3c4bc82f7395bc34796369266ec899387b05ef020c3a4ae
PWBE	PWBE-2200	238cc6dadcfd7c86cc332c0896a30f11de997c959a6261e826a9b8d7e18c411a
PWBE	PWBE-2201	88d3db6802cde967bef53d578185f83dd2bc5a3ba855a3ddb0a94126810999ea
PWBE	PWBE-2202	f394a8776a9d4b06a944dd35864dce1df5c38fec75f788e113edd3c341dc05fd
PWBE	PWBE-2203	fc82e5943a1d3cbed2b9cb5a977f5488f4879dca2a205c966fc124bf9a52ad09
PWBE	PWBE-2204	7580a5c5638cbc6690d8b6bdd40412f3a05a406a1083c3966e6b1d1ac412decc
PWBE	PWBE-2205	3e0912370d7ca0aed9da9d985baee4f12741622d212b888047f9e63bf74a4bf0
PWBE	PWBE-2206	4de0be490a4fb9ff6dea96552cce11868c01f3e19744d2ec87c9f5ceee1e5a37
PWBE	PWBE-2207	338121c36081f411b0d58fd32433e2352f8a3a7e5887c70de8accbb5c4b70668
PWBE	PWBE-2208	e19d651f30deec387757f4f37e268b88e28fc16c10aefc57fe6d4d2cec94eafd
PWBE	PWBE-2209	7555488fa2ca02a2c39b97e7ea4764e84a74045fe00c1017687f7ce001329eb0
PWBE	PWBE-2210	9c7bfb0ba836612383dd20d0a8ca11cc2e08586390176753492c65ae3bde87e0
PWBE	PWBE-2211	ad9ad3f5b622e95bb8cd3f8827c4df992993f4488d89e96b7ae1f43893aa7135
PWBE	PWBE-2212	f3d771fa92b340192272609413c32d61cc410857eeecafc9da5c9bb3e67d1e28
PWBE	PWBE-2213	2a05c39a03773c85dc8d0d710a9c445c88ade6d4f90e2b39eac8195f0769a876
PWBE	PWBE-2214	b25ee6adbeddad24b9b42eb518deddf94a3359d1b34b987bcc6fd6409b6ad716
PWBE	PWBE-2215	57a79d8fa8dea8a0eefc1347db6d0065d6ba3ec32ef1872683e4e0f1c6a47b86
PWBE	PWBE-2216	b0449730349020910add88d9b6e6f62974eb084da1e8ad519cd572bd9dd4e71d
PWBE	PWBE-2217	2f1b7eb5f940e922d30088ada59cab9c72c225133aada8d03ff4e3cafce418f5
PWBE	PWBE-2218	9a17132b72e2c6d70cda56c6caef9fd052723d1180ebafadc5226e27628a6a7a
PWBE	PWBE-2219	6361772ee72bda3bd112838f173423e60675b0cb876b4222d4b1f10ba04255fd
PWBE	PWBE-2220	b118e5b84fa74d425e7bed4f14244221d4e7c6063de1f9613c02ac1c142a7e3a
PWBE	PWBE-2221	8a0ae84307fbb37ae0b4275f59ef3ae740d06c688c94d1f3db8d03b196442825
PWBE	PWBE-2222	754ee9bdce5952f57797e2399ebdd7973e29f0b2eed957c6f7d74a2353bb8d0e
PWBE	PWBE-2223	63f33bce49c9d4d661b16d71260d68c69d340910d9676b372fba872711cbbdd0
PWBE	PWBE-2224	537f572e74bda0e43778fbb12b50a465e2111d37870303099e28f055bf0a5053
PWBE	PWBE-2225	a91533afa72715c112ba4cd2f7e6b8dc785dd9403bf5a39cdc8f1e74964b31db
PWBE	PWBE-2226	ead9a465cda153cf6ee29b74431ada551ac31108e05cf6fe4630222474bfc92f
PWBE	PWBE-2227	b7513f70b4fb43d708b88c29074b7bb6ef0b3707ed81b1364e016fb30e1e5d5a
PWBE	PWBE-2228	3b31e3eb44d59eb2d5e4f1c5fec7d3765d7015a6fecf84a0887a858acf0f14fc
PWBE	PWBE-2229	58dd3f28e79ac1a83019915a232ac8b04fca551bedc1195dc9619e1f5457dc33
PWBE	PWBE-2230	f01f1af5e8615583d6bdbfbd9776c6281cc8b5f25441f59ad64013d48f57b38f
PWBE	PWBE-2231	8b398493a78b25021b72dc915c17ffc4f8196d594e25db715a4e3b9d56922260
PWBE	PWBE-2232	69bee738d38b000842633bcb512d02bbb9df024866cb13545f419c3cad805c05
PWBE	PWBE-2233	5fffb72e8456212b9bb6bc9e59e6ea42b412e4e2430c72adbedd70f2ce38e912
PWBE	PWBE-2234	d89812e5ae4a50867f7069564a22844d22e5101fc6fb7f39d62ce881c9a6da08
PWBE	PWBE-2235	6a0a28875e07f4d03b0d96bc4a94b8f383d2d35d8bef25e6a4a75301d0d68287
PWBE	PWBE-2236	5a224192d50d7eb9a1e07cbeae911a49d8e7cead12382f170b700f3e127852c1
PWBE	PWBE-2237	84383f115458d3ceeed8557b68e61e1f7ae9e45d3ab89938d4f9c302543776c6
PWBE	PWBE-2238	3c4b502f213d24b4c242c6865ce6a62098e13641ec916108b3702b8a2b528143
PWBE	PWBE-2239	86e9d7be1a917f13fb6ba3bd8d14cac3705c67f8d877cbd5ff0cec94b2b52126
PWBE	PWBE-2240	6f18f12445c830a7b6f684ee63a84970af51cece08a994cc9fa3432fc1cef75f
PWBE	PWBE-2241	8658db4fc681237f82a964beb09a96587ce74dbeb1ab63b5e9ab735ff8c2e024
PWBE	PWBE-2242	3235250509e41aeb2d91d4dc26aafb4c61115521eabe38ae3720f3047a6f24ea
PWBE	PWBE-2243	ab0700c2ab4c9213159da94fdc7659f4200eea0a26cd79b9b88ff3ccf33b54d4
PWBE	PWBE-2244	edba1fdbbf66bc1c6a13c26e9ad9729e65caca07d421688c711e7f8f7f2e5a55
PWBE	PWBE-2245	beb63c5ec89a5b6d99e3210b37f2314329b05e165c4f7b4310462fc34e5515b5
PWBE	PWBE-2246	af436d5408a24eafbeff5021c8588311d3df5d242b74f86fd2653e7f2df74463
PWBE	PWBE-2247	66b530ac62d872959102f375d1686117f5731465e5c5b6885eb8e5bed3407751
PWBE	PWBE-2248	0f2d75673728295ff966493df50d164dc44981e354e265243a721a7b7b7020ad
PWBE	PWBE-2249	8509a5063f7ba4496a036b5195d72389e0ca87e88c6225cbb56aaa611b5770fa
PWBE	PWBE-2250	4be156b50290bcd71f7b80bab19c929b38ce3a66cf186698594a4da12997885e
PWBE	PWBE-2251	db3a5c1888db870ddd49e6a068e50842a982e1d92a31eceb8dfb97c6feae28aa
PWBE	PWBE-2252	9bef3f82660eadd9af65fe9b0707a5d0310786163ab46c3df48cb41a7149745b
PWBE	PWBE-2253	cb06e7d5e478f18abf61ecef296eeae7855bcb286cc5323e9ec2b703ed821ba0
PWBE	PWBE-2254	dd5c8eeb850e15653d865983bdcc86c59a3ced59448bb076263f7aadda9421b4
PWBE	PWBE-2255	2679c8282b7b7955cf8ca26b642baa90890fc0fdb2961ccddb22ede459f600a0
PWBE	PWBE-2256	25c4c58226c508114f607dfb0950f4c96a6ab9d15edafea0ce41a6fad5cc3f31
PWBE	PWBE-2257	80d20304613974c1589528be62e8186db36c7c247346585420c3c1362869bb99
PWBE	PWBE-2258	3a88a734522010031bdba46efad44c2b7e638b30953846aab937f9de6b799171
PWBE	PWBE-2259	a19e09a7ff2f6985791dcbee64b63aada329441018ab71a07644b0b55000f48f
PWBE	PWBE-2260	d60bd8f31dd1d8c792318b8d28297f39d542ea84881570ae4a5c253aa4d6c4f2
PWBE	PWBE-2261	2bc32c351076475e2964d7de635e10d2955b60cc9a51898402ec8925f855df3b
PWBE	PWBE-2262	aaf3eb158e7d1f5a7c3221b2863ea10d3a7a5b4abcdc4f95b2aaefb7b776a806
PWBE	PWBE-2263	f584370536a1fbea02755112d2736dae8580f9d83bfd7fa2d996043aa9cd50d4
PWBE	PWBE-2264	b414f443786177f1e676ec95abe2f67755c1cd457f9ac27197ce3b8d375d58f5
PWBE	PWBE-2265	d3fa017f03ba9557137b5e1693afe6f545dee8c9acdf23affc72d88183d21769
PWBE	PWBE-2266	5c8a6c4fbde165d0c2d7d2cdda8fee3dfa1c847af0a71c345bed7f7b904f8500
PWBE	PWBE-2267	b2f0181d2ff16628c99be4bc3a5f88b4fda835fb2d66d7657a75a371bbc44c5e
PWBE	PWBE-2268	06028b3b7c1f8c6121a06247b7a77a65234fd36a08f442136eda64df329c8dfe
PWBE	PWBE-2269	de2a3ec316a8c8e66f251c0046562f93327e7226b9b430e8914e76e267585726
PWBE	PWBE-2270	a60eb751c8454ee79ea1be489909777d73c44c7cd872387f84ddb12a4959ad27
PWBE	PWBE-2271	bfefaefb637fe2a9e2ff9e44d3aa50ba80975c6840b9c89516dd6ed27549d107
PWBE	PWBE-2272	433777363e96a97b8403592c7fab294c068431f3ed44d6a7d6514c4f30ce5a62
PWBE	PWBE-2273	9811e1eee15ff0da20c7e1ed76cbfded0ce24bab68877ed4c0248bbe5413befa
PWBE	PWBE-2274	20ac91649b4dff08522fb088acaa2349ecc0f6a413e37c15c5cd82d400a0da81
PWBE	PWBE-2275	b29a03b44f267ba15deb4ec6c9086f48d9313722f48e84672c18260e8353d1b3
PWBE	PWBE-2276	fa2566720c3e34037afec5615582f81642fd0136d721bb144c2808b5a997bd96
PWBE	PWBE-2277	4ac07d6494f8b01d718e4fe8467dcaa6ac9695d30cc2e997dac2fdf3742b829b
PWBE	PWBE-2278	bc6e6577320f476052bdd02178b9e7ca3adf4d255f6868eb623e881a7e5b7c8b
PWBE	PWBE-2279	421d00fd1b7456e81170d772165bc1ff30ba9cd7192c50202734b86290e18c89
PWBE	PWBE-2280	912204481c9c593730c264480707613f8437e228df0d64d0455501a8e29f9d0a
PWBE	PWBE-2281	f510f2699018f361de820919cf3a09a8336ed7aff1149b035329e08e34b18555
PWBE	PWBE-2282	6bc06fab4e8461d4a9f057c8d4ea5ffa81aa9e3ea9cf57887af8e020bc26e803
PWBE	PWBE-2283	c8185029f86988461587028f6be48c76e39637ac3abdd0cd77162c52d989ab6e
PWBE	PWBE-2284	1013ddc431431cd48fed327cc9b99b4bc18b12af286327c9eaf6fcf5d824236a
PWBE	PWBE-2285	cceb806a7d3abf901c9ab9b49e9a99c05778191a0df49a5390421906582b507e
PWBE	PWBE-2286	b4267c16e5fb20d4d36dd757de952b47b196563c79a57d48ebe7dc17329f4cc4
PWBE	PWBE-2287	5d07a28d4a790a993d06f76e544849f77e65751ba554205a0829189a1e347bb5
PWBE	PWBE-2288	3e47175cba7a2232c3b07471936cb9c33da190324e6f89b1fb63007583ac64ed
PWBE	PWBE-2289	3d188738993441f86d7b745a6fe68b4cc3121c5a7ca8546e0b25ed63fb64acfe
PWBE	PWBE-2290	5cbe044649aaace0824e4c24edec561664fd13d1f343400315fa08028f07a985
PWBE	PWBE-2291	8540b80e88d4bc52669178708cb9ef72d2585d35e42f88f440263f0c54e542e6
PWBE	PWBE-2292	458a4fc74852d463267f60cb4e05bc3f43887f10cbca846c72900950df4796b4
PWBE	PWBE-2293	12139e5e07646d6c97814b78b6950c99f6ffe53e9d47e3480c07b77ee06bb1ed
PWBE	PWBE-2294	06d8bd697b6447098221232c2c5528fa5794b2c38ca1b6d09ac4a027a808a3f9
PWBE	PWBE-2295	3a6a20b9c0d4d487f03705f4411504e40439345b18054e001468f516df3829cc
PWBE	PWBE-2296	6f4e2c8965f9ad5eb7ae614da72855c11887d978081a3fa43b86787f855e0158
PWBE	PWBE-2297	34b77c22741a9076f35703393d15793699cd1d3c2cf9b2734b2fdf5c05dd011d
PWBE	PWBE-2298	e7690e068b14322d562394c81dd768e5469ecd766f8b814fc190eb35408725ee
PWBE	PWBE-2299	83d2de79be57ce9b55220e429cfd1ba5d15414eca0439cbcea9d6d542c785e7a
PWBE	PWBE-2300	bc9e979b3c47b9088d9437defcfaff728c62932d3b0b45fce14d1a24480aecdc
PWBE	PWBE-2301	3c3f3c0ed403c27adcfe93bbcbb1c54dab26e7154bd7af94adfe7309eff4e6b7
PWBE	PWBE-2302	47a1f27343c74e06d61ea5febd1e277f2d4220816384c043955709263495edce
PWBE	PWBE-2303	05b5752d2a497c4911c02ba29f353caeef704f8a163b0ceefc5933c84235dd82
PWBE	PWBE-2304	acb67d548854aa8170bb147cdc7cd44bc8c8f3cd23e9368335747e1826e0d4c1
PWBE	PWBE-2305	65227bbff7baf9a0b2cea88bfda0ba3d2d918ac1e83a64ce0db86f6c29747ac6
PWBE	PWBE-2306	00956299df778ac3bb365b96c3745610cf0aa141e08f746dbd8af31fb779ee0b
PWBE	PWBE-2307	8fe3e6114f1bcc0b58d8c572e9a27df45e9c4e98a93275865b97054f3c12e204
PWBE	PWBE-2308	2517b04dae0b3c6f67b5282c2e3510dd378ad7b4dd358bc24562f366a3936c79
PWBE	PWBE-2309	f0a24ba30520d7611304f3ea2a92498ecff932917df5ed6aebdaf4b2d13720ff
PWBE	PWBE-2310	880f4ea3402f02fbf60257441677badf5f291ad69534ad71a10c96a238d74ba5
PWBE	PWBE-2311	d46ddcfa42d9714ffa8241b7e3727e7b37579c26f1961ccaa7e2e3b8298efc01
PWBE	PWBE-2312	d1e8f6b0d51d5af33d2af4e0d5bf9e47148413a4867feaa670ed520ecae05a3c
PWBE	PWBE-2313	08438913e626366d5b40744126e714e911fd6577b87cac2f1f324ebc3ddd8ae3
PWBE	PWBE-2314	762aca7ad2b68ec67b1a5919ff1a090313888263573f4fb8c576a55e246c8177
PWBE	PWBE-2315	ca92bb13777dad7eaff2ed375c58abefc0a0cdd7d0bc57d0f44bb5522688e5ef
PWBE	PWBE-2316	f5bbf1be4a5f541bccfb787eb1f50e59f82fe42ffb1a78c3b3dcba56dfaa0853
PWBE	PWBE-2317	b0f979c3b2222dd6f1301e469bf52665e9a738c4f20880a4970a8587e00f4ea9
PWBE	PWBE-2318	977197d188afc64037c2c1bb487d4684f05982c09aecf8a31fb12bf067c1b2be
PWBE	PWBE-2319	eff57419dbfb64f3054361c2702208a528012d3e3499bce80936eb65e749a911
PWBE	PWBE-2320	ce854a65ae0019a5ead8f22e5454c02a4251e6d415cb2596e9e3019f4091fa65
PWBE	PWBE-2321	b9879adda5ffac3ab57e4a17455b54b75912821ba775b2c4e840f3450ec7a337
PWBE	PWBE-2322	a7559250fd2cc6968a9b34cce7e2437bfa9dca6aa11b104f04ffb73d2a48cef8
PWBE	PWBE-2323	5dca71bcfdf89c9463e024986a1ec527fcf8c7824c0e350a11c7539631e9f4de
PWBE	PWBE-2324	bc607f788ad5e45af35c26f7caa034f8d786f32c5f5317b00653b0cd62a9c862
PWBE	PWBE-2325	a8256ad11531bcdb584f959478939244e9f5293bb687915108148697b9ae8e46
PWBE	PWBE-2326	7179a3556ab03559e4d572d607514ec5e27bc86c0490a2605e822aeade1a3a41
PWBE	PWBE-2327	71b179b370c8d79060543900abc1d047064e3970455e2336d3a7c20764244e02
PWBE	PWBE-2328	c38819cbae088698664644f9d87b4191d2c82f9f6df17a2335ac490d1d0de55b
PWBE	PWBE-2329	01f19dfaef309209d474d86224bd6263bdfcafce91c256b9e1f0a55b438dbd47
PWBE	PWBE-2330	128d40f4759600283dc67ffa407b9cca01ff93c6120de450cc8b4f2f8e0c0990
PWBE	PWBE-2331	72cbf047a9450b0e314af0d1fa8fd047f6929a2e75132b1678d0a893c3d3f8b8
PWBE	PWBE-2332	8e48cd900736eabd1015580544d492fbc04a1053b5ad881d682e0a7ed86272ca
PWBE	PWBE-2333	6437d684a58d9a56feaab880a64171c71c61dbb7c74c5ed75eadbece8d91bed5
PWBE	PWBE-2334	001a9c22b23ddea024042881c124b23d75fd9bee745bfc1541919f68c4e736a0
PWBE	PWBE-2335	c65116b9b733d3a7765e8a1cbea80b92d38112cc76d2c925d5959fd2c92d2b2c
PWBE	PWBE-2336	ab738efefb7a2d4f1fa9ef52418bc0659ae9635456c459ad3815d46ce1bed008
PWBE	PWBE-2337	2f0250cbcf93d55f127aa5dc3a015fdf34f6f56ac8e2235ac3529427b552be40
PWBE	PWBE-2338	dc873e7d741fd21f4b4eff51ba21002a3243b34c9ec4164568d26b8d502a06e5
PWBE	PWBE-2339	2169d78c1f0527c4924bd6dfdfd9e7ba327ced11d8b7623a597286eac48527c1
PWBE	PWBE-2343	fe304e35a2cf680b9190b2815561c70ccbb77ec5fcb19e6d414b8bf25aeea7a8
PWBE	PWBE-2344	cfe8ad60f55acf9962808cabe928aa6e9f1c8ddd6e25450e77fcbfc93e6159bf
PWBE	PWBE-2345	edf953c907ab6f365851f4e74d8e94ce891a79ce14ea14f5d7a89d5f3b488519
PWBE	PWBE-2346	97afcb976dc4458fcd560a771d8564f9c7577e077f40c3ad08931a4fcafab104
PWBE	PWBE-2347	3b9a242f2b391b3730cf31a93e3de04071c1995ce12cdd611ae101caab2a93c1
PWBE	PWBE-2348	80e3c25f73890fbc951c61235aedb09a3a13b88f58e01b7bc9006bc30aebff40
PWBE	PWBE-2349	60dbb84832086346de416d8c9bd602b75d1d2ae2604f9e8cdad928d166b6f51b
PWBE	PWBE-2350	43107131882034bfb46de36ee097bcd657fdc72759be192385ac0b1a205a6167
PWBE	PWBE-2351	4ea741762c8e17596ae2af90222343e0971442a2f914a578e9d853f89a22289d
PWBE	PWBE-2352	2c4b0d9e61aa1125dc85c6aa66baca6ed00ac94449394cb80d1003178cf6f2bb
PWBE	PWBE-2353	844d2106771ad46ec1722f08e2c66106b5e1e9fdddef11fbd69957b76ef85aa2
PWBE	PWBE-2354	6825b53b39295b1d3835baf54b0b456f3d1917730983787164b799a6800e7849
PWBE	PWBE-2355	5697a648b092b78c25091659f4a1c1691dfddfccd8c1b749eecf3910a05f525a
PWBE	PWBE-2356	386f9370323aca6d7cb443305e2afadd6b312381177029a62112cf93055371b9
PWBE	PWBE-2357	3e239680b217ab8711e33c947266551c5de1d0f61430b0c55b9b8b3867a0fea0
PWBE	PWBE-2358	40fd22f61dd0b3fd5aa0c8196e72a386304829411ca50277eaac3f9941dcabd6
PWBE	PWBE-2359	43e754ff39888e06df595369d0430cc99481e9f9217f273f5e35ba786b7f5795
PWBE	PWBE-2360	f6db760f9bb87c05345533f4c5482787768206a495df3f332228ab0a7ca3cc05
PWBE	PWBE-2361	72a7907d7831885cf83538d162bcc42a313cf9309e6dadda5d03cef3c363c943
PWBE	PWBE-2362	bfcd911c415f36d03ef712cd231b995a8f2e8d5d2ebc416d42773372054347e5
PWBE	PWBE-2363	cf30f956f8ccb7c829412fa980c9779633cae44c0af66419244a22880ae112f5
PWBE	PWBE-2364	f347e2e2138d0eadd19a2447d5a2273ab13371e6e874c73c6a15c05eab5061ea
PWBE	PWBE-2365	797b75a8e155f70eaf82a9abecbb7b3e1c1b430667d988e25cefd554313179ea
PWBE	PWBE-2366	fb40c693ddf89599203260d10b78c8d077e8be26db4081650c988e7b19446c32
PWBE	PWBE-2367	a9e84adf749da4272a1984e59694d915d038ab48d1c0f63868d51b22d1f02a16
PWBE	PWBE-2368	e85740f5953996dd06bfafd1e8c896fd3c0e7c9d2271fec72979a784354e6015
PWBE	PWBE-2369	c691d7029cf9709c3256284614d28c8f095a865c56a73fc7b04d02b90ef4c475
PWBE	PWBE-2370	9cafcd81feba5f33c5b045a2dde189f035f4fb0622d4e2da3a73a650427541a7
PWBE	PWBE-2371	eadb315a03596cbf0e7c1723be636b2c2e43fdd41306a156041c5e3cd4c32efd
PWBE	PWBE-2372	4d88705706280fee79099bf9f643400eb92b90f913ba590a9e30fd385baca009
PWBE	PWBE-2373	54c4c8c4b1f156124cea5e2341a9e8b1bedffdb17be22e1a2dedbaf2c7104672
PWBE	PWBE-2374	5f16fdaec0b7690901ccf1bc4c26711b066c45fbfa34842f803f64f6105955e0
PWBE	PWBE-2375	aa6b485ed6a193309eb243e3038e5bf53a1977713b8da9ce2f59ace8266e442e
PWBE	PWBE-2376	eaf67b9753f5d344cca02a530e311e798e4d38d15af3a80f65222cf800385c6a
PWBE	PWBE-2377	4fc307141ff9d2c5a160deebd4da2180f374dbaeed6de66f93478c89dc478f30
PWBE	PWBE-2378	d73315eba5f26e6a547bd4224c62a185e957a5ded9aabab3da4c5aba5e9ac5f2
PWBE	PWBE-2379	446861bc41a5717e42cdb4a3ee3fc52c093ec9b042f726dd0c3134b9ffbb573e
PWBE	PWBE-2380	dbc7cdfd6dac2387b3a987ccd0d9c205eb983ce4c478ccce34ceb503887bc677
PWBE	PWBE-2381	d6779cdc12fb938e000bfbf381308f61df32a42c3418f7db6b9d1257c25505c6
PWBE	PWBE-2382	37d1aa0c0f11312b525c2816372202789813001d0ad47ca87749d37ecd67831f
PWBE	PWBE-2383	3cc0de8e1c895cdaed6f3a8db66a8c64b48d08755f5246094176bca5886618b4
PWBE	PWBE-2384	cd63ca90ce51fa03bfec7e187c1a4bec8240d9b25578059ca5c5483af1e21320
PWBE	PWBE-2385	6879eb352d226d4624895fedac98b12347fab5a6c615c97fac5fd78806159c7a
PWBE	PWBE-2386	51d978259812abd239e135f8bd3dd4c778cf2df231798e2a534884c14ebe63d1
PWBE	PWBE-2387	bd49193de7a24b3181c63649183c009f0ec5a6518691ec0d94c3343f99c361f6
PWBE	PWBE-2388	beac871da0bb27dd87b8000305ebd37024feedb247221e1fb79c2794f93b3f2a
PWBE	PWBE-2389	d4965693a8f2e0d309d8163e667c22ccadf0bca1af86fd77dcc0351eb7fa7aea
PWBE	PWBE-2390	c98f6e981d5acc6f644903f6a89ee40024f653197690bc6014c493af4616b6fa
PWBE	PWBE-2391	f40915950790ce586eb395549054c1e12e8ae8b792aeaf1739927b15ef042193
PWBE	PWBE-2392	664b591501eb8a105d25b51b5718e3f9a11d42ffb9cacd13ed2b644bdd7805df
PWBE	PWBE-2393	af9b2e9783c330f4f6d7f5163a8e3471b0e046c3c6918fda291cad453014da29
PWBE	PWBE-2394	a1d12d036e77688d911df6a6588a8c955265625df6a8678064b2acc55660148c
PWBE	PWBE-2395	7124ea7d31086d61b84b2589aa148f54baeec68a88d0daed7de15596a19523e2
PWBE	PWBE-2396	026f0dfec7606d85835d2cf9a9384d41985a197d015e46be0c7fc8f9e82f6220
PWBE	PWBE-2397	d6dce7ed758dcf73fff4b28be233bc813d9a4954bd06fb358cf723c1b07620d1
PWBE	PWBE-2398	5307faf6e146bef0dd4c3211147b3b9e86645e1d8ef8a0314b5197853c186eea
PWBE	PWBE-2399	8df184d1da9cb9e1201b9a148066ab25fae26df26c64669b05004fc99ee97cd2
PWBE	PWBE-2400	78a04d6ef6035c521631b7a7c68fc0480be2e9c7cb1c50057e01b847fdf6ee82
PWBE	PWBE-2401	6c3d4c3f87a256c103a0a8802a350f5a6783374374b407bfab47e6f9708a6910
PWBE	PWBE-2402	71738ccc46c00ab6dac024af5644244a9b73cb873e64048c2356a9bc2fa7e78f
PWBE	PWBE-2403	0cfa7352ae61d02e433cc9b9f8a1f7bc57aebf47a14eb05dd4f5b2500048e654
PWBE	PWBE-2404	7315443ec24bd808d0f47777c157d440aee7f64292fa4ad55db2bde268c98672
PWBE	PWBE-2405	bac54daecaa06fc285bd464ba2f3f02e354c0f5cdc238ceb261e948c63e56db8
PWBE	PWBE-2406	ea51d3bdb88291f9496dd45a0935a3fda9e50d69b27fc23795b6ca54d81ff091
PWBE	PWBE-2407	091933a982daca6f3c9ea64a4785579c0f08f800153e07a5ff48389b24242418
PWBE	PWBE-2408	b23da834207ce447969876f54df39efc76775f0b204fd4e15669af65274a708f
PWBE	PWBE-2410	33c25462f3f4b02cafd4d68ddcb03a197bb0416c682eaeb6440befa296f78bd1
PWBE	PWBE-2412	0197e271b9f22d3895a7804b6e344b22d5989837c9a4697773587dd9762b3d5c
PWBE	PWBE-2413	d9b198d2f71e64e9380201084c817a4ea0a25eb386d8068eee244a8852bdab7e
PWBE	PWBE-2414	5e51024c86c850604db977b4e8775378f4ac66e8b84ce123b3237919c24a83c0
PWBE	PWBE-2415	169bc288488d1150ed639b5fa8d81ab2394e1efa0e8512349ebcfb088ed6657e
PWBE	PWBE-2423	dc078cb48b40251040431966c7de52b977fa285fbeab9d6ac23d8019da544ecf
PWBE	PWBE-2424	a44784afaf54d68c4533c5574b35656b97da1e4e49bc0b2fb0920432dc0dcb15
PWBE	PWBE-2425	12f9a13a4eb7a1f3e6bdfa951288112a3f9d83471c667c7531dd4097a8e3dfb5
PWBE	PWBE-2426	27892aaf59dc023538d8e308744c88e38a89550027fd961a426154cd76a6bf12
PWBE	PWBE-2427	ac81c102090798eef09b61a392c39cb04b3c33115c1f0b03b5c76ca48f0114d8
PWBE	PWBE-2428	d7f02751d8e799fc94e2edba315fa4f1ec3308789f9bd31bd4ee03a292a14c99
PWBE	PWBE-2429	897cb1a3ae2565cb91ad1b69fb49a1d79b2291fee37739eefed22bae054b0adc
PWBE	PWBE-2430	a9cb6c86795a17d3214f508d663494c7f08673c5890ca88288f0a7f380ecf63d
PWBE	PWBE-2431	c205cb278839eeb51c6fca02aa73c98d571c3d440dfc3cd62d53f20a536299d2
PWBE	PWBE-2432	587ddf8650a91e905a02aa0685b9cdd123c43fcced0f1872161046ba4de9ca7c
PWBE	PWBE-2433	4568ed12d31cd5c6ed6a49e7e05d218328112d73a6d444bf16fc20465ebcad22
PWBE	PWBE-2434	83329efbe98f93eec8275237cd02d2559bcbb61ce8a3ce155b762339b885c44c
PWBE	PWBE-2435	558471cca045d50303e437a05573a43b85ef135ee91de21efd6f93d84447e95a
PWBE	PWBE-2436	de1a7184f15c05dd2837e7742b1f3ac17a6b31d6c15d85ffad671fbbd429e412
PWBE	PWBE-2437	ef1780da7ed8e15ddbab83f9f2a07de1157b5bc8974c6e38b05946cdc1f50bbf
PWBE	PWBE-2438	c812aeb959c6c0982058bd53dea1204a8595c0ac81595321cbb9ba2d769d7a7c
PWBE	PWBE-2439	1208a23769b1ca1c89b4579d05c100e2a80f2faec20aa5f6b230f749fd454b86
PWBE	PWBE-2440	d474ff56672c2facd380302dd59ea9e3f11881fc10ba296673e29d4ce439a3cc
PWBE	PWBE-2441	44888cdf0c1f29dde615382bb82e105c2e08be04be2b905fd9df19f85375e3ec
PWBE	PWBE-2442	64d9788fcadb40f164e44f0c973b5ea9957ee03f505eeca233f4803f1ced70db
PWBE	PWBE-2443	c5943e5e28033b21d4e0b63fd6322239fe6954c61df656bc41955d6ee30cf61b
PWBE	PWBE-2444	c74469bd6160a621d44d0b50bb1c79080279328bf7f70e2bf15029d748e8dbb2
PWBE	PWBE-2445	eb2d9648ce316cf65d1f0791ac2a53e754f5ad25170c03d416f43bf93871443b
PWBE	PWBE-2446	658e11ae9b2bdc255dd707022aaeffa489f50fb1c21d258373e91a187aaf67c9
PWBE	PWBE-2447	96a0ec608f9fab0126380bbbee18851d3f0f33611910d3edaddfd68aa38c58d3
PWBE	PWBE-2448	b190777c936903ce5ef5b6f1cd5852eb1a468fa3941046c4214c8e4a2c0fde3e
PWBE	PWBE-2449	6190a4964ccbb3dc85cf71d506fa164479ee1d67cb5e6fc19378589a2c98fe33
PWBE	PWBE-2450	de46693c7140e709e218776a1a9d5d9246777837bc7fdfaa87572767bf892032
PWBE	PWBE-2451	cd7aff0af9d3b68e1dc8702fd3cec0dec84d99af53f24b7a4ed5281073f466c4
PWBE	PWBE-2452	d5f57e0fec4ecc6dace1f6332273113c57364f4e3b3160d5514c882994724bd2
PWBE	PWBE-2453	6bc89868840cb9d2438aaf7749ca42eda972c8b4a23b2d1637133bccff29db93
PWBE	PWBE-2454	496fbd74c5555331ac5198384d0a6c61244a5d219e249c43df8c5760422df3fd
PWBE	PWBE-2455	f31f1fbd9eac1a80ebde5a432f7576981544e0f10a7f1a98c8d70f4e035390b5
PWBE	PWBE-2456	11fb83a95adc30962f6d0a042c2912ed1e52a4e7bcd6b9f9bf42fc76e19b52bc
PWBE	PWBE-2457	f1f1ebc01b98c6cb60c5ae4f875cb733b1e9919fa725b827ef67230bd9853dd6
PWBE	PWBE-2458	24edfa3686cd305f4548b30635c81a46d831725c63b6ebc3211b2e8cbe36ebe9
PWBE	PWBE-2459	6052b723112cd6e91c4a5a1cdf64baa00b13af9029238f5291c2051a306e1623
PWBE	PWBE-2460	db4f4d2e4f48ce915a3b9f51ba98a8d7fdb2e3247dc419ee345cb76bf7fb9d4e
PWBE	PWBE-2461	9deb6e0d9005062e38c08e82243379bd1cb7822a82ecf7574abf2c9e4988978d
PWBE	PWBE-2462	aa6ae172e4dffdf9d309f19b039f9ffda5b283144aae6362440a5f2cc1bc8b6f
PWBE	PWBE-2463	ef75f449a7322ee7461f57d81431901e7d417c515117c12f3b10307f568c6194
PWBE	PWBE-2464	b7a19cf007aa45f5b594d68f4e20a1ca314ba4bd28eb10cb65372c20d5a31a20
PWBE	PWBE-2465	16bcf39ed06a0bbf30c4c79ed39b59df52ca2b081aa7b36c9c17956e8895e45b
PWBE	PWBE-2466	5104b95f6a36c7b77d7151b8338cdb8412d66b9edbb306dbbfb8187fa4339f6f
PWBE	PWBE-2467	68e52546380adc368267f38f38ad843671687a4a6b3ab08704ac0173e9b55486
PWBE	PWBE-2468	e13e3f0baa594c8e2201df8029fcff8e8072d107a83623c82b1855338c152610
PWBE	PWBE-2469	a6e2c1f58ec4a07879e98c87d4da8e11fb37ce54c51af47d76b83ea33285d831
PWBE	PWBE-2470	71048aa1a5476930da06500f5969aa0566b2c756a4279544f832644bc5517039
PWBE	PWBE-2471	377b3b8cddc7c409705d41d438a72722921ef7111bd9de8555128f7565505ddd
PWBE	PWBE-2479	d89d7432a89afbb31dc6d34f7affa3dcdfa7559d7d64810ad44b2b4f0331abfa
PWBE	PWBE-2480	613fcc505271dbac76e9f80876177f059dc9d0e13ff7f637bb4c24fbfd2277ba
PWBE	PWBE-2481	8ac50eb8a191360cc78a77e4d82cebb0a3277598da46a4ae24028a3cc0b22b7c
PWBE	PWBE-2482	bfbce98894992f3ccbee4d4e32be428f649e0189e586b3bbce4ff7359ec48ea6
PWBE	PWBE-2483	024d8baae6d406586dbd10bfb5268c921099b4258b541f50948556ee0a3e1494
PWBE	PWBE-2485	e5b728a1f2803e63e3ebe9d0f2339df97d1934714ab8b8c5ad1393752d20d6de
PWBE	PWBE-2486	bdd83fc459a8f8f2bc3cb6a82b114d8731b313ab6b23f55acc4e87d3125068a4
PWBE	PWBE-2487	bb679cf9cb6b6e6cbdd580649b5d67339092e1c18ca246e6f1ae49c5feba3577
PWBE	PWBE-2488	987d5242abd00684b6c9d53f879c64849178e98dd443400ad6978b37106ffcc9
PWBE	PWBE-2489	9ddb6be9f867eda087b86974f2548a96eae82eb02db02ad9fafa980257b8986d
PWBE	PWBE-2490	bd0758bafa1eb5357a9847d02f89683ef62fc4a3d6622a921d30681dcc4d38d5
PWBE	PWBE-2491	e4c44a53a10dd62ef7efe1eb3ba441e89ca6a71881765aa60f981bb7a236bca7
PWBE	PWBE-2492	42d35e76230f67f667f5e76a7b8b87b855cec85218d457320238b09995c1ed36
PWBE	PWBE-2493	afe22abf5728d357c1b914c02033a4149d2e4cb239f8864be0bf67c3440de096
PWBE	PWBE-2494	e40f42df95f1baadee5226270cd37ec6459df23d8e23acaf552fa7f244ecbd8d
PWBE	PWBE-2495	58fe5e3a05f11febde0da6754448acc49a842dba74282f20f1857d798d260e3c
PWBE	PWBE-2496	8db9bcbfae35e6e017902d9ee034fe26e4d7c8954d8cc6506a6b115ba3e85ea6
PWBE	PWBE-2497	14bc9541f473be0df9cd948a3a8aa814e6443edd5ed0b2042a7c1ded967be1d2
PWBE	PWBE-2498	faaca6eeaa1bbce9306b576fd6d4373162bdaf1ddea5c6d0783ec0c78cc93132
