PWBE	PWBE-2499	a02546caaf4b2bd53a08262e46593c9b2607e6f11239dbf4ef8fd6f42a54dace
PWBE	PWBE-2500	95a719a0ff63df9422bdc3d82f2794fa960c8e70d456c22906dfb3df5cc64b60
PWBE	PWBE-2501	aded5d54dec6c79be32f8f87beddab78731c7607178308efd007ac7a8c56e6ed
PWBE	PWBE-2502	b5eec712b7c3b4c684e529860ed9b2875a5c64c68a07e14932ce14dfc69e9815
PWBE	PWBE-2503	0f3dc486494abbbdcc720e4290b88c1a29a81571d163e65c3ec533d34436470d
PWBE	PWBE-2504	b02043184c112c0ddec634e5f70373ca7d7f751bb2c69e67647a80790ce02232
PWBE	PWBE-2505	a37aa71b7937f15fd07184889cd808c0223834f17337bd028371c89c3713b2f8
PWBE	PWBE-2506	312d57c8e233b95e007baa416b344941ae29ce6ec0ae48c5dee8ded50c339100
PWBE	PWBE-2507	c57275f51ad7b0758ed06fb0fd46f682ad0bc43fe80b7e473220b88bea41d39f
PWBE	PWBE-2508	dc88febe921d586bb7ef6433e9a0c2d5ccdc7a2a8a9a4b1a034f45df10c4ed74
PWBE	PWBE-2509	4cd5c7eaabd5e946929648d332d98d35144b3119f751da2bfb12534b0b715529
PWBE	PWBE-2510	9a8c5df194eb2dd29b3e9ad5acb9730bcdff9caf0613ddf3168ac9549e0347e3
PWBE	PWBE-2511	2ff8a061844c2ef88d41ae014bcfa5613c6c562967c73556539cc2f09d9d779d
PWBE	PWBE-2512	0d9b8f4cfa7848b8d7abca4148aa641b5a90fa9b8409cf0c54a552da05cbf5bb
PWBE	PWBE-2513	4f06a014ffe0559bed818321c354031f2e3433f6127e401776b30e7b08e169e0
PWBE	PWBE-2514	708923e7f6e7f7a3ab20c31b31982c7bcc94e8ff800e4a58ad75d8bea370b32d
PWBE	PWBE-2515	0aa25a52e2598ff2e175bc97d21925d2df1ede1c3ebb2d380f014cd987d18dc4
PWBE	PWBE-2516	8802da6bf8ad1baadcebee42932d5aa01241c28502d717960691356668aa03f5
PWBE	PWBE-2517	a5b8937d92423e21498a5cd8170150054ea1d598e8f19c05abf37758840c3475
PWBE	PWBE-2518	099e4a816b729c35c22e43ed2519e00a227af1e16d15529e97b79a7f9daa5f2d
PWBE	PWBE-2519	3ca9b7cfb6263b14e82884614c6ab413f0d53e85a5cef6bf406739b03d02a3c7
PWBE	PWBE-2520	64075ed9b2e38a91564c050f68a2b7046a4d8dd90642b35ba245b7bccf73b2a0
PWBE	PWBE-2521	3931c9edbac7fc1b5d9b15eb41844e3253fe3424a337395f53af5436aa0a8f82
PWBE	PWBE-2522	9aeaaeab33de8ab20b32385106b1dfed715670d32336134b618226c589591437
PWBE	PWBE-2523	291d125ec4ead7009602b596a686edcccded950037563113ed32bc0849a46a47
PWBE	PWBE-2524	4b47aede4281a2397f027f64b0e4e429615661b5307ad6b0a71a53c2f65ef7a5
PWBE	PWBE-2525	fd3be341b0a19bc0c17d525fbdaf7d3ae763f9fb9bbcbf4207eebbb7519a83b5
PWBE	PWBE-2526	d015bd08470945c826d203cc0acc24913044eff66891846016185bdf3ae460bd
PWBE	PWBE-2527	a9df5906453250e34e791e20a5d1adfc2c710ff664e453bdc604316629d46f19
PWBE	PWBE-2528	504368e4b63894957cf664a2a9c7f069290c9ac11c1b8ef353ab3f24a35176fc
PWBE	PWBE-2529	b36ff07b27f9f993ff64f3132112597b798582e10990a8855f43fc631e9e454d
PWBE	PWBE-2530	5aef8bfdbfd66742851ca113bfc8d257e3d6ef0eb8048940fb5085243d2463ab
PWBE	PWBE-2531	05e4a52b9eb7648efdbe1cd40337470eaf7462fb8714cfb42a65c7f543d8d00b
PWBE	PWBE-2532	c0019e0c1dbd29b3a2cbb6846ed9bd335960880e225cf35d4eef7e0b9bf4b52b
PWBE	PWBE-2533	0208198a02191b8bad234088089f25c6d3c2ebde248f9fd45380e72a26cbac35
PWBE	PWBE-2534	e3473be722b348063dd77fc5bade30377b7c165872b0e86b80fbd49924180fbe
PWBE	PWBE-2535	05884e14ff28ec8ee50d32918c38e9e2f7d8f8621f8185709821967a28efd36b
PWBE	PWBE-2536	d5b1766dddbb71c3cd64ee5ee536b0422689b50b88965d0a24d069c28a2b0d52
PWBE	PWBE-2537	e59f42a2982a2b3b552be4454be3a042fe765207180ea1e871a18f8ce8717682
PWBE	PWBE-2538	a1c10276b7bdcb298a178fc584f4199031990a48232a7a96a3f0871b55034787
PWBE	PWBE-2539	de4685938188cd292ca3ad3556b15b97da135eb6985dd3ec8af41ef7e4a36774
PWBE	PWBE-2540	29f613ab2a23d2577eaf7c7108a1522be3a40617e3ae96530aed1ba20ee3ab49
PWBE	PWBE-2541	5bda81da366c032b5ebc73a947bf74841380b8ed33e8c88b2d58c226962da700
PWBE	PWBE-2542	a4db0e072a9e9888da7d3af1abf25dcb6336ecc254dd94080ff54b54288029bd
PWBE	PWBE-2543	d2573c25f8d8e7276eb4663dfda6a90919153154f2408f9b5eff16d2bf90388a
PWBE	PWBE-2544	76379f17c46ed5ddda7d42e04e0f9deeb634a4aa7c34ffbee60182937bde80ea
PWBE	PWBE-2545	954344b63413531ee7ba95dae6d03eece7548f5cd8818050099467cdeb6d4a8d
PWBE	PWBE-2546	ad2338c92fed4961e3019e4012a939a36eaca546e1f5df76b061091074a5c03e
PWBE	PWBE-2547	ef6cff89b179d8a22d62625417ffb4514757c31832004e203c6c4533a1b7cdc6
PWBE	PWBE-2548	f0b8b132fe87102d4efb37e24d1a1da9a5e9b16dac27d3c8e7db61b8ee4ba682
PWBE	PWBE-2549	ed750d0d800ee6191ec804a36ae4c327a575816700784062dbd29c6bddbabd7e
PWBE	PWBE-2550	c4bf091882435502330ba786dbd4f9f241a6e7b75d183717e2e25d83902abac1
PWBE	PWBE-2551	0957f69a6e46ad3fff8d1dfba44f53e0fb315e469100a7f55958fb3e7c8187b7
PWBE	PWBE-2552	6b37dabc0c06f1e3ccf88b2c8f668eb396d3c380d640e0265427668dfd0bce91
PWBE	PWBE-2553	b7ba2f89d93351deaa5231228649ade11570118be505d16700efcf693a89ed69
PWBE	PWBE-2554	fd8741dcdc14bae852b0b13d3f4b554f6e1fbba8c4856f8001506ae1367f0a86
PWBE	PWBE-2555	49bbffdfa9df8f15e00b148fe8f906ff06033dfdfb387bba028b6b660d4c20d5
PWBE	PWBE-2556	b74ca48a8b2d2d2282b8e430d10afce3154be4ff6f839f777d94ddc11d590830
PWBE	PWBE-2557	7535dc5d2b5fc2b9182fef55a501e3e3d65334337f443a2950f0a244a2f695be
PWBE	PWBE-2558	305a657712f5df335f8ecb48ddfa793b32044d6fea96d460544052bfb5cbe9b5
PWBE	PWBE-2559	0082a7f464ab6e221eaa03fe7d90958538b3a1dac0c460881fff3f910f0bc2d7
PWBE	PWBE-2560	6841b1f5400daafd7e9ef255ebe56d0a6bc18ebc92adf5852699e153ed39d6d7
PWBE	PWBE-2561	cc096cb8c6454ed4e4c61408ac6cb3e3a13c0e57e89803522aa72b046796b463
PWBE	PWBE-2562	6f26059f89ddeda9326dfa31f2d39fd5996f69e49efa22aff09ac7d61448c995
PWBE	PWBE-2563	095f65afa5cd48929a0656186d81dd223566cfe5b090a3ef98ac26bf365c9f54
PWBE	PWBE-2564	3e04484d03ef025789e6b31677ff195f5c733a9abc3f06620be5bc0d59faec95
PWBE	PWBE-2565	f0aa7a82477e7849a2fd0bf43ccab71b01d81ac25989c541d0a8201959534f9f
PWBE	PWBE-2566	68f86faf809ef0505ad0b691773eb1aa31a9e2f192859f4b132d70815909906f
PWBE	PWBE-2567	8e851031553bb4748c5eae1db8e8dce88acf57c2c1e33d5fdbb678292257447c
PWBE	PWBE-2568	bb13073548061b20263e45b2fe47aca0ce11abf8a8ff5d2023859fc231ec3d23
PWBE	PWBE-2569	e75f17cf307d4894a360e46b40fc9a5b4051c4c0a28c69e3bca1e45a4bca29d0
PWBE	PWBE-2570	2bcf07fff88186e658fa4c5d75442e465099da135f7e86963e02becc8a64b3fe
PWBE	PWBE-2571	ca9c28a03a719bd94baf1e3c2a45697294b8d1b7ecc67fb96495927a165e3bff
PWBE	PWBE-2572	b5b3170600c7b3634097cac25b9f2db8895b3eebeb9c6be4df8cb092bc19813c
PWBE	PWBE-2573	2a1e39b768e83bfe63741af9c34b13941b08de69c321781a89fb0394a9e46f51
PWBE	PWBE-2574	f0fc41e57dded68684e4383f1460a0947916e247093e9fa6a0d5d2a0064b628d
PWBE	PWBE-2575	dc41bb5f2d25c3a04fbf4002614dd2e03c1649a59cef85fbdc73ddb03bd0b4bd
PWBE	PWBE-2576	8b819292bdd3063421af5d76172a15bad5da68e605a09517cb6567f623edd445
PWBE	PWBE-2577	e3fcda08b8f01d2e4779af85018a1ab382df95539cfc3c0064083f6491cbdc6e
PWBE	PWBE-2578	f05c1b64ea8a0b8f62c2ec3e7671e28fbbdf90020f350ab2fa91a99e11d5f573
PWBE	PWBE-2579	69a9dd1e33218afd4f8a2ef03f8af5703b4cd8f81a744524347f37e903a6bfe3
PWBE	PWBE-2580	86c07cd7e36d867d54bdc6b92955d1e7285cd4eb65cb15992f837b813064919a
PWBE	PWBE-2581	49f9fbdddc95c6aab7526334aceef453a26a41cc1a9bb9d73d0bcabf00535dab
PWBE	PWBE-2582	ee1dbf432a0d873fa57f6d18d5837704004fb50e664b37dc1018f877a9274f07
PWBE	PWBE-2583	a706a0d2acdf3e660fca8dde799a3ce394d7f437150ca436e41deaa4a54b4f1d
PWBE	PWBE-2584	f9dba8fc27bdca39c888c61e05cde5f69ebb76b8a75aa7b774a76ceb21219a23
PWBE	PWBE-2585	e22b7934b290042baadb7413a5c85ca83065fc98f31fc7f6e86fef35f4926c23
PWBE	PWBE-2586	1e681b714aebf6843e62d74fb5d841f08227d48eea211d6baf7b4541dc009865
PWBE	PWBE-2587	ea11ce90a9da37ea04666d588e6fe8de90a7da6dadb12cf177f20df1e0033900
PWBE	PWBE-2588	5f862ff2e86c500e30f2926e76b6dfe8deb2ec5242bb0b1e9bf1e30099325637
PWBE	PWBE-2594	985e3c2f5c87d4f50e06a2fd7fd84a858ffbd759130e3a3693d9d25b5f2764fa
PWBE	PWBE-2595	6337300ba632b701e4faf3f124e1c1a653e700608dba9571c71d4ea9c5513103
PWBE	PWBE-2596	a26bd4752be60f45dc6d436eaac405b779fce736473ee4ba68cbf4b78be211bb
PWBE	PWBE-2597	8c6d0c1ae43698463c8c53c7834e6df614b7de3f88e47ea86655d6ec4d2c79ff
PWBE	PWBE-2598	f8f231a27f62c35231900290ab777d78636cb1254241c782998a88056974c439
PWBE	PWBE-2599	734bec2a269398899b7b3fccda62edd0261840a7f0b0b95e46c4b6a5ef88a0bc
PWBE	PWBE-2600	6d50365217fce3de522baba16c434cc0568e6dd4bf61c302b2baab849a3f8fa8
PWBE	PWBE-2601	aff5fc0410d3e3ea6fd4016c33fbaf57089c834920fce94ccfe5f356b19810ed
PWBE	PWBE-2602	42e9cb090ddb07ccde74ca6e1cb1beffc7c954b189b43db1ca58199ef75ac6e7
PWBE	PWBE-2603	de3e453cdef91bd139c686e0033f7a8934cb92a2890676346fa52415b0974dc4
PWBE	PWBE-2604	4bc572e05fb436494e890c53217b5c06e74e1251f0508df168984df2486190e8
PWBE	PWBE-2605	74b031806da67199bc8dbef916c4dfd429ac9e6c35aee848ce5e168f0daac56f
PWBE	PWBE-2606	441c8fb65db13fe5d19af0f1f0a81bdbce23db9f955143eb39b2d99900749d5c
PWBE	PWBE-2607	8e53efc4a9f94706c55ff4ef534ae5f5e857a8cbb865f869f316981e8830bcfa
PWBE	PWBE-2608	f86ff95d355fee38064aaf2186db38cd68a57c9fce51a24a2c895584a30e295b
PWBE	PWBE-2609	d971a0edd8bdc7ad95369c19e4f85f9639e7295581b34b4300b2b267ad3663a2
PWBE	PWBE-2610	1a65a9668d65b9d59952e1d09a4b39c36adb4d133fec30b64c9b067509b09d09
PWBE	PWBE-2611	0b88f6138d6b0abc4991e126cabb8ddf683dd0822de09d8f6e1155ca7baf2748
PWBE	PWBE-2612	86a78d52c0d8bc0b600543642a71e8be9a7a333133d7b1c2dc719bebd21947dc
PWBE	PWBE-2613	eece8411aba2aa2171a99615056deabd029b910ccf36bdff3dd8b8067856c3ad
PWBE	PWBE-2614	ebcc09340ce6cddb793487adc80de323c4b721c2ce9c96670bf21869c6959518
PWBE	PWBE-2615	14afba871252588282e425c97e2d6e818de570971cc615e3003f76d4dd70e18d
PWBE	PWBE-2616	97f7d66b3e2e5f757bcb7d63e514cd7e799ba1d5f3919fe7a4bd2ef4fd70e694
PWBE	PWBE-2617	5b0f9d67b8360f6f133f6cd899005a2094069b9edcc2a7528c577c63def47cfe
PWBE	PWBE-2618	ecc3157687256766a66b361d3837652bb6846b7db74a45d753919313c0e9ac6e
PWBE	PWBE-2619	625714e6f8ec69ef6859540753dd4543eaa491dad147f9fac709fb804ecea7e8
PWBE	PWBE-2620	556e30733e6203a6f4e9d0c779256f566ced6d066fbcf9bc582d1ce2f656cebe
PWBE	PWBE-2621	360faac6c87638a5a72ecf27f5d6ed80b507dc90301ce3d6703a3d66dfab460a
PWBE	PWBE-2622	1c140ec559349ee53c758abee0fbc9a7525e823394c60e7b6255b4528cac2b2d
PWBE	PWBE-2623	4942ee139cb3b488c96a983093bb5d4572d4f0d5beb0a5b2721315345d1f078e
PWBE	PWBE-2624	105a392ca147fff3b9f0ac66da77713f54a55597932570578e04bbd823dc0c89
PWBE	PWBE-2625	d5a338875d54efa01d7449d6d3ad42422724140b8bad23d0cd6d2f134b05ab24
PWBE	PWBE-2626	d7bd6063a867d033f183616a574fe88f3596511162f0c5e0876fe7f83aebb87c
PWBE	PWBE-2627	df063c98c8ed35f9017ed3f6a0a3494fa8e7504788af0935fb0af421458e6a75
PWBE	PWBE-2628	86c71101d5b0d34eb61aa22d03fb2f815acb6034585e7e9ca1f12f2a38b753bf
PWBE	PWBE-2629	4825bceb15af3b3867ffda742ab8e0fcc80b9bfc1a3c8c105831b54670560ce3
PWBE	PWBE-2630	ef4bd3f3f58fff7eb480a2031a00719b679d3c7d4e702daa21e6fbb114b11753
PWBE	PWBE-2631	5e61bb908022848283c314ab300fb1f5d0b7e15f16b929bf06d847c7a53f1479
PWBE	PWBE-2632	375f40274f41f732cf7b06dddf17d118057814782824cff8c30242c2c1ea3a94
PWBE	PWBE-2633	6a4142e7ab2cfdb86ed2003602c0f67ce96284ba36727c18011eb0f79530272d
PWBE	PWBE-2634	3023bd84332eb7a5ae4acab815dcba5bf67f5cd5f61857f8b17361c2bad56071
PWBE	PWBE-2635	21d387fcafca527deb706dded897c3bfd9a707ae7c348e045acf290e293f6be6
PWBE	PWBE-2636	ef8c4ba52989644487ae87050e20419594407df2798f63cd5a7273b48f48c867
PWBE	PWBE-2637	16c2d823328ad004fcd8a822304ce60b8656aa07329ed30fdbafa2d1382e5d8d
PWBE	PWBE-2638	92c74f433264a6456fb986b3b814ba084841547ca8e45154b6cc5e4907ae210c
PWBE	PWBE-2639	6d013e790e429b3fe373bc6992865140402a44e014d821913fee9f88793c6b52
PWBE	PWBE-2640	e9cf31e77b3316375d18c6c723e5b85470bdd83fb59cffecb6893a6e37342b72
PWBE	PWBE-2641	c5509578930635311b365e69133e79ff219ce99b6d4459cb3a62e3cd953d5479
PWBE	PWBE-2642	53942e345f0d18d09a918993866878f61b9d5e4942aa074a2df24c73cd440e5e
PWBE	PWBE-2643	7b39437e0807485f2c6a816be0bb1886fee79482e3a7dc5d51c7df6e269c90fc
PWBE	PWBE-2644	04d5aad0c0359fb956bf4541473562520ade91838fa2b39b719af3984ff27786
PWBE	PWBE-2645	7ef07bd7703f1de92e3c520531e66c4b6ede97e59386ce343db638e7337ebdfb
PWBE	PWBE-2646	a710e47072292c6fcc758416b3fa0b20912cecb75818bf15e8413f49b84eca82
PWBE	PWBE-2647	5187a936c7e18e25c66c5e050f1811cac80b6fd9775e68f2bd3d8ba232ac32a8
PWBE	PWBE-2648	ded266c16ad5e6f4193b3dd4f45ec8014c56f4e2f9f1bd8e56f210895e53e441
PWBE	PWBE-2649	251a8afdc6fa5003247b1c8b5c84c19638c4f7b672125c6cd2743baa3c93e1f3
PWBE	PWBE-2650	52de695499eb799685a1b620ae5b3d63ea670220af3b429a4e6281f648390326
PWBE	PWBE-2651	58d2747e6bd46f198b6a0522b81a037119cb843f2074f879b6ce5fb544841db4
PWBE	PWBE-2652	31fd66b75da25137b05f353a6eceb22124937cdbc28c541a8d5339fae0cf4747
PWBE	PWBE-2653	f06dfb0762197e728c404cade4915308d6d87f51c9fdbc7f7dd1af8190de66fb
PWBE	PWBE-2654	136a6052f3ea8471d2c804146ae48e223fb0f5370119d868a48d5a5282e04a92
PWBE	PWBE-2655	5c903ff474dde5133cf74a6081f84708e7eddabce14746c00fd3d0d93383f6e0
PWBE	PWBE-2656	6b814b4719d927ff721028a38b35281a95488a5c80738d810210eb829b609777
PWBE	PWBE-2657	2c1e6b71020d1593c9bd01b89872a1d6aaf6d79400863a2cf3228d0086f533f1
PWBE	PWBE-2658	466decd5198f434b8fdb0d0fe0d4d82c22c8170f6d7787a20311f31d08f555e9
PWBE	PWBE-2659	1a349011b48e5a781bca20a070a067a07e5257aeda257bb2d335c20ad5571ba2
PWBE	PWBE-2660	d2a3a3be5165b21847f0685df6a76250df93c6bbd379f8750870bbbc53209cc6
PWBE	PWBE-2661	16f361fb85208030d2e413dc680550be3923627decd40e3b21538d84f48441a6
PWBE	PWBE-2662	0a596f439d19dc5d316b952ae18fa4e20539a1fb12715e420ea5043e7ae4525c
PWBE	PWBE-2663	2148b6f5d6b4aae7e48cb3f3ac79f5c75a382043ce37a2d33829e2bb5151ca8b
PWBE	PWBE-2664	e71fdec463fad87df623ded51ef84a5282e55b2057512f484fb83d6faad508b8
PWBE	PWBE-2665	b312fc4a96bb02e2b0b5f12a0515ad23736f5e437435074fb7af28616e0d2ba3
PWBE	PWBE-2666	00887fffba0f73d29bbca11fb87da1a06a64ab751f9456afd676a15979db3585
PWBE	PWBE-2667	fc943ab82c327ecb520af572072ef0f427d9e1a5cd96366e0d38943d7505e374
PWBE	PWBE-2668	09da4c5e58a959d331a3c2a322a084eba6d5f4643ad8c6ec33590b0055e89dd7
PWBE	PWBE-2669	f499f8f65c6ff7537f780bcc6862cf5228f1ec3665c5a9f46b19d0d5a00f2c56
PWBE	PWBE-2670	6b672f78af58bf93c32d44326f898ac89f631fd943531a081c3c3858334efdd8
PWBE	PWBE-2671	d1e93577b1ccba6a5a6723722cc465fb2da5f9017448aee8c01f2530445448b5
PWBE	PWBE-2672	1635c46bfcacf1ee057954e6c6304335190eaecbc9f14a500ab8b6e760285743
PWBE	PWBE-2673	b28c25cbeeebbd07bfdf6893bd98b06fdb44792c18fd9d16f0d64b28889682ee
PWBE	PWBE-2674	1eeba79a7d1506e57718c2426e590a319cba1495a674949df5663187fec41bf1
PWBE	PWBE-2675	be539283283e034d1d9d611dc509deeefba888955a8ea94ede2d385bdaad69f4
PWBE	PWBE-2676	12d46de0bba1f202febad41bab6495257132af6b22fa0a24bb569bc8f06452b5
PWBE	PWBE-2677	74b086192226ad948b0b1f80c9954a3a850a660c211d32b01be455fa9f978b06
PWBE	PWBE-2678	1caebee2388a2df174c587932f3a6c9755f9bf9729bef9975e05ae0f688662d0
PWBE	PWBE-2679	c841bb39fbdf17884c3189b6a39285a1af36d0b18ec88f5e69bfc36360623119
PWBE	PWBE-2680	7040a9eca467255cf54f38abc57b113d36b6503ebd4076993849f5ccd96d86d0
PWBE	PWBE-2686	867fe539090bbe068f73567bfe4f5b0eb9e79c78ecd8f51c5d9fc41321ea686d
PWBE	PWBE-2687	572c5def789bc481bc35dadac1522c584de0d8e9de14b238be846251b0b93ed2
PWBE	PWBE-2688	2535b6599377da51da0a87f30fb15ff73f1bfc71b8e7e747dbe136618fc0aa54
PWBE	PWBE-2689	0b2719ea95cf4f0ae74c0ab70331e50405ea2d429b4ec90fff0fed9d3eb427e6
PWBE	PWBE-2690	d4c9c6c6adf59d6a2d728973755a0eac77baa5cff213783fda1f920ee83e88a9
PWBE	PWBE-2691	6e1bf2432a0531b88af648b66abfc4576619113b42fd0ac00e0028ae98eec825
PWBE	PWBE-2692	8e6954fffaa532dafe49f954e6dfbb9fc1d1ffeebacfe82336a5971be5ab603f
PWBE	PWBE-2693	49b85215e588d77af7b99c42316b894044a21b624ddb625a9f5753340858460d
PWBE	PWBE-2694	98ba782fd317082fc090e83be53f755f0b035f1d0ebcc7c64574ffb51e517672
PWBE	PWBE-2695	d26d0421d8a882ed610ecbc98730befd7ebdf50442e8a521d5b4d578a02b29e6
PWBE	PWBE-2696	efec6bf4ee8a499333ecb0341182879dd6234aa407903ffd8644f8d2f2b71245
PWBE	PWBE-2697	dd322c1cdc9fb201b473689171907749da601bfc97195fcd904d18f8f3743b3b
PWBE	PWBE-2698	19edf7c3fd5e57cd9252f8f3758220418d84b0d416b970d00de5241214ba0d0b
PWBE	PWBE-2699	c384a62c2a3da1a39e1c217f51b29cc48c05fffd9e44bf870747d433ad7a0068
PWBE	PWBE-2700	8bf3754ca5bcf06045658d447bf095f3638004bb0e0a2a90444bd92f8d825515
PWBE	PWBE-2701	a17d666eaf57527fc42e9f89431edbccdd918db942fc5da16141faeafc6bd922
PWBE	PWBE-2702	f10a96479b5e28a1d901585cb196a1386118adfcde08b39ccd492d56c9fc334f
PWBE	PWBE-2703	8f7a679b628a7b816b6a5eabe606bc29878d5441ec77375f6bb0ad9b9dc8785b
PWBE	PWBE-2704	2791cf208c05e72e80867e251f25a1a1b785a8555519b8c8ae6a62f077dcd41e
PWBE	PWBE-2705	7771485cdbe64e9550e50e00b148358494e63d88d65e79be048e945f3b396108
PWBE	PWBE-2706	4a7f5b6ef72a27a83e37390122163f65a4ec81cc83a7395fc36440ec94f871b0
PWBE	PWBE-2707	43182dd1c9763661884342e90c12bc666a53be86667e3c3e3a16caac627cecf6
PWBE	PWBE-2708	4c6d71d27e7eaf2e2a8b0286770dd72a08aafa73fdd96867e251e35e90eda1bd
PWBE	PWBE-2709	e1563e76181e1dad918b6b2969cc79583dd45aa4318b9327990165b97e8f128f
PWBE	PWBE-2710	ab0b30e23c0af1839b158a0c8117a7d18d0cd6b7e758d12b31b2b5e65ce2483c
PWBE	PWBE-2711	792d045e7ee3e46de83eb8c32398a0b4009c5188afd1dc02ad8f65fdf05b1ba7
PWBE	PWBE-2712	d313bf3712823a930db862fdf66d4185a7aeadb08596230669e4239862ff95a9
PWBE	PWBE-2713	674ad0ffc82809e95f411dfe27442f2a00ac26d5368989231f920a5f480616b1
PWBE	PWBE-2714	a56edde83d3640d2adabdf0b31ba3bfe0a017c87f20dcf63668da584b8fa1195
PWBE	PWBE-2715	9fab195dc92957c8476de7c0ffa417ddac65457a9316fd64d88c94af3b34d390
PWBE	PWBE-2716	f19863ea255ddb8ec5f8b915bf7a0cb1d011988216171354da2543e0658bf52b
PWBE	PWBE-2717	b5dad5900a9f2f8d953767f69645af89853a453d1a7eda32fb3463457bfaaa93
PWBE	PWBE-2718	a9d3caa124f4aae047130ac2847c76112f5c8b05fdc38ab4da1557c0711100bb
PWBE	PWBE-2719	1599565cb325dfd906e39083ab7539f66667835a5af0aff127867cded826699e
PWBE	PWBE-2720	2d3d510cc6972d0a3458d702db6faacde4455536384e95f74d375d439c227f12
PWBE	PWBE-2721	3e265d59ed268ce2da23bce18f79f1e606303a4407e256d56e76508ef73b0521
PWBE	PWBE-2722	e177cc2d3822be35d00ed4d3fc4170a1285a06bda1c32c375e041261e9770607
PWBE	PWBE-2723	86f6865b7aa0ddbfe2b1b7b0f8c032c17db3255680ed10640c17a120b4816511
PWBE	PWBE-2724	1dd1d7be6374d1a15b15d6e24117e40767947b110c7eac32e4a23cece676d503
PWBE	PWBE-2725	719eec880d3c2fd006e87b9c38b2cdd035a788922ab26a6c07e814548bca149f
PWBE	PWBE-2732	450e51a395321fcf54ac76a3569f2d82f5b474736dbcff9ff3573c7714d98c99
PWBE	PWBE-2733	7742acda61fe01bb2d90a06d74dc9924820c4b3afa26cbf257a7e3dea36dbc42
PWBE	PWBE-2734	39942c1d33085b6cc10a19e07d502d83ec6fdd962dbb07b755003f16ba72ecfd
PWBE	PWBE-2759	5196ee24288498b574ac3e2a844f06c2aa9d902f7ef1b4510d95a0ca5f30ea6c
PWBE	PWBE-2760	f309091cddbcf0f41537422f1d875c78d5d90fc418bc0504f331e71f6d8bf40a
PWBE	PWBE-2780	b10323cd0910e7982d355eb9ea7171c451a80ac20dc380d0911be16a84b2aa50
PWBE	PWBE-2781	4663d3a7dec9760014d4b42002140902f767cbb3d709760cb76b3d56f87f03bd
PWBE	PWBE-2782	9b4a53afd5282856a28c035dcd2b8e987a5d80415d387da52c0b79b49128a3cd
PWBE	PWBE-2783	1459039816e6a7af0dc6ed7c4d79e051db776f3832b01c004454c5d88cdb10ad
PWBE	PWBE-2784	c02d2caa1ec643a9afdabf11bebba8816ffbff4d94c6b32f799d080237779c77
PWBE	PWBE-2785	7f4d50ee67e36853b18d416894d8eb26619ef7a0ceaa754dd112c352a204f726
PWBE	PWBE-2786	c81a568dc9c31b4ebb273c89b87d5e343afa98470114e1f1a08af673ad6161b4
PWBE	PWBE-2787	effcf4485e914d81598a0188a651356aa4f80a9ffd7fa1c6f62c2637286508fe
PWBE	PWBE-2788	54e551f50260ca1a492827ee0fce4de8094a91beeb79af761fdcb9b425b97819
PWBE	PWBE-2789	1ccb62fb449e72851d8fa9742d630fb3409c5b88b4929d8a2048e7a6890004b5
PWBE	PWBE-2792	4a22ecf534a6855e92d4694594138759e1f410f6668264b129534a61ad1709b6
PWBE	PWBE-2794	8c504949e3de0d75efb4113236cfbe8143210167322296c30e3e249b21e0b762
PWBE	PWBE-2795	787d0159415fa76262665940021666fecc24d376426506e193abe332da8a0657
PWBE	PWBE-2796	c6d6b07bceda6f1813312bef501f210734061e56d63bf774df38a5183a1639e9
PWBE	PWBE-2797	f8f22e6c4682c9b861cf1c697194b5c848c2871af0aa3a69cf31fb4727dfa04c
PWBE	PWBE-2798	497d477df1bbc50ff93943f8c931594c6fffdb892aaf3990cd4397cf042777c1
PWBE	PWBE-2799	33a763ea4ccd9d13894764b933f48e84ca400e3c4c1df6e89a60169f942ca539
PWBE	PWBE-2806	37bc61957ebfcab6b93faf2b1426f328e0330694ff15cd91621891635a610dd7
PWBE	PWBE-2807	4959f3d0bb458b51bf3e26c7577c651b17b707aa01629193a6111482ab04aece
PWBE	PWBE-2808	2025314ce487f080c706be55ddc587cbaec5edba142817ab9419cec906b36133
PWBE	PWBE-2815	7815a6e424e89e364fbc6c244f330ce4241d1f366cbba45fd9becea563198803
PWBE	PWBE-2817	01f5522f4f5c1a26a80a7c9e9897d4472354aa7f70f7ad78b757a72b633df1fc
PWBE	PWBE-2818	d0040513964ba71934506ee71b2926bfe8f076ed81e02dc00e22e5c085a22abc
PWBE	PWBE-2823	2aad0f3177945cbdf7802799e27830ddf86f3aff97f63eb5997912548991b3b2
PWBE	PWBE-2824	1e8cd462833b2f3ff3953ab6ce601b71f6d9cb8f6c26d98cf60840e8c7c237b3
PWBE	PWBE-2825	662d3d5263d4ed8cb13f95f894f27ae5326c7516d91fe03c0e96401f79dc6d07
PWBE	PWBE-2839	7bb4c80ce375244c87bd7fe2a19dee49b9d7fcd630df939b39d9610359df104d
PWBE	PWBE-2840	ab86eddc86322a238d246b06ed2639dabf7f1e9b4ebf4e89e4012c2afff9292e
PWBE	PWBE-2841	2c2bf18b600c0e04c420b8a6d7cb98fcdc4361cd195662674e6c260ac8a694ab
PWBE	PWBE-2842	42e98c188ad317ed18d82b09754d316c35d5f54be863cb5a1f212dd506f8516f
PWBE	PWBE-2843	e5ad9d0bf37b4befb765f23c75bc9cebeea67e75a7766c47c7881486f77fc796
PWBE	PWBE-2848	cd9771b9cecde292cd8b20c036e50d7626c9a578e77deb733bd3cd8c253fd735
PWBE	PWBE-2850	a44cc84b4d98b07ac56fea454e1b821b6ac963d9eea1139c0aeb457a0eb6739e
PWBE	PWBE-2851	ceeff10da275a1f4fe77c263bb8fcec9ade2d00697421854327cec9830d35f51
PWBE	PWBE-2852	7c588b406270bccc3151cbfc734f687e6bdca61d763607aef89202fae5be81b1
PWBE	PWBE-2853	ee9e1209683d0122903a4df4bfa3ee438980afdc2565c2c665a69dc662404847
PWBE	PWBE-2854	36bf639796116a28374dd54fed141bed7786dcb879956b4f880a934a27e3449a
PWBE	PWBE-2855	f6377b91a1db83a6468b878f2a31ebc39ad241b93d1f79d513e9fd39a37f2c30
PWBE	PWBE-2856	59c4fd0b217f92fb67b9f25bd3ff5ef3b1216c9407e75e2543f603c5f7a04fbb
PWBE	PWBE-2857	3e9de29ff0a54d70b50e1832e868b2c0e9db752c7ea08a0075987de91a26657c
PWBE	PWBE-2858	7a1a597c848f40c99bbbbc5a4fb8a7e3cdc33c870e144567263e272399505094
PWBE	PWBE-2859	a528ec1b353b1857d158e5cdcc42393e0ee2ac0457749701b614cf241feb3a5a
PWBE	PWBE-2860	fed5ae496dc381f58f20266823a2f1888220274707dd2a9f15fe61867dcc14f0
PWBE	PWBE-2861	4f011a209dd70245e54decc138351b11cb463a2935860999c3d978aa2f801d0f
PWBE	PWBE-2862	fc37f71d5e5e05887356da25ec064e808f633c351e1d300202374140d6344366
PWBE	PWBE-2863	9c7897681c381b65fe1c71e555eafa449ab8e55f0c57933edf1cff7f58b6a936
PWBE	PWBE-2864	71af25b72ab7cccb97c61b377c1ad18cc6011d469303a4a7f3a05e1b095248d3
PWBE	PWBE-2865	ea305ae7de2f25f974433b4751e6063da3c88bdc21a8315a1f2875e661fe0844
PWBE	PWBE-2866	45b2c6f46c1a481263097a7b51c425494692ee9e22296b3f01e3c1989f1a011a
PWBE	PWBE-2867	346558f4f6233b31289b8b6be1558b68f8f31ea1877f54ecdd27d81824189d6d
PWBE	PWBE-2868	1ea614750ec892d2d2093d4db9f7d240cf4f37436ebe106286d02f6511209690
PWBE	PWBE-2869	c2c39171b9ba29bc815d336d89c87ecddf26819704d5f7b4bd5ca28bdd99cf03
PWBE	PWBE-2870	f35469276993ed747470c79f13ac8f00b994abc71b57b6631a5061fc47780405
PWBE	PWBE-2871	2f0fea836201635bff18ba0083a788509c6561b525c5e26764957046cbac474b
PWBE	PWBE-2872	88c35f9cabe1ff3ae5bd828fc519b1081cbb080d5edd3360f1faaa4dcc73cec2
PWBE	PWBE-2873	b2c4efcc3870e490923d49ddc5c268ad384829597d948da58b228a30f8c1fcbb
PWBE	PWBE-2874	cf2132ca5a4942f137c77607bb41e25ccc93ec3f37120300071ca2c46c7d5334
PWBE	PWBE-2875	290e7a0958e19e822d1c3b7e742292fbe4e1ad65854ca032d2a85c8ade5478c9
PWBE	PWBE-2876	0d627aa4921f8905ef34e380fb20496304da9aad3dd125a57aee896ff9079c9c
PWBE	PWBE-2877	01b82f5ccf7d82660e22897bb4b9ba9889d7245bbeb51067415a542a78193349
PWBE	PWBE-2878	94f06815f3c5c47c48089299dc85544ea1bbccfc65540a754f2eb4cdba140947
PWBE	PWBE-2879	4cdd3b18ba536c119e5b289a495fddc63ad18c7f734900e8f81104041f98b8ab
PWBE	PWBE-2880	82a95f8d8191d1f038b89bdb1ec817291294843fc901ecb865c8ddb9db077339
PWBE	PWBE-2881	bc01dff6f814f33e831596c56528def3b0dbba7fc4c9d4b326b505454ffc0706
PWBE	PWBE-2882	3e5bf75d929265d2d96e8795bb530ee8697e2099ef7e7f4806b4285dfff52d23
PWBE	PWBE-2883	6580f9a6a8f3f94a19b78a5ceba9c1f4431fab520c6d92d7b45619d14a7952ed
PWBE	PWBE-2884	040732461731e73b0eed45a0712df06b2283d441544913f2fd47384a511db1ef
PWBE	PWBE-2885	348bc4f5eeb6f21b7424a2b06646d572834ba202343057a236a9ddea3bbb62be
PWBE	PWBE-2886	91be80bd72f09fe0ed7024ff0dc7353ed8771b86db36db15fc99bacf3a01d4cc
PWBE	PWBE-2887	3d6fbd5bc984de88e93c6516c0056dc3de29f6d4bafbbff3858d7c3e8486a1e0
PWBE	PWBE-2888	af56d45c75c66b3ec54ce58940523f216e87589f8ce554e2572523d42e6b8f4f
PWBE	PWBE-2889	202620398988d2f34d27f99619c646118445797ecfe2902989a2c0c9699a26d6
PWBE	PWBE-2893	de9d7d2dd936079ddbba50ac37700179f49357c66a286ed7e1e88ec269ddfd7b
PWBE	PWBE-2894	bd7b0bc56f384eceaa879e91951fd66ba093e634f1f7dbef4ae2fef0d40ad8a8
PWBE	PWBE-2895	d68a872c2244cfd1412f9ef961d2e9eda54fa1dbe106c675e87dfac02b1d82c7
PWBE	PWBE-2896	38ab36246a50d3db74ef50ff3c571e6c5c2a5aed0ea7701f425d6636fc68bf13
PWBE	PWBE-2897	94f8c06793f3e57922652e29845e1df4633156f898782c146b3ab9e2fe3d4d8b
PWBE	PWBE-2898	4ef14ba36921103e6b8d7f8249fadf6210fa8988faa839eaa635f7a7ce04f645
PWBE	PWBE-2899	9ef1663e097c27a6382a210698d625e5e7ff235ca4b443d9e315c2feaa05efb0
PWBE	PWBE-2900	6a7928e89a1ea622b90580d5d216acccc1751139cdcb9538531685569ceea4f3
PWBE	PWBE-2901	c7a5a2bb108b9a78c74ae84433838abfb6569e8666d8b45eb9fb71eb884ddd7c
PWBE	PWBE-2902	665ed00eedc7e2403ee590b9d9f1ff6aa68245f993534b999237d6265a46d1f4
PWBE	PWBE-2910	71120bf46112fc13687ffcc1161c74bf4dab99d1617b9c2a137c9579b9aae7db
PWBE	PWBE-2911	90f35a2bfcb84778ecd35dc3e18c46af6431b7879c175080572ffe3c9b806db9
PWBE	PWBE-2912	ed8c1f70f9bcf493c0b4aaa8f429b67f39254cae637d8497953efa23cac8f721
PWBE	PWBE-2920	d88a6862a6c4292d5137f98f92b2fe3900f2518ebfe890b9aef0355ea14262e5
PWBE	PWBE-2921	3ad7619fb3c92875d9e660ff394ef6f860c47944edab4d1893ac9fb4793bfff3
PWBE	PWBE-2924	c118c302e0f8fe1f6f65e33c342bf2c3b1e088a42ed218ca405d2c74e8c742f3
PWBE	PWBE-2932	1b4730d0b76e2612224ea082a6e3a79a6991f0313e6289eb0452ec2ac7cec512
PWBE	PWBE-2939	07dcefbfab0f32d8003759fdfbd93f34f6bb32068dae19fe3677c64cc4e36d6f
PWBE	PWBE-2944	6b9d946126b00acb2a13567c2f591e112ddadb094a887d10f9f8384395e09472
PWBE	PWBE-2956	64bceab693133bb8ace6017f43a978dfa4084df4304a8b138a554de107301991
PWBE	PWBE-2957	9e85c179eb6351e20bc632a851c98c18804d612cd2ef6f2f42202694047a6151
PWBE	PWBE-2958	eea9bd4a185c61fc90a93601625f6a9a9ff543df1ee14a51a150e23271cc6bd1
PWBE	PWBE-2959	56ca979d850bce0d65376fde29db06b59c8b8d57ad4b1319febd979320f5941e
PWBE	PWBE-2960	c3a005ea3d3d70c40cd2ad0ffcd138b1aef942d324685fd74f2d2a1b3000f733
PWBE	PWBE-2961	af1e8a98bb4491e1d3ae0165e48d0f926dcfdc1241e091da67a146d1d7af18ce
PWBE	PWBE-2962	e4c5cc8c457dc1b53c82c8b56f6175df8e13d72d84bc9e59df156e8c8a198af7
PWBE	PWBE-2963	fdc34c65becab51a08a2d8c5dec17997d6e3e801189c1c7df8e01a692a8b9ef8
PWBE	PWBE-2981	79976ebd92db4bc85b5204a99f95332f29cfaf4dab80c487166f68d370c268eb
PWBE	PWBE-2982	f25b5c96f10c8b50fde032f2f924e166b32f63643dd6e416e0d68b516f71c4de
PWBE	PWBE-2983	465d9e11df38f52c10073baf7279b1b1b3b6843859680efea583937aec31b8e2
PWBE	PWBE-2984	b8ed322357805ee6aa0de10eb2170f2d1f71d88062c118ef3146b6b88593f289
PWBE	PWBE-2985	e630767c54a65f0c4dbe358f76d3723287dbb531891b2d6387b9422d478a9fef
PWBE	PWBE-2986	6264eb8bd810f003a9dd07a844a8373604486e668cc0724c071b5a624fa57352
PWBE	PWBE-2987	cb2fff96ac33d7b6a49d66dd45841765a2611205fdc139b373a75092040cfc3b
PWBE	PWBE-2988	cefa6eb23ba322d84d08ed4431fa65556e28e88ed297b80976b02dca115f4243
PWBE	PWBE-2989	6e2fc1f838a934e1b2e6b7d63f0d7771374e833923e48e05c711efb12a9260c2
PWBE	PWBE-2996	ec3f264958b047122af6d3bfa41dde187c069f3277f21ab5f4d919d40cbb397c
PWBE	PWBE-2997	3f5ad2f05c42557570fa8fb52c90d36006eb4e60281684404f3c447b7564c24d
PWBE	PWBE-2998	1f14b1208e30fe441c4f46f24069faff76cedefb3cba2f36c5a7ffcf676bb3d0
PWBE	PWBE-2999	392863e360ac574834734c1994e756f5d0e076b92b59662ee76c5953b1550902
PWBE	PWBE-3000	2d4c34ee38aa1a2d6fc02bf32d6556fe7d22e7c1b3a8169ecd339f90f3eefb00
PWBE	PWBE-3001	6922d87315ed81d0773ce25374ddaa3d0456c8582724ec5a4627f1cc39168e95
PWBE	PWBE-3002	ae74ef2ed513347d992488836647580cf6a9cd271f5d9b2a544f4c8e0e6db633
PWBE	PWBE-3003	690258706e6395e22c9611a56464a6c5eb43cef4a62bcea6c054e7d3f7915f59
PWBE	PWBE-3004	9d620a2e98e13db8333da7135f5807ec61f497c022f82a3882835eb7cb1827d8
PWBE	PWBE-3005	7839fa62ad644905294ad89ec66cd2c8b68527cee88687000ef8d1fc791d6e3c
PWBE	PWBE-3006	9c5aad4409fcbd84ffc06f589a6eea43d240529206caa3775183af6321d7cfc6
PWBE	PWBE-3007	69087c2b8ce4581429230c965a49febbc3ca2afb81f44a44a3ec3b0207d0f48c
PWBE	PWBE-3008	95283ebd270d8f484433f2f7d2ca4b5ca55e4578fe6f051e3e3a2acdb0ba0a08
PWBE	PWBE-3009	06ae2fbec3fe159c998f27cd89597b59861ba8c3a2a345d8bbaff8f2f94e445e
PWBE	PWBE-3016	2aa33c50849e7243722d3e3e14296c040aa907e9430a0a64bf7435ca2a0a4bd6
PWBE	PWBE-3017	4c0943cd32bf763c877c1d6602074118b34f45a6f29fe561dc70d86ad152b046
PWBE	PWBE-3018	1a7df6aa3eb3fb4aca12e28ab9456b11892f6426c043c036e3858df19515b4b5
PWBE	PWBE-3019	5702790f701beec444cb8ebb86116aeb6edcf5ca50753ce16e54a686c46c307c
PWBE	PWBE-3023	e5b9d9af616d32cb5fadc6075f3a3f5e57ad8631280e18a0715eb3030ea1c516
PWBE	PWBE-3024	93caa53a21a069f8c3621632f41e68aa4ce45c873c2c3371a5c8a135bf622b0f
PWBE	PWBE-3025	6f295f4169a039bb83dc3f52d40ba9d6f5ccce4ce7f03ecca947e22ee06c85e4
PWBE	PWBE-3026	3df06c939426591def15d68845fba9641a86a31daa67d1fb769c6ac0ac61a788
PWBE	PWBE-3027	2c8f17a5304297296d2da50cfe4d56a62e27cc1a003c403d510f27146ab3eb90
PWBE	PWBE-3028	ebb3da687839db73372ee039fb4a3668ce0218a550d7ff167eaf4503b6c20367
PWBE	PWBE-3029	080edd07a0ce5516fc6e45c1b3d64dd456904a5aa992838e281a73c2ae9a542b
PWBE	PWBE-3030	b817b83f311e997da486ee106a4aaf8b755331ee26825399ad91ce35253afd53
PWBE	PWBE-3031	404880339f5361421c37018cb33d77b9bbac60693411514103a6443089d244de
PWBE	PWBE-3032	2a7290eb933e6a8358405f0b3e2a39a0364e1ad6f2a1918d6bcad34f7ea6f278
PWBE	PWBE-3033	a97e459ff6e5438637c6c74a4623ba6dff68fe48bb0fa4287634a49c6406059c
PWBE	PWBE-3034	fe4cb51e58cb0b001d759411ede9e85cf6641107ce16f842c923592f67d4b7ab
PWBE	PWBE-3035	1350a20d4fde85f377a5e58be4aa5c5e153d4d9f828b3035dafd87489a5ec781
PWBE	PWBE-3036	c8327789441421b0c5c4e4733be1c22bfa83a282c0e7e39f10d7c88ad59f9303
PWBE	PWBE-3037	ab301adfff23e896254e4da3d407784847ed595a3e90f95b7bed6b11f03ebda1
PWBE	PWBE-3038	07ac516716c5513f0dc059372037caa03ee0f80295fee17b88cc1a27322ac530
PWBE	PWBE-3040	0e25ee2e19ef40c8b2f8f32515583d00eee1405a29f3483cb9a88898e9c0c47f
PWBE	PWBE-3041	21685ab906f38d6afc719213b48c4bcfa59ebcc1f6215be48661d7ef2aa570e6
PWBE	PWBE-3042	1bbec28237ef01aae1752a4bb44380bc5acd246c973ffd8cea301c348a54ac3a
PWBE	PWBE-3043	acec8f4825f0ce2b2179cd27502ffc4fe3794b5163dc5c3a3a49be68290375bf
PWBE	PWBE-3044	c4cc05d7b87a1dc9386414a1dbd62d57039392a0ca53a9e0cffd66d668b0cb06
PWBE	PWBE-3045	18ed785a936b7b1736a9cf62829e1b5af653c89d1fe050d4f5720a5646ac38d0
PWBE	PWBE-3046	5f479d86928fe0375d435ff55261a1b79d13a920f0855a9191c98f30b12f071d
PWBE	PWBE-3047	d8fcae3beffea1cab8af795e9f87d5a0c27dda2fbbcf9fe3a255f36ebef0df47
PWBE	PWBE-3048	003bb28c47733e319567ad1c5ff4c332a742d5c20d21045b41ebf903d0f7a616
PWBE	PWBE-3049	1591c7b5c45f60f26bfc41ebff49ed785f8c84986c52dc62543a575db462a8be
PWBE	PWBE-3050	b43e297398e9493cd46c8f7d4f3e7b0a12a3881fddd19588be59670d0b7c7412
PWBE	PWBE-3051	8328482c1ef270ae545087474c017ebeb25b187ce7840a4ba0f61bb8132d7aa4
PWBE	PWBE-3052	6ab874bfbac9e18ecb2dd4236b6de43331d682c35380ae0ab6503609f40df38a
PWBE	PWBE-3053	a8983bb0dcf7186a272540021bc3e8384c5451ff4d88e869fc6ffaff5a9d2394
PWBE	PWBE-3054	19b38752cc3fbd230c7ea97281d2fd5ee153ae6400b559f14fac7761532a8feb
PWBE	PWBE-3055	c37d605cc4463f586c56d4310ab4c88358cc05b12005846378768f1be52d5653
PWBE	PWBE-3056	094c5e70f6b684137600687135f3e85380e6544eebac6c630ab6a489edc7887a
PWBE	PWBE-3057	8fd1dcbc473969baf841052dbe4ba0da1af76087b79bd79dfbd1502f9dadcdc2
PWBE	PWBE-3058	4295d57a2afd6d42b103e076add216188ede13127a31c29c899bd4c5b69b3ea0
PWBE	PWBE-3059	607ad43bdf7ee4c4550d2859157d19c1deee4e84fc8061e1bd1c51091bf037b3
PWBE	PWBE-3060	7f1f481bd5e8c461001c13f4f7be2534938edfb98d9ae35c621e5e87b6edcc76
PWBE	PWBE-3061	96cf4f8e974249d73a14cfbd0e01e1d3e05287c964ceabe9284f85a0f35c669d
PWBE	PWBE-3062	cf702ea3c002993822dbc56c940c84678344aceac4d2d187f5e85377f446c6fd
PWBE	PWBE-3066	8a503d5b951c69805d7d8bcda79e604fae22a2b120178f7e76ccafd08ef8091a
PWBE	PWBE-3067	5f1f3c7f5f9ebbb592bc7e37ae1ca30b87971e6c378b5cde054bc48fd39f3c4c
PWBE	PWBE-3068	7c4fe8cd4da5890ce2446e72552a92f0e963bfcff0b0b860e58867992ce29067
PWBE	PWBE-3069	8ceeca0fdb20056ff17518cce144e8b1238bd18e8c3b551f6ba151809e7ac89c
PWBE	PWBE-3070	24662f84f982839528413197d4f19a14120b7c4b215df44578626620ba873181
PWBE	PWBE-3071	0e4168db282e6e9d810af0a676c902e7a58f626646b5a355d3049b46cfa50061
PWBE	PWBE-3072	8029fdc119914561acd6745f253a60d6308a38a385668fb3507917bd313e5f60
PWBE	PWBE-3073	da765c73a5f714d3c43cf3bbfc97c1dfdd09310d2209c0fabf14dd6ba0e6c824
PWBE	PWBE-3074	de75a7a08a298cf75a0b2d2cd2cf1aa9aa92c8a69327e8fe601965be0ffb6518
PWBE	PWBE-3075	b90db2e6781ea057e375d99d5c6d9f82f9a6af9ab106b9d4242dac5f8efd9857
PWBE	PWBE-3076	51bcc0125b53d7a324c6d36dba4c670cb2e55f2478be8ed93fa1d6b34e21ef27
PWBE	PWBE-3077	55ea41ea2144a2b1d1c8d1e07301233c5b9302d44ca7e3051b05fc204d19d481
PWBE	PWBE-3078	3e1a5bc8aa30bc3d7e4020302ea3c41800f2f84297bbf87be0737c9cfdc884e5
PWBE	PWBE-3081	c276742ce6e374ab598230e4f17e2a215f191bc32a0bf551fc5bdab09e619a1c
PWBE	PWBE-3082	f98c0f1595f2fdb91952992b91a890a5999d34ed5c5593224f7cd3eabd5126d9
PWBE	PWBE-3083	401cfc94585742da76f05f4ab31f0c671311c00ea963abb44a1c6919d48960a9
PWBE	PWBE-3084	f7c131bdb9b72bfaeb489eac7ab9cdd5e85b5bd9452d1587cb70db689cdde1e1
PWBE	PWBE-3085	abf28b545ca60319623bef175c52dc97af1330a5f043937a0c83f0b818df979b
PWBE	PWBE-3086	1046ecb477defd84507ad529dab11ab008f2c3778d689c9ab6dbd84e3acf6bc1
PWBE	PWBE-3087	15affcf75101ee6b14f101694bb6031f1f5e57751eeca6f71b8a69d4d23677ce
PWBE	PWBE-3088	c21eed2d9ee211df89e317cd1c4518cc05ea4ab1be779e45e7a0d9c0bf8888a0
PWBE	PWBE-3089	fb4352994ad1cd04b76e85060527d1a1f7253854932b9d72d96009a4335393e1
PWBE	PWBE-3090	922283019e3e9960a4b953ef2b9baa22d77bfb641332f1a442c0aeb47058e917
PWBE	PWBE-3091	a982e29b05206dc22ccc20e6ff21361797e8f782124f6ab76a8ca41cd40aff45
PWBE	PWBE-3092	4aadb6c8701e22a5a50b9a8ec3f1c81634cf06cc7d71d8b924b8d869381024e9
PWBE	PWBE-3093	2bf51cd8fe18d125bfb14bcc52a7747ae2e6184911fc4a2f35f6e61b7e044375
PWBE	PWBE-3094	a6cd80156f14f80fbe70dd6b13141ae710e8bdc88dc1ac3c112ac2436468708e
PWBE	PWBE-3095	5fa8f89c2d77bda0d60ad10c2c78252d66b77da5fcc245f7418de724d78ebe5a
PWBE	PWBE-3096	7cb2442e0984b4410ec2ac42543f84918d9561c5d01eacc002ff4bf43362437e
PWBE	PWBE-3097	41c642cd4ccfeab7e465d1f2e4ca4dd7a85174804dea5cbcbf962c663e3b804e
PWBE	PWBE-3098	21194ff322f071e79f720c8a12bd09f4d5ef15d35ad591cfa1bf65af927b717f
PWBE	PWBE-3099	a508127705d576eb6a907a9480f31d39afb8765545329e330ad0433ce26120d2
PWBE	PWBE-3100	b6165eca24cafd30da58c42c045963523faf76cc5442ddeb6c68ae1c8840398b
PWBE	PWBE-3101	e6bbde556bcccd5041949ea5f4f67d60f83cf890e7a51822735ced1f449745c2
PWBE	PWBE-3102	828f6e9a315d5f7ea61e5a564dc5191d8cadf9bf74e54a6582fd96f2f310d1e8
PWBE	PWBE-3103	62066d58b63e092c0d4a8fa847c39d41cc0a878113bf1220eca1561bf9d656f5
PWBE	PWBE-3104	bfce080105a2b306e3c33185c9f071ac4e42926d81ced8cb8d6be21eb4b82326
PWBE	PWBE-3105	17cba05b4a123de92d180a218358f5db99aae3d886f3189dd8db35f93f4fa151
PWBE	PWBE-3106	ae42afb1bd73310f490bdb6831ba5a199210865ee212e3163e1911f45254ee09
PWBE	PWBE-3107	92d9aeee5d53b0756c082c12baaa838f99a2c2f14b1c20bf60355d978cefa7d0
PWBE	PWBE-3108	a2fa9340f5d00b9b1cc930ca83ed7f11ff285a763cb72dc96a33499a240dd924
PWBE	PWBE-3109	e33d61c250c8fbe9f9ff780f9f31606ab2b4d37d1c2cc1b713b85c18ffe0ded0
PWBE	PWBE-3110	40aaf6089b3c8f8690779b32fffc67b948657db4f9b387ab15200777335896f8
PWBE	PWBE-3111	5694879c1f020b0e4a3bafd788ce1567bead1199ad867c8e47cf693186f01e5c
PWBE	PWBE-3112	219e9d270f4ef6b7b629bfae3996bc4e3c3df46ec4803c6b1e96d59a7e54e306
PWBE	PWBE-3113	3b5c8f8f7208618531c6723b58acfd27be6330977db711d69ccf8d2bb9e45c7d
PWBE	PWBE-3114	e624312a30bed1562324819525cc446874c25eeab8524b9e51ba517013b04d44
PWBE	PWBE-3115	b8c0e344e4a850306cfbefcf87b0bf498eb05a932805ed06ecf65682735e209f
PWBE	PWBE-3116	9d6c552c61df06536213c76a40a141c938e5779f869497f0fb1e4750dbb4e214
PWBE	PWBE-3117	963a4ac5a4a4607cda28a73a620e9b9712c6525b3e14d3866aa851e0de88a1b8
PWBE	PWBE-3118	e7f44539ecbec41a80ca632ad0af28e8db706670306eb195fdccd73648dff163
PWBE	PWBE-3119	1505dd5dade282d8466c5e9a0584e9ad16549083db693d64ae2cba6a779a3348
PWBE	PWBE-3120	5a6343799039ca806dd68d8b781ac5f6840db1184477c7e4fd72f152912b9ace
PWBE	PWBE-3121	340d502746e61bb2daefc18372657a47f1fa1551b96fe01e5bcba4034ed09b39
PWBE	PWBE-3122	987bbb2e68fcd3c7991296c4b0235a70cbeb3a7481d8fd9fb4cf9ccd647626c9
PWBE	PWBE-3123	6cfa642f28a2b7e845ef3753e7147ce4cff0ff2e7b2fda26d35fc0d7a8b78de7
PWBE	PWBE-3124	1461b16fede20af374aa3efac03762cd0adda672b132851ec0423acc951cf595
PWBE	PWBE-3125	dd1f0d5709dc2290b140eaa8b2e52409027035e86259d89d326ff6d4c8784c75
PWBE	PWBE-3126	a04f108acd0365dfd9ced5da413ce7e016330fc05732ed1c6d46d7035ec70705
PWBE	PWBE-3127	e45cdca1bbdd962c9a82902c8d847f6398798cc4ac4be904fec98fa8712da049
PWBE	PWBE-3128	717db3f320cf696bcebaba99f42effb9f012025deca32bab759865851b3aa3e3
PWBE	PWBE-3129	3f144cb8097e3522d22edbefe0a05d40ee5f1e3257a9fc1a1e271ad2e0908d2b
PWBE	PWBE-3136	78f8ea9551a67591d8fdd0426cc37b27669cb293c23062baa89eaae0646daa2d
PWBE	PWBE-3137	7ffb09a5b9240cb68f019a3b028960fcd51e16499eced09066ecefb87789e49a
PWBE	PWBE-3138	401cb803dcd4422b90ae00d1111e5de5c867645f85b7e3d0ba7795319ae68140
PWBE	PWBE-3139	744ee394523e6296dde1c247502c2a8292387f188201d2bfd4e29bde92d09b13
PWBE	PWBE-3140	858287bd15fcfa55535502cb806e669917fa6c0ecb07c5bc9ef50aad39360c44
PWBE	PWBE-3141	c0f430fb00bb528ab0d7fd68eeaa9cb94ebd0bea258957ac26d463252d98e6d9
PWBE	PWBE-3152	21b59680f2c1980302acf94f77bfeac67d880c713dec04a5538f695aeee70a54
PWBE	PWBE-3153	138f7553748cb4ebcabe6bddead837e2d42b07387e56ebfc64b265fc3c601b75
PWBE	PWBE-3154	651a2dd42a77a720213031e888b351cd38e0153507789478cbaba6559f4d6472
PWBE	PWBE-3155	0b1c19d23e74005dc61ff861ff02f95771d0eed4d4da3c6a5d03ec82285553bc
PWBE	PWBE-3157	1944bf6a8607778f43713fc54eaaf4a76c946611f42f6587a2bcc872768ee2e8
PWBE	PWBE-3166	9d634ed95c2652d6e241e44eb22d58c08a9283ed879bbff7fcc7da4f88d7d79b
PWBE	PWBE-3174	4dfe4fed6dde3f4e7b103c4528a73348ac23b96a1aed8328ba3333018b6d769e
PWBE	PWBE-3175	d00d000f665416a5f9e9c2c7688c8afe2200cd223205da71ee9ee85a87b7b07b
PWBE	PWBE-3176	30e7a0ac6d2d0e1c9302c53168708edaea17fd4cb14623591bd831ed97aa7db7
PWBE	PWBE-3177	17299bf9f6ca11c5486738c17c747506d3d91c7ee2c52e6df9e9cffb1094600c
PWBE	PWBE-3178	1177df8a0030b4dc9b464ae1e83053318a182d994d2451441d8e50c91951049a
PWBE	PWBE-3179	e12acad29f68958e9d356ab02cb3da1ff1a987bf135882cae1709fa95f2e10ae
PWBE	PWBE-3180	ed7fe2fa4e0b993f4b42832972c53e885bc08f6ad96d657b0ad06f8854a0e93e
PWBE	PWBE-3181	2e3abe253cd10e95bc37dab13eb772b67538e79e42823caca3851b15636da2fc
PWBE	PWBE-3182	d323f78fec4a148923fe189cfd31416648840509f1c60d1ce05aa590b8330beb
PWBE	PWBE-3193	4cb0faad2c1235af3b76498eac5ab55eef66fdc841a8f58ad5e9c2a966989ed3
PWBE	PWBE-3194	c275b6c726055d5961f3f867df9b3b2e1d01cfa92fe46eaa113a28b82c9ab9ab
PWBE	PWBE-3195	6a49e49fc6423305a34c3ccfef898dbadcac58214236b045e080fe74bf8fd9e6
PWBE	PWBE-3196	8a287b07bab5cd3294e51451757acb62dd22718bbc1a31c74974bebd63f9821d
PWBE	PWBE-3197	c8ac46db8c8efe84a3398216acc1873a9be4e0ba33a1d4d03fbb0ba991175d10
PWBE	PWBE-3199	61f4ca70c81824f709ecf77187d2cbce218f794c2a23923c32d3cd37cf0108b4
PWBE	PWBE-3200	2c97d5d5d412b48266d3160ef4921917b16acee57859fa1492331128be062b2c
PWBE	PWBE-3208	d11c7ebda0df479c0642285ca6e33476dc765207fc41528a141c09a123f77c8b
PWBE	PWBE-3220	a630334771aaaa00ab96284e2134ae2c65485bb3ac6da393a5b97e2f6e1583d7
PWBE	PWBE-3221	d690b110452fbb75b9cc83c257c0e28c126c811349a909f4f20b0756b5c27cc6
PWBE	PWBE-3222	e04e70dbb51a98da53c928db202bd6275dc88b09b3b059ce2caf056a30fdb5aa
PWBE	PWBE-3223	fadec70f19ddd5e5ca57dfa99ef978151b015b97c4c0982546dc032601fa41e0
PWBE	PWBE-3224	f09bb4f404b45a09ab486e28ef5459ca82a737ce4af833e330016a47c9a81261
PWBE	PWBE-3233	d55873d890e4b18309473450cdceaba1133c4a6738e1b97c050aa1fc992e1dc4
PWBE	PWBE-3234	20ec6436287a69f988b03618ca747e6316b58da3d9677fdb47c4cba42fbc9b9c
PWBE	PWBE-3235	9e33d141377d0100d6ec7d7d4f794934cdee0c45907ed33d0ccac45d5ee8ce5d
PWBE	PWBE-3236	51a70e5e98a5e7c116eed2e9d4f069ac6758eab2611457104806b806fd0a5d58
PWBE	PWBE-3237	e6f80f88df4360e049fe9577affa03aa8cc8d1d1ca1956f4714e02d66ec690b5
PWBE	PWBE-3238	b131733e3df19949e8db0759848ac728dcb4af7c1c251cc8700608084e828988
PWBE	PWBE-3239	b3d4fc491003e55e799d7353789ed2f8b3d8e88a54e3c2837913d633beb7fea7
PWBE	PWBE-3240	c907bd892cb245e927d65c84bfaa94aa7112284465b1477d327f3a624fd9694c
PWBE	PWBE-3241	b07ce5afa5e45f44e96e7ab228624a3f48309688807ed0d785e8015ab2bc3066
PWBE	PWBE-3242	1aad524414b61eec4b44b9b61dadb8da9cce1868919409f8231c03c0818bf26a
PWBE	PWBE-3243	1d3a8b49892eb292eb933419764001d92ed3489b67c400820df59d18a7544e72
PWBE	PWBE-3252	8dea3ccfcb0046f8df5994088ff6a4767dedac4f51e3011685741a54e42fbcd5
PWBE	PWBE-3253	565a4422e4ab9040de823fafd942e899db1efd471c0e821b39f5b838b28fcdd3
PWBE	PWBE-3254	57323bdc278e8e32231abb4aa63587c27e16803ffa3990f3315f8c3d79e691b5
PWBE	PWBE-3255	eb0f4244aefe6ccc9856173050eea20b610825d5bfa4aaee5f20d82ba6745b98
PWBE	PWBE-3269	dc5aa37ee45affd72545dcbd9c172305cfd5ad5c9edaf0b255d1dfb0cfb37e95
PWBE	PWBE-3311	d34f748b9730e337c5e4eb21c836f52af4053f6701665f1cc04c33089ad80efa
PWBE	PWBE-3312	892ac996d44ae5cddbc707e66de65774146cc6c13306c9d6130e6a5b46f23669
PWBE	PWBE-3313	b0e0882d75fb6dd86f371db3125a63cf1904b0c4a4aacbc58c80604b38ec11ce
PWBE	PWBE-3322	7b84c8288485d85f7257e17d5bee5591289bdc5a39ddcfc21a0bd23239a00200
PWBE	PWBE-3323	787b49e2893a3c6a977abdf79805f31d886063507121ea1400739431676e7ad8
PWBE	PWBE-3324	4123032db3b7d81da444c31c6d10adca41182f0f815ea2be1249eb7f88d88a89
PWBE	PWBE-3329	de5a1ceb55f5d2c7fcdbdafccecdb9419aa40846dd9d395a0d625e9237d3838a
PWBE	PWBE-3332	f79c1d9a41290958879bbf12d5ed25bd97a5b998b35425ef42dd98bba56cfd6a
PWBE	PWBE-3367	e64016c186376d396bff9295b26527c1953742b6b0c458dd2b7ffaa13cec5223
PWBE	PWBE-3368	6c6dd4ad009b501fdbb867c8131cba015be9e49450b948c38d54ee01884727f0
PWBE	PWBE-3369	b3e9174f9f70861f69026c1acb31851b4106b1cff42802578afbe5ea97f33931
PWBE	PWBE-3373	18101e2836c44073409ad8b6b00491b4027e62fa773b51b57dbb5f18baa63705
PWBE	PWBE-3374	d250a3f138da72f06e362c9a2ff1b1c4b18287b6cbb62cf45cae90cbaef3da31
PWBE	PWBE-3379	c531643e96a01e501683797e9e81df468864733cc53aac9e60102e28afde8ad1
PWBE	PWBE-3380	29bfbcd05fc0d9b9fad9c65364eeb31031a35fc1d3c73c17e93d1c79372d1b85
PWBE	PWBE-3382	0d30306151e1f6aedfd7a10a8ae32fa8962e3d7071f8fea89590aa1324f422a6
PWBE	PWBE-3383	35e0c3b27acca09b13b0af6c5d31802b9d1c89f347f46ab9face55b34f4cfd8a
PWBE	PWBE-3384	57010a578bf0a21796eb4fd4773a2f82ec6ffeb89b195cbb31fe059af07bca83
PWBE	PWBE-3385	f9b6a8feaad0125224b4d632a53fa693e0ce3f874635c9c7a6554b75efe92fe3
PWBE	PWBE-3386	082346b0183af83dd22a46cbb2066c82da6e9cb62049b825bf7efe82f0257249
PWBE	PWBE-3393	1f950e85324b65120b8e1799c9ef2ff30e2263a378b8d69eaa9769043ac2f7eb
PWBE	PWBE-3394	5c98a5c6e7c7e67b1f05ca59895c911c5820586c88f2308e56ccdeb15694468e
PWBE	PWBE-3395	8c4052d1204a3e00f6a7adc5f68022587a90f282b809c4f7727376ff0882350a
PWBE	PWBE-3396	5391ed17c3cdae48c8e1911f4b6fe2e99ca5a63fe44a032875ba6061691dd8c7
PWBE	PWBE-3397	8945cc8685f7e2718ddf72e1b122c2cb53c61452692b3fec78033473a8dbdcec
PWBE	PWBE-3398	7a8bb249d8362be1e6058829f916688b980fc5e8da097dbb71eea68777484946
PWBE	PWBE-3399	0441f06ccf521d56c2700ffe8f50a3b684deb37d0d3ae694d9846616e62f2132
PWBE	PWBE-3400	daf8b67b7a28b39059c17850e17593bfa915118dc407afdaaa000d0ba2517c16
PWBE	PWBE-3401	7b73433a2625aafe491b78a486a81af44b9f4974851233873e026c622ec81e46
PWBE	PWBE-3404	d27df985d42f878f2bde0b246b26fce57841470b1ab311aee131fe3664de4147
PWBE	PWBE-3405	90f08ecd3227ae7f9e4aaf435fec0b28b1e19ff78bb18a2117c3329696c60aae
PWBE	PWBE-3406	817e830b4f6c6ac1e3f40bcb166dfc0c3c6886e43aad1bc58166ce7ec75db9d8
PWBE	PWBE-3460	6a7704f91ed2de4723d57aa58195918f99f62513398c950bd8ac270419cbe71b
PWBE	PWBE-3461	6a9f23be93c7e05718879aac2c76f6d95870d6fdec967c16a44416b1e3308d7c
PWBE	PWBE-3462	9e69ea302122b2031d026243c2c285098310564946aebef36d0d7ca0ef2e067a
PWBE	PWBE-3463	2268f4cd53c7fd17e98ea89e71cee745e4fb63160695d26b4923dda6103230cb
PWBE	PWBE-3467	b15e2ecd0a24666a6504e567b8f1b7491b528fb212d48003a683dcb15e88f9e5
PWBE	PWBE-3468	f5f8ec7a6b5bb05a91dfd0a0725e2cf595e7efd69b9f603ce51d69fa494282bd
PWBE	PWBE-3469	df6a1df5a818ebb41d5a9c26e69fdc8cac2f1747ded056b0df9d4740cf7bef9c
PWBE	PWBE-3470	8231e6d3a6efb24deca3158fa3a536540bbeaf0ad4f382f8346ac8b6dcafb148
PWBE	PWBE-3471	7a76890395b5349756b5345c928d455542f7aec7c5dfe4486f037f88717f2ab9
PWBE	PWBE-3472	585fea46d7defbb1679b8b2096b6e61ff04bb67d96e51018bff79f7759971a8f
PWBE	PWBE-3473	7f5948d994488e36faac38b32525eb40e1f0fba115972f5d8cb76aa0ee2c2082
PWBE	PWBE-3478	c508b065134ae011c7ccd36edc5480fc1f80034fd3d2c41b525e3459a6c6c240
PWBE	PWBE-3479	4fb17cf4285663293c115104d51827104d9fee331a74238fedae12918a0f975a
PWBE	PWBE-3508	8a901888207ee80d09a4aa884454e38a81919f8902d365ab96cf84e5f2ba36cb
PWBE	PWBE-3512	d057d2c95b47713371b164129a06ef77aacac6859d258bb7a95a18ee0fba4daa
PWBE	PWBE-3513	a5b00b15e3a90a8bd28b3ebb177b18bc6ba7c85e496b678ca5ff7f3f5277bf47
PWBE	PWBE-3514	72ff44225d0b23319142ec49cff780d4f5b96e6fee5e4278b9cc347960c269fe
PWBE	PWBE-3515	ee48ab274ca866003aad21d8f2e8b97c0843a17f2e5683b86180bb0e6f2a5736
PWBE	PWBE-3516	1374d3b41e5e723239f3b1419329921854f0df32aa810a7510b551fa7bc942a5
PWBE	PWBE-3517	0df5d7febf88a146a434f4a92be8bb6e2b9de4d48ce1747564eef90ae3d2c1fa
PWBE	PWBE-3518	ed496971ba464e026a3eef1f427954eef6e592dcec3f5ccd9824e314f08d90b6
PWBE	PWBE-3519	36ea1529588a42f18150e131a3fef004c091ab922cca9d38a484d7213f06fbd9
PWBE	PWBE-3520	6aa7395bca7efd74c9e88574217ae843181a450b07f8aff4375eb4f63cacefb0
PWBE	PWBE-3521	b897823dac9aaf39face388b1bd71e15a67215f3ed1e3364038b4cb81aba3273
PWBE	PWBE-3524	ae80913aa2adef2d17a4b930ab283641afec5b9b48235b1890e4e87e8da487c7
PWBE	PWBE-3525	f3624bd741ac2beef5a73066acc9e0dd747b6907acec74a2708b3eb040a80ae8
PWBE	PWBE-3526	c8e1cbabc4f141eebd35a3063d955e874f1625662984b24214c93d8505ee9860
PWBE	PWBE-3527	acc19fb10ae2cd640a875677b6fe5f4c86d2fbd5730a7450179f20409e9f1683
PWBE	PWBE-3544	148d381299596afefcdc216642fb90a71319e6006db4dbc8f701517c29e291c4
PWBE	PWBE-3545	b6ac2d1c6353fd4dfdf2eba8f055a9fb0fcbc0f07ae6c421b8cba4fa690d321d
PWBE	PWBE-3555	d6d8bd7783272fbed42798e33a36e7444da6e61082a3fc34496a704562420af1
PWBE	PWBE-3561	b51658dc8da743fc16fccde9021ac47de572bbacd458f669405c6f34ea55b48e
PWBE	PWBE-3570	8125906adfcb21b3f2ebfd9557677427c83ef6a2981129869bae804ae92559f0
PWBE	PWBE-3571	43b15567b199ad9787709e9138358bb142ef195cb477c1101e7b91506afab82b
PWBE	PWBE-3572	0ec21194512bd58185837a23d385c599fbde5e5a737f3914eecd6fbc59685f16
PWBE	PWBE-3573	89b1e5d9bd982a914f4123554bb35e73a76faff5ff5b235f548ad9fedbf7be77
PWBE	PWBE-3574	06b0fee15c120289be52caaaaebdedb92e393ad3e0a05c79bfe5b0fe2eda48dd
PWBE	PWBE-3575	54073bdc884eae440d30215536b373baac0a6d8563dbaf796df1b18927244487
PWBE	PWBE-3576	224f72f6a748563298ff8724dd5a7dcbb39ce896c28c24a2ea8b285f22b74d2f
PWBE	PWBE-3577	db4e91fc28c1ff1f0c25e2ccc7af989cdef0acac6775d05c68b17c0085fa12f7
PWBE	PWBE-3578	ff242107c0083ac1e90b5b6bc15b756391efa8fdc3e02168b91f64d75508991d
PWBE	PWBE-3580	ae7e15fb80b14733f5c852190aa7ccebb49f590a71d591f6f7c8514d8b73586a
PWBE	PWBE-3581	e1310e73a37d3093f03dd36ea9df2c90e8b1e324486c9ae5b449b49473e4703e
PWBE	PWBE-3582	a52dfbef21d283f0879ca6da1182a6291c98be9d6d2aa528400f6e777760fa1f
PWBE	PWBE-3586	4ab2b39fbd53f667bc92fc8915dd5cceda4c7d7c05a36a4a74f5b836ee1e71c8
PWBE	PWBE-3587	09dc332f9611d646673fe19d296679c5ef4bc5c25554e6b680d84a8a2e221fa6
PWBE	PWBE-3588	14a8cde8ac37539dbfea43ddec8333f7ae165adce0e2c6a87068cd8af9b1ee94
PWBE	PWBE-3589	03ca3800c23fdb3692e72a61b24518a62bf0c31ba1292dad60b60b2d2a232031
PWBE	PWBE-3590	b3c02ede05cfd8d11f61a7b37001efd7bcea5a0dcf5444dfe502d8c5a2914dc4
PWBE	PWBE-3591	279c5be1d356e088c0f6feed0612b6c00d6713f13c7ffe38feefeab5c4d258da
PWBE	PWBE-3592	769d9b71b4b657652c8c7b99c0a96142a53b94d7312a57d43ab7496d1ef4d317
PWBE	PWBE-3593	da3053adac1d20adab7c5294209bb89c076b4b618dc051e559966da3e139400c
PWBE	PWBE-3603	30a2a6ced0213b1c9fa75dd14b9b4fe5e7a9a34dcf3452f0c2673ed3c7b09dcb
PWBE	PWBE-3604	522f12a2d754a7a6367eff39c885b2f28d08c1558f360d093ba274496b10f963
PWBE	PWBE-3605	c1d140b0a14f4adbfca47a69e80b491872df10a203842c16d0d405813cc532d4
PWBE	PWBE-3606	3b3aea5308822382bb7d97db75c58b19f9fa5eab17dc99a7d63d91eec0c0d4d1
PWBE	PWBE-3607	5e8f961bacc414fa42d6194c901f4041a0c47389a7a14bd281f93d5f9c428271
PWBE	PWBE-3608	3767148c88e289e1da7b44767d4032484fae4401f34c847adf3dcfe624c73ad8
PWBE	PWBE-3609	7fe9b911e95975be0c8b7d4025f40db023d84d3dbcd285cdbf132747d4413e28
PWBE	PWBE-3610	b63c0821b333549d02f5ddf51dbd5f004248a0bd3e9dbc2d9a24100d117feb66
PWBE	PWBE-3611	07416295e62bedde6d43e827b4ee36f5095eea1772138b1172a2469d1960cfb8
PWBE	PWBE-3612	8e95cdae96b33c6f6b4b9ee9673686b5c6247919628e0ebbf0393a7bd56bc636
PWBE	PWBE-3613	d6c039c30c05a1dc6e437672830efd6ad99aaaa517574cd52f5dddad4cf42ea4
PWBE	PWBE-3631	cd0a2f4fbaf2a56e0009b0430b82745d3172db3ba20cf36be10f6aaa96149e75
PWBE	PWBE-3632	3638c3e286497d4879b810526fa24320663900412e23a927df3ac93592f81268
PWBE	PWBE-3640	ba8a6b09598653daa965186984ea5311a38b4f320eb3610c3bd49738316305bf
PWBE	PWBE-3641	67c517f6bf78d1583d2b60d3daaacaee1b64f37878ca3d18bd27cab76adc38dd
PWBE	PWBE-3642	b17f4896e349f1e4f69a91914f3a6702c34e380aa79f5daa86a6388266c1139a
PWBE	PWBE-3643	5f4cc30f6c4672438e17f95c3b23a37669b135819daab6ad43ea6c55750da190
PWBE	PWBE-3644	deade97691f415c0b64c37474850220bc8dcf98347e36a62ccd3bc3191352a3d
PWBE	PWBE-3645	b666857013f20b4034bfa3877c01fdac0a84d606b25179cb8f790c5b2712db61
PWBE	PWBE-3647	16c358bdd2e1f615057572e11594edc71eecdc9532b013fac236b328b2c92190
PWBE	PWBE-3648	0e982a50468b20c625df1531739df35ea548ad88a9048918b9f113c80e9a5a39
PWBE	PWBE-3649	33eee49fe06cc2a6a253ee742a95c283ed6ee9054fb3818f804772e8e2a2eb26
PWBE	PWBE-3650	e6edbe38edefc99434c99e16a8d5ad8191e4474e30bed318b9d5364af3c8c7d7
PWBE	PWBE-3651	a23b622c80a493f18d97c9100b608a7e1a02cc9cc1858fbe5a8da5fc8e11e7d4
PWBE	PWBE-3661	37d7de7823aa9dbe549edf1e86aab9b01f6c586ae296cdda4c9a03a2debbc456
PWBE	PWBE-3664	d157af1b686e04af03503afbcb2ef94c70603718618b8c6c33ff1570985c58fc
PWBE	PWBE-3717	dd2f9d95c2c047a202606cc02bf018b11eff6199714c2267768d4e81d974f792
PWBE	PWBE-3718	4961e62bcd39047600cd10bf2fdf4aa36c0772787e1818bed4853dd7f3636611
PWBE	PWBE-3719	571bdffb6caa3075b41712b02780eed1b2de939d9c6b3de77c345583b77f12ad
PWBE	PWBE-3720	c917bae66ec2e032c57821e8cd48ccbb18b95f3f049e35817d1768909050d346
PWBE	PWBE-3721	6a96eb72bb07ed7bb8eac99e0e6501961f427ba67cdd5d068130052989f9a193
PWBE	PWBE-3722	616e641d96effd2661efad4d0bbd64bd5c767f2a613bf34197a8a44966195332
PWBE	PWBE-3723	fcffa79c0f0e9dda2d54fb582e53ab5ece3e00082b0482473b26cd4c7771b3fc
PWBE	PWBE-3724	6a94af2771197fcf4327cc87a719f6b965a54498a509a351de7e70db1dff0191
PWBE	PWBE-3725	0dfed8e357c6d578b7e5ac923bc19b001a0e9e4992ce52c411d4f6d902d3b334
PWBE	PWBE-3726	649b2a5bd83dcf94471db2a532fad7633e60c972905b3baa80ca308898f9d223
PWBE	PWBE-3727	6b16900bc69c9d138e1027b8fb355e1a0fde5b0ff80cac82ef153fdc09444784
PWBE	PWBE-3728	d201bb8af48e435d8f3e09ba8a283257273cade43780f7f959d084fe8424c53b
PWBE	PWBE-3729	2c7e74f5fb8e3e30d44040c31be5e164b1d862ff7b4d14634f41f3695f76b059
PWBE	PWBE-3730	5eb0c678fc9e07671c7873961a9eb148693a013d32604bba009c5f4c9618e4b0
PWBE	PWBE-3731	f658948e127f69a0872b58f4fcf470555cd98816738c350df2d7625c2d2c7f86
PWBE	PWBE-3732	b21b2d75e6638950a8cd53cfa9c29c9b4301f3d23f94c31645abe7406c993850
PWBE	PWBE-3733	a940195b1cc508865b4fda24a643f4418d6ee0347cce1cc68b024b822e49d446
PWBE	PWBE-3734	d55a5d6daa7159380c9eead68c0628b5d9115195a4cad373cd2ac1ffbc46f190
PWBE	PWBE-3735	9844ac5595714d3a49ca5cd3747a68cbf5941d3ba18b6f2908941f5f70e3ae74
PWBE	PWBE-3736	ddc675f5c5cc07f9b817cab139336a7c152227dd3dfa3713a1c99be7a68573cc
PWBE	PWBE-3737	90f53b0193436da2a5389e61faf1f6252a2d5fa302019bafdbee8b4960280e50
PWBE	PWBE-3738	588c25a0d0e511e3b36850eebc9089512a2e3f7ab29f653c307518532b326f87
PWBE	PWBE-3739	130b52dd9f05004d97447a33b01d02dd358109d2646701ab3bce83be8a8edf2e
PWBE	PWBE-3740	e327f778868961dbd176300382d54ab832e6dac35f8157db769600bb0e8c23a8
PWBE	PWBE-3741	7983b1962135231dc0a8cbd2bd04efbfe763244964deafe5c69ee84819db683f
PWBE	PWBE-3742	de2774b6686ccb3899e4999c8d3463fdbbc6a28faa34ee65658380f139c9640d
PWBE	PWBE-3743	44dc98e85a5382c1a7a271434f99ff7be8d58faf25887b238d649e6aac9e727e
PWBE	PWBE-3744	973db2ea1e538123e29c31e7bb701c9d61071879646362cc068ca3f48ec26a12
PWBE	PWBE-3745	51dd94f2c79ca6c98e4e972cbecadd4e71816d2378c91c43ffc453b0e15a6245
PWBE	PWBE-3746	51e2d8d631cc751a9a3ea20f706adb462727fa04e65c0bedb0860c8ccfc102d1
PWBE	PWBE-3747	adb8dd46d5d12a39b358848f69d179525c43d2db00fa849552e8ad1ac3c630ad
PWBE	PWBE-3748	3b8d740a44abcbff8c6b6a47f9d68d4736cc887302aab84b031acd6e5093d3af
PWBE	PWBE-3749	787d69b8be5cc4ea38f1453550508cba87e3261f6ccd1e23c532b9066473838f
PWBE	PWBE-3750	e2ebb039c5d40586523e3871e430bcc322261d6f92be2cef219b9e29035d7ffe
PWBE	PWBE-3751	07e8db1a4e649e3db86e5dac86f8abe8b81b7b0d54f6695e29480447bced64e1
PWBE	PWBE-3752	3ece069fd9fe24c54ba0b70dc1f33022b56481cc162104f8b145f224db3bd766
PWBE	PWBE-3753	c29811300bb77dd0dbcf1ee82dd1e621f00a5aad732fa19485013a63bab44e7e
PWBE	PWBE-3754	0bd20ff6883babfd376870f305cc351af0e3be7954c032685f5c0cc4a641182f
PWBE	PWBE-3755	9fa97a0b1de97c6ab420b0018a53598b00119a84c5fee8976e85377ce6c62ef8
PWBE	PWBE-3756	f93663e6e2c95b347acb44e8a8b3a13d8e8ca6e17a576380c9fe69b1d8959895
PWBE	PWBE-3757	29d01fa82332e44c8db8d636ba1eead8ef8e07a3f423ce52545c19d0275d2022
PWBE	PWBE-3759	2d70b6814c48901a2ceed2ced5e604996a0ddd23ca771e70167489903ea7c9a8
PWBE	PWBE-3763	ceaded0ba2b97dbf0d07c19af3416019f74ea70105048844e32ddeb7f3917e23
PWBE	PWBE-3764	3d52ec85ce497fd6b1a97d4d162b81c9985cf895713f9c0c8a1fbff289262fd6
PWBE	PWBE-3765	39622979d48714f98d10abd742bbc2d30ca1bc2c06c86bcce107d6d99c2b06b3
PWBE	PWBE-3766	ed6d430359e44e6368e263970996a6a762d3bef040d5461c0f96fe14216398f9
PWBE	PWBE-3767	6cba6bd9e58b7aae51f6e7d582d8396f95c238b0550911acbc83081078e61bfa
PWBE	PWBE-3768	b58c0eeaaad703c5538c27b31373948c58d227b5e361ed585c648bd83a6ac5ca
PWBE	PWBE-3769	c57b7d03da3ef0e100bec8548ea986410c53c8f9cdf24d36235f17207cef415d
PWBE	PWBE-3770	9ea294dc3048aef9f8f11b9b7516af86573ec8de18989bce691742909e375dc0
PWBE	PWBE-3772	078715d71fba5355a0fded72df7df8c033b37b7c84b3fe0869b57813d751287b
PWBE	PWBE-3784	b7044dc738e4cefc3c085f47a73b6cc9d9d69d6894cc464ed7bab522c558e602
PWBE	PWBE-3785	b3886a4053f5f35a74ba02cd0611e839a564d17c48176e3fcfc10b47d3be7ce7
PWBE	PWBE-3786	7f355d329215f256e4af8755b8478a83c6b942c3f5643c3ba7954086ee4695ef
PWBE	PWBE-3787	1550f117a9129651c7185b5c69f5a135dd9f5d740d0e4b98e990fe4f32a77788
PWBE	PWBE-3788	1a4518eb2d27d4d9d80a4ea434431f3056dc9d85fd4a77f654a62bc989b65ebd
PWBE	PWBE-3789	7c18606ca4fe51095ba71326ea1ab3ad22e036876a0fec1c5fb7b603c47596f6
PWBE	PWBE-3791	7f7b946c7ce2d0f4efc58a5a59671c020d7e30014ff3cae67627f96e03d56fd9
PWBE	PWBE-3792	a0aee0b0d93ba44927733f502f8136b7424cb7a21e3c00e993225d97f7296800
PWBE	PWBE-3793	a4be28247e99ee861770436460a66f2f9b5f6e95bee509e388eb49f70b935374
PWBE	PWBE-3794	dc7057e402ea29158efb90ef95ed49071e06a63a6df83d42747526c7cf29146c
PWBE	PWBE-3795	fc47a22edb43ad32fde46cc0ae5cfdf0e2c0e018a8ea3c0ddefb2ec5fd0820ec
PWBE	PWBE-3796	85b11b0403f1b56799af3ad11a148a1024c228b015c3dfa86a7b6815f0649440
PWBE	PWBE-3797	cfb488829c965c6468dda8c82d7bc4f0c0aa0e71162b779fdddb75f1c8b3ab00
PWBE	PWBE-3798	db4baca9cc10714fb557d6458717a09ca56bd60e6c55082130cfe1fa779bf3da
PWBE	PWBE-3799	e47943f38bd584631f63e2a08d1a9cc1548980c1442f72e19909cf62a990c1ec
PWBE	PWBE-3800	560b97349cc6f49fd4ad62a016428e91289cb93f3f1ad9fb93b23f15be91853f
PWBE	PWBE-3801	457583c4dda590f60310b3d18fe385c0372848c640587708b2676851d028eecf
PWBE	PWBE-3802	97bed36d648a6693ff8a38f9eed684b43aa00f6c7ccd0db532c9abe1da31eb66
PWBE	PWBE-3803	de4fd2dcf7b19c812b4da41daee7bc7f0f1aed406354ee9738d2e2fac713e389
PWBE	PWBE-3804	9c503f36c30dd8fcee58cfb11bb7e99c035a195f14cb1ced7f47545435e620b9
PWBE	PWBE-3812	ded1a22e2ed0297a2ea39b8275538902c5c9f1b8dc1915357354dfefd974910c
PWBE	PWBE-3814	b96e9afd6f44cb379e5f07eab96cec225b7d5734a668bb1c5785caecc4031b8a
PWBE	PWBE-3832	03be900b221110a0733bff7383ed75082249768b4578a7513fe39eb6dc598405
PWBE	PWBE-3856	c94e295eccdd223361a50dd2e6e57d903a48c69870fc18f80e49198d8a38b798
PWBE	PWBE-3857	b4d24de0ee5f28d622bde781296d6484d7a136e74e1be450b50a6694634d8dc2
PWBE	PWBE-3858	8f3755eecdaab159875cb9c60668d1e4ee5459929e55435115de9b129213c755
PWBE	PWBE-3863	4a558b86c73ceedbf1e60a8856db465f06a1090bc9a767e2a61b092e85e4cc9e
PWBE	PWBE-3864	010ec15dd30dae76d4881bd316be53dbf6a99fac465af55326e5064ba526894c
PWBE	PWBE-3865	017f4f34bd2b5ee2bcac0afe9512ea0a708f4ae32865f6170ff800d644a41c61
PWBE	PWBE-3866	f048e1e688860f7e1e44df7f3ff0776336501d6b085702295ff149f1530b198d
PWBE	PWBE-3867	be2d25454550eb373e9d0ca3816363e56fee59516f1916acedbd8791d836fcb5
PWBE	PWBE-3868	1025987cbc65186f87c7c9b216604bf2edd8d403ba77025c22f7764aad39700c
PWBE	PWBE-3869	caa4d8f4c7acf2c9009697b12400861209522af6b62b8e673e3e59910233f9e3
PWBE	PWBE-3870	3d9445602f1c1cb04496d0650a8f58708514bc1ee4e4cbf4fab57c0cf58beeb2
PWBE	PWBE-3871	5a908063eec518d6212c27a0164ef8d2fe7458e2760286c6c63b9b159a418087
PWBE	PWBE-3872	615df03232baa1093715f510d7b78ce1178318d4eb4f1201784e1ef28e268702
PWBE	PWBE-3873	a8eab57da35055897ba755fbd947e6448689f75196e8368107e635590836bd86
PWBE	PWBE-3874	a58c3f987c6d4d2e40f16eab72999fedc048ecc8eab52b098ec9182e108ad297
PWBE	PWBE-3875	d07ca7774a1d79ec772a548b55508978cf7ba9010a9e0c3f75bad6c70d5bc989
PWBE	PWBE-3876	f4cb3ee7ff8fdd5132129d0820ff03257ccf08ebe488b1e04c1a375319c5ad9f
PWBE	PWBE-3877	374a2649dfb5dd0c6c23261ee446140d4d935dadebfee3ce23566db70cc32366
PWBE	PWBE-3878	105898db1705f0825a802eefd0c9d6de0b26c04d6d8eba6dc83727d69ec55eed
PWBE	PWBE-3879	c3b045ec218752975a844c26692d434ffc8a112e4ad429e04c058183a0b4309f
PWBE	PWBE-3880	a05a5e2ba4ef9a3142f06ef7e201b83051f0ceb14e5a35a3e84141bd78f09fd7
PWBE	PWBE-3881	1ec1b87b53ffa93024d529cdc386c426dce5d8e5b8bd474d4140ded01e796997
PWBE	PWBE-3882	353c5440973e54e86dbbf016d0377c2a4526eefb5ba13da461b02487a7912715
PWBE	PWBE-3883	d83df7c88768ea8aef84f51f6f798456be63a583250f08451ad858c8e7b3c521
PWBE	PWBE-3884	4484862aaa529b0f4e151d52069c24a675603790c5a714b3f3da8510f36dbef5
PWBE	PWBE-3885	9e4d31acab4fca42a69b67b75c7ff40c587f7e6bc8158bbaddfac74f66107be8
PWBE	PWBE-3886	6a451284cba98d89624d26ea3e1f2e80bf89c8716e0d67f3f2034981c9f1571b
PWBE	PWBE-3887	48a0de4eda5524d75fe9deb6e43f38a03d07c4eca704043315c7a359d5587e0a
PWBE	PWBE-3888	fe733312b50db4fd03eb164a98b22c54f08997b9b6a16896e45cb77142385386
PWBE	PWBE-3889	21d4b5e55fc6db18ed2cd40d053c58fac3a33ac1ef733124504d0707a4e46e06
PWBE	PWBE-3890	1ba64e58fa49c0bd9365f691cb86afb7545c5dbbb51d677d16f92650c349d04e
PWBE	PWBE-3891	18c6f869e5f69e827c8cbcb3111cf44857b16bb020508957bdd5ac615cea1b94
PWBE	PWBE-3892	9e97af99839781a59b12eeb487e1648ada4bc3fe01b31d58e3513885a4e81fae
PWBE	PWBE-3893	e65fdb3745b58539af63fcb73254b5c93dec5fa63e9b17e9e9f539e193733d74
PWBE	PWBE-3894	6e857ba5bac5b089548eb655e046d1e85021fba69421ba60d44dd7b15566d279
PWBE	PWBE-3895	b2664e3e651e9722ac5deef3be9ad2195d36459cb922112b9f6447cb46837b1a
PWBE	PWBE-3896	47863f958f0527647eb50950073e612197a283e3631f9d05f7d91b79b22bb98d
PWBE	PWBE-3897	3773d2ce7890b6c24dd2e3560eb648b653016ac81c4dc6cbc184028c9d8d0ca7
PWBE	PWBE-3898	26c2d3760240fb061b928eac1cde03ed901aa762f228d81fccf650d5b4eb8139
PWBE	PWBE-3899	302cecc48a7adb8876b04094aaefd3d96fd0927b615babdc241fafb99016638f
PWBE	PWBE-3900	bad572e7949353f1f78b7784e5365689b7c92bb0d6ece6eb094cfa31ef36f4b4
PWBE	PWBE-3901	001c3b9de75389215d2f5fc563df34a9b2d1ae63f5c985cc17c43ce4ab64be68
PWBE	PWBE-3902	5186a66e9e083c69e29b3fd8bf47e9d8c83c766a89f691077be6d88a47a32895
PWBE	PWBE-3903	9d6076e3884e391c9f811d1b022161d9dac05d6f1e3a8352a42326fbf67495b8
PWBE	PWBE-3904	749b232654f8ebe510270330e6fba329b85db01b9c715c318fb44edaa6ffa26d
PWBE	PWBE-3905	685a077fc114e4613e6482fc445838b1bb196f11ea83971afb3638710ea8d90b
PWBE	PWBE-3906	63316bab12c9f1fcd38eefa8dab661a8a81d3e0ebc4bd9ced37c0d77e4d1d78b
PWBE	PWBE-3907	6bc82b6f38268a16034eadd2057b5fe3db0eed22b597bd49f2fcfe4892f53879
PWBE	PWBE-3908	34dbc86bb7e51b3e110aedeef93388e33474e80b8cbc88a06f43128a5297afb5
PWBE	PWBE-3909	0d53f3f7a3b10206f381ebdf14776b356d6650372de435cfe1509dbd7e5f53b2
PWBE	PWBE-3910	9177854b48a27c9575b97ac961b928222bc8ef4d7a03a1bd4f92f611ec44e744
PWBE	PWBE-3911	bb7e890587b538535ee7e54a7d4b7ffa9b59e6941dba32a2d4579a6f846866c0
PWBE	PWBE-3912	3564750b4f88076475e566abddf1be43df64cccad47205b0968a61e97e91c60e
PWBE	PWBE-3913	f40ea365a8939c51881fc1cd2add54be74425bc39cbfa4440608faa8b4bcc993
PWBE	PWBE-3914	f58856cb9502c0d57d67586892fb3fe4325e281ec84866867579e9f489f47be4
PWBE	PWBE-3915	592ae0260e57e7d184dfeeb60edcd8aea91f5e150decbfd6995a9deeec6d2e04
PWBE	PWBE-3916	8141d29bcb5839c6d6c56026e0d490ac696cd27f40094b1702860bf0b8cfb8d8
PWBE	PWBE-3917	f4852f597d1a5296fd8e236a59a1d49e1380deb7fc2faf71f89e0a9f2052aa24
PWBE	PWBE-3918	3e9374671ba4d87934fbb65d967d5c14556c955c6e2e169b8aee13eabf49602b
PWBE	PWBE-3919	b8ddf0009bcee347a0ccb63522e4f8f46d06eb4f230f7ccb558c937659f8bdef
PWBE	PWBE-3920	39095e5cc428d58035f513eb2c8c75b694b8b7a2f490ea31b477d2bb12649bbc
PWBE	PWBE-3921	ae64b6fc69853debec0b69e3471fbde7b793ef0ec0802935496a1578c404c01b
PWBE	PWBE-3922	11a024e2b54b9c25ea4ff66992a782c60d3015e6b2be85977ff9d3cf8707e408
PWBE	PWBE-3923	f9b0ecd41ec10639f6363a81c88efed8a56ab4902c3959d0aad24856cce78dc0
PWBE	PWBE-3924	11257b8c02d8f26b64dcc1bff8fecfdf52674a96559175d33b303e8d60da4614
PWBE	PWBE-3925	d960e2c22dc082b08be3ee7dcf210d6de453e11b6647f23a9d64c9b291939010
PWBE	PWBE-3926	4dbee526037327e60425bdee607b1fd7a4d0f8b7d55b0241aaba7ae7a84ceec5
PWBE	PWBE-3927	7c9ae00503f07df59ab21cbfdd46feac4df0f2715806ca2c810ad44e3f5f3f37
PWBE	PWBE-3928	18e1ac2bf860621f828c857415f931b58d4616c4667d676905dc8b89881965ce
PWBE	PWBE-3929	98d2a977d909453a00f1a647564619586197e29f073c3a465e9f08b819f88bad
PWBE	PWBE-3930	45aa82549eae3c56a088fbe8e5c6dad33248c3d755b366f0d81b1684fb6bff0b
PWBE	PWBE-3931	ae41e690beadcefda9ebb3c2bfeb1f89c19c5351353b0db18498690385c7f1c0
PWBE	PWBE-3932	2332c48fb820265e7114ee0485795005ac1edad107a29dbec6566381bafaad9e
PWBE	PWBE-3933	56ddfedb6c56bbc0e3572be922e9a99c678cbd93298eba0a6a04100cf0c5ae08
PWBE	PWBE-3934	3f47f6307f5ee9ad0a06ac9e8b8d0d0f1e9ffa7172b4efd9ad06a9398d9efc81
PWBE	PWBE-3935	bd2325a468d2a4078d6186bc0a85de3f4524730338ab93c9b78e27bdfba69934
PWBE	PWBE-3939	cc50d5e8b43d246f1a66876d2460ac18f3a12b9c1cdf7c3e5fecb89534f3c9fb
PWBE	PWBE-3940	0f4d11f22ba89c4f97e56fdd975d6a9e8dd70c7092042c84b7ff607708d4a7cb
PWBE	PWBE-3941	d1f17319aca1458a871b7c9b36b91c0d101ceccce1912ee99d3ec207df7b6f16
PWBE	PWBE-3942	0f4939b624da4eebfab61783cd0033eec14c75dd68ff3d73ed2b3b9749c14010
PWBE	PWBE-3943	b2332d054e8bc02cbbeaeb3249c8dbe4d5428e1debf953adb41c0f727675d85f
PWBE	PWBE-3944	c6479985a8bd65c997f62ba9e93e7d7cd65847812b39e7bdbddfa14cb891f9bf
PWBE	PWBE-3945	91cbbbe502a0b7cc85f90a646694ab522c1e6d60eb761dd6324e09fa1402256e
PWBE	PWBE-3946	ff153930a5ef0ec655520327daa28f9496089e94a1f3a8127f66b806fa714743
PWBE	PWBE-3947	d06cc637b5d43685978c4923c5e0ae641934aecd88deb850d837435f36deeebe
PWBE	PWBE-3948	64f93a022a500f3a039e4e726ba635c46869c51ebf1214c264b0a539903d838d
PWBE	PWBE-3959	ac72283cb9b06a6b5ed4544f3d92a2c8ebb8663fd1bfffb0da8b3ba54b406387
PWBE	PWBE-3960	14a9f1874bffbd29379477910b6eaae9267651a45d86ace896f582c0246df2f1
PWBE	PWBE-3961	16b545927380703d0795f031024c029ae984625a575df92eb75cd3cea9aea2ea
PWBE	PWBE-3962	2f0dbdc8855757bffc19b10de1b3134bc6466a9cd4b2ed66862e928e456728a7
PWBE	PWBE-3963	a7c8aa981a41627d17e61e562569860b6238b319860f4e3871644878896aabd5
PWBE	PWBE-3964	cc1f04d915dd33ec4120989f3ee1d1ff5dd656cc5cf7de5b84c2ac0005d06ba6
PWBE	PWBE-3965	a90b3e44e463cb4acff6be0d959be3ff07f70916ecaafd86c0008b7b23f0f7fd
PWBE	PWBE-3966	7276d9b6e7ef4bd580cd0fb8e67719f39b3195640adcb93663cd59ad58a23abd
PWBE	PWBE-3967	15fb37d7865ed2e2e8219da48da87d7d7c7557fa0c5fea7bfd78dc7d1b03f0b1
PWBE	PWBE-3968	8c562e90600baf91b5b1820b0ae2a2e9d0a17254c59fa39b319306a5cccb3e58
PWBE	PWBE-3969	cf4dc89ba0b5ff8956af3a3b73010365c81afe1ca40baf91c557bcbcddb2cf4a
PWBE	PWBE-3970	d33a641a48a673b85b63689f80c8d7ff6b4152f7ba62ff59ae2e194dbbb94d38
PWBE	PWBE-3971	5bcd68472deb1caa3a61897b14169050fa4161b45124a9c28239499922bda1bb
PWBE	PWBE-3972	706cbda5f5df0aca9f073f75f3594e827959c3b75298b0d9f6b85a1950204016
PWBE	PWBE-3973	4f062588c7c8b6ca2bce603963a4616fc0d3f61402fbcfb88e5ad4cd62d2650b
PWBE	PWBE-3974	78755a5dc503752b822a33b14f401c3a1b085e60b60607b8d1a69b6ddfb127fc
PWBE	PWBE-3975	dbe1251e1354918629c89c84feae8d19f07b92ecb0a4c728b40c96b79b5aed74
PWBE	PWBE-3976	e457e7779c5f7dc2d30a86f60f92bfcbbdae704d7aa0f68e23305dd5cf75df45
PWBE	PWBE-3977	83a61067f9b03db2b6f8a2a64963ed9c9d7e42f67fc496b1b88deb0272b6eb78
PWBE	PWBE-3978	80842ee263809858be37be25090dc4e21e4722a533e2314c2b734a5fd60c5fd3
PWBE	PWBE-3979	d86ac1458e92e69088038eb579d498fa12248e947b8fb238370c3cbb5d271ceb
PWBE	PWBE-3980	88392d83248cc02a8b1dfaa60e46461b2708ce8e01f1926583bb0c049b08f0bd
PWBE	PWBE-3981	a4d8bf059b8db13418b40669a87340f3c8b96f6c12e6ce76a3c548ba92895c7c
PWBE	PWBE-3982	0ca998dd81e77843cccd5964505bd0c4b611a594e9f82a8b809019aad129ddb9
PWBE	PWBE-3983	49aaf5157984b06367833b9208f04defe6aeab36e903e3e7ec5208a89baa9370
PWBE	PWBE-3984	ae38fc1a5a8a3414025ef05e443817692027135bf9d5a5df594fb38d40a42a6f
PWBE	PWBE-3985	b3a976047a2d9d9c3cc3ae6f3549e340abdaae2a805182503e5523ee8d28c47b
PWBE	PWBE-3986	b0fb80847e985dde03714950a30b0b391abbf90608d9300603838994dde2b5c2
PWBE	PWBE-3987	1f8a39e0e02230148a1dde836cc4fbbdd255b07fd6815bebd18caba7ca039bd7
PWBE	PWBE-3988	24cc07b55583f63ebceb370b054fab862e2df4be326348f121a4224263f05e31
PWBE	PWBE-3989	e4ed98f61270a8d07d825522e4254f1844be78dcd31af1a7d48864ad87441f04
PWBE	PWBE-3990	4b55a1f09de7db3da55258366dbb685bed319d3f744fed2c94d1a58a076bb676
PWBE	PWBE-3991	e57d4634fb4b2ad72b2ed6879c896ad588f4d6af4483acc1dbed4a19aa45c666
PWBE	PWBE-3992	6aeb881fe74dc7c073c47e856de84a173ec75d8fa903dc28e907cc8d225fbadc
PWBE	PWBE-3993	cc132d54f7d380404255f5c64644a1a2ec37bb6a08da4acc1c7b6be01b0cb1e1
PWBE	PWBE-3994	d07b09f96f6d5c6967de1b63c2732e22f226c077f8300b724ed7692127bb2bb8
PWBE	PWBE-3995	22bd5461f550e10524459ee58cdc77a8592baeb3410f22bff62eb801b1ec9fad
PWBE	PWBE-3996	f26b667ac8b1a421f438341c1d21e2b39ce53c0ea3a62b5d35fbaf920b7f164f
PWBE	PWBE-3997	2babbcb26df28b2aa1c5f8e6290520e050e8b5138a09096e6a8dcec30c29320a
PWBE	PWBE-4017	2b517f602424ca37a961e88526f27bd6aae9764e6eba1cb09be607b06fc58acb
PWBE	PWBE-4018	9681768ca556116341cea9831cbdcc17e122cdb8d68cacb919da113b31aa6ce8
PWBE	PWBE-4019	20ad084a87b5c78f2ce29ad740e9569223d7b38d8a84003d458d0ec40557d36a
PWBE	PWBE-4037	470224c6aa758b25f6313ddb0402a1f449cd9c1b21d6c67ebf9f8bfb87b3fd6f
PWBE	PWBE-4038	fa9f2e1901245dba15a6915cf8957ed41d11fb2c41ac968d5e7153d9979b9fd3
PWBE	PWBE-4039	f36a980086d34ae9abdabc7de2c0e841ed1fc5dc69c6c917e4f3a0d1d740c23c
PWBE	PWBE-4041	49c7bfc560bd6c0d5085616032473b930eaa9d5f608d38c65dea0b8ea673c033
PWBE	PWBE-4042	bce745c21edc1f406c4d018247fdb32e65935129d672af386678d243b7307ab5
PWBE	PWBE-4043	d705cc3f98d7d0ee96f85caca64d08830a848bbd7f3bd8991d23c334a527552c
PWBE	PWBE-4044	87215b56fb516ba9b76050862c1763b0a5ad2379682b8474278b7d432c24b7fc
PWBE	PWBE-4045	41300b80c2eec3e891cea80b084d869de4aafdd29e21cd3d3198f7938e3ff048
PWBE	PWBE-4046	cd2283e3c25eb8b19bce0ddf45a0a01d8df06e8b37c22c12c4144ae577167314
PWBE	PWBE-4047	46858414c4804eb0620cc1324b2452383c6e374caa9d6e83927c4ed46451c0c5
PWBE	PWBE-4048	c2bfca5310c4dc84d4a065d3461a8ab16b29c81e1c0115db43306a65989b0c7c
PWBE	PWBE-4049	18731a5a23a81853f4b991f7934c2ad91b2cf0b346359db5b1a61f9248d56f27
PWBE	PWBE-4050	7a10403b3ecb35df0f27fa8b167a5d1e11cda070c1219c7b4e5387dfca978fb5
PWBE	PWBE-4051	a32b0778768cfd39ac8607ff7a87bc73d6ad1345470287873b97a128a707967f
PWBE	PWBE-4052	6e60c107b19c897c87655052bf8d2aabd2b796809a2a8fc56ad47a37545a1773
PWBE	PWBE-4053	3ec224d43bcabe4fc7ce223d831e8f2632f25a6a37d6573b0001be362c23f4ec
PWBE	PWBE-4064	7643e103d2d303f5c70bc570a593ecd657a63b84f83f579b126b0b508e82f73b
PWBE	PWBE-4065	19fbd96edf7b4f68aabbd8361d2e71d743d2c0b95afb04c60b70719dbef86ab8
PWBE	PWBE-4066	e0b5b2aa2f84e5ab803bbc7c1f585453501feb2194bdbad63f59e497dd2594f9
PWBE	PWBE-4067	9a7d81850f15e65fe6ac88b022b3fb4d1211be23de71d62f07b29ec93e7e4f3c
PWBE	PWBE-4068	63ec827785e89c459259379cce723e77585ad89375fb1ac583b766eccb0683cc
PWBE	PWBE-4069	adb27cdd6f14c620bd5113cad9eada6ee0b5b0f68bf4a64e145d352c794b2a33
PWBE	PWBE-4070	4e1103c55a17f1d452a09d56cf847daa510f8ecf22554888935fa62f0ed5ace2
PWBE	PWBE-4071	916774df26df1b0569e74f801d5a08bfc67d4add4f82ec98e4443ba978a97b71
PWBE	PWBE-4072	a0eaf9ec93b2db93122f274714bd23769b5917e0bd88eba05c5788c401c47f98
PWBE	PWBE-4073	6124e3a38553670b5ea3c2104693c27686f755281c5fcfe181c328e471139762
PWBE	PWBE-4074	31da3001e592ce4899661ae6116c28b829349dfcd26030cd49f5674082e3c004
PWBE	PWBE-4075	16927ef674c9502b7584868e060ed92c56d2a950ef0a66f6cd3c94a795cff5d0
PWBE	PWBE-4076	c34887781c61034f08c2f8c86c4c3d726222fdd6cc5b401f09ba153184e0027d
PWBE	PWBE-4077	d7896fa4bb74b8a677feb609a157d143ec087f7d275064bef3b880b3748d9603
PWBE	PWBE-4078	e823c9422c09541dd1b8df2f8ff155218ac85cbdd9f431cd19bd106a898686c5
PWBE	PWBE-4079	1fa3cc60c6e0eec5e59cacfe1b0b5ff6f4be8ac844cb7225e303f9ced5c1857a
PWBE	PWBE-4080	24fd4b77e54e49204449ec97132650490b211e0f1357ce3394e8cf3ebbb42534
PWBE	PWBE-4081	b3b50cc49025c2192f2705a5738db61da71b7b0bedab98f1af832fb9beec0079
PWBE	PWBE-4082	a77ee7327dcc118dccab391f15ab950e760c79dd1f3f7108c5a1fb5733ff3599
PWBE	PWBE-4083	19a0b408f4f0dd05c3ea790c98f59abe448ad28bfc9ade9f933ba4c418a2fa92
PWBE	PWBE-4084	da11c166cd476e7775f1671237f9a42e74e413f043f79faa21ef497456f029f6
PWBE	PWBE-4085	17c0285e45bc5e3aca2eee57384cc2cfd1760760f9e4078c316fcb4e8cbdd534
PWBE	PWBE-4086	a90b6886fc0b4135c56ab20d83a23ab8d088cf7706615076f127f50010da697b
PWBE	PWBE-4087	6e1f8ca8ba4e3c2139cb76d0e788528361ba587f97c22d600e79e8a0c1e68e9d
PWBE	PWBE-4088	beac4102d759e5dede9828d3d5729832b4f70d0d09d053060515f4b299cb9ffc
PWBE	PWBE-4089	77b53de2c9ae0e61c96f9a8ad6810f008cd0019fe1b11ba8d85692c569fcde2c
PWBE	PWBE-4090	0b846aec478dd3d53dd81bcaf3a2104915c5062a30bbdc517be8958359654066
PWBE	PWBE-4091	5de06640822aa14f8a7f59d838c812fdda6091f1950a0ce5e187f4bda11af1f5
PWBE	PWBE-4092	a8d01eeb08a4f01d21d41eaf2ee53c3c772d192512c27f0e49c2799e4d0c46a1
PWBE	PWBE-4093	61b79c36371345d9a7a3098ed0ee57244c458919752a3bac11cfde6834da55db
PWBE	PWBE-4094	7af5a9eaa6645c96c59c16cc1c0c5a84a5225ec907554c2bf7a379a4d6df2e99
PWBE	PWBE-4102	09ea170e5b7febe2ae385a043e6b155f1de925ad9bfe6dad2c64c7331ec259a9
PWBE	PWBE-4103	2cac66d4ee1f82785f4d2b97cc445e471f9acceb08bd1d2cdb3e894e1351f9ab
PWBE	PWBE-4104	dc321c041acc4dfa18113adbc10745c2430854ec587b6404cdec25516de7b59a
PWBE	PWBE-4105	21f7e19497e843a7e7d3b7dc346fe1019831db1fc48b6efc3b5ba8d7d1f70b8c
PWBE	PWBE-4106	12d5f5a5ccc17c9647ff751ffabbe3e0f5a8fc9c366f5dd05ae7d6601bd43d70
PWBE	PWBE-4107	dfc012be1573898bf2e09e3752ae7f0053ced123368aecd420c14c5d243b6bdf
PWBE	PWBE-4162	a9972ef3c7a068471320815dbac89cba15e962baab4f172f8904f9e164d1ab6e
PWBE	PWBE-4163	4b0c301350dc900d8fe94e18194ed98daa1d4b37c687c67c753decf0b4660693
PWBE	PWBE-4164	451a8a6102bc8921fe09ad5b2d19490731c0431496cffdb4bc4d94d0508e7374
PWBE	PWBE-4165	ace3fff6f643882518c0fb1600ad3bf58aff0e6a871c8f9c116f438ca66cc77c
PWBE	PWBE-4166	3420aa1c2f19066fe0e4854874186aaf77c65748d7ffa3ab2540bc07dceec45c
PWBE	PWBE-4167	c19b9db6269aa068f27c3ddd7fe0a8236568dadd5198403c194298e5f0d94d10
PWBE	PWBE-4168	3e6b0c31181c35e134e8eaf3d795a0803cd029999894ae03e9121d5f4119949f
PWBE	PWBE-4169	3f9f36de21680dbe72266ae1d1e90663aac9d21ee0f66a2a1648064e290be1ff
PWBE	PWBE-4170	352f0cb4868a68ca4667832fa977654b71af159de6007e83a92ea285f5f06704
PWBE	PWBE-4177	e7d7c184180bd4f66ef2fd13538ec12a37661a57833f4cb154cbe664d48b52e0
PWBE	PWBE-4178	20f478d54a8f44989104fa574e33e139650c274b21703398a3f9787552e2d99a
PWBE	PWBE-4179	e1e749e5e3f049be86df4e9cb932c3d5dba71a620bef08574f1e9359a08c7a13
PWBE	PWBE-4180	6702e424d495f031149a058fae275380bfdf2651894908b84d3361ad39e67b37
PWBE	PWBE-4181	fe8a5dcff92aa4f54c826ab4bdf78f1d02276debe26beb27a99167316fd0b8ba
PWBE	PWBE-4182	9bd2bf83dea985aff7cd6609edb50b78d0f631eab85d9e67d02ba4ec56c10095
PWBE	PWBE-4186	660ad8a1ae1405662434f40c89884871b092aed9534b8a38d05e74920b12f400
PWBE	PWBE-4188	0380325fa7bce7ff04cf16ff14c973ecd60fdeb244799836e6aedebc95defcd4
PWBE	PWBE-4191	a871c1774e2e106b279650228634e6bf8fc6ea596fc0b2edf2d01f948c44a047
PWBE	PWBE-4196	0cd220289b343b404e351f7ad97da2d10f283afe85f64b38f966b44e74db4c55
PWBE	PWBE-4197	141ac65b30bc553a6e762cfa9e284a0c90945ca0d771c6afa4aa8e377c007e80
PWBE	PWBE-4198	66cd4e8b2af8123b085fd73fde69c2d5e5c76a93b904c53d14b38adf6b710fef
PWBE	PWBE-4199	edccfe9c26ded4f680bff067bef8825a0abffcab37df52d784f49665fbd45be5
PWBE	PWBE-4200	dbe8d4577594cf304b866380fa97385f2bd7f6f1f201139c511a50d9eeeac7ae
PWBE	PWBE-4201	38e14b58456f0e562c68a0342ea33fa61d7028ea260c7682c0843d3b780492eb
PWBE	PWBE-4202	5c3d3abf20e962e334fcefaa34aa6defe9d847039d33a9d321927d1ac5585720
PWBE	PWBE-4203	0674171793b971b31e8b65ab361ff161937e2ab0cffdb64e4e1551b86ec27706
PWBE	PWBE-4204	da0b340d1630378607c7348bc6d46f319274be6b3445bfd33e3c040aa09ab1fb
PWBE	PWBE-4205	b4c9a281dc05902f7fbcdeb3457ded4dc452efdbffdd9378e3c3283a77bd0df5
PWBE	PWBE-4206	329af44aa0f8fb6a286206ee170f68c4401dfcf32de6208abe4cf2e6aec3720c
PWBE	PWBE-4207	6db46d65e7922337bde3e3f5cdda4fe2af31743e26fa8bb8cf205d517d1ee250
PWBE	PWBE-4208	9d7358bff8e3ab183f1a94480f2764e930a93e6051f3956cb59f41bef9cd5d5b
PWBE	PWBE-4209	d2bbcd1038f6c2672fb6ad57b9a7493d752fbc079e68ca3be639e6459c42b4cc
PWBE	PWBE-4210	82b97473a60af6697a4f2e5ef98e0be88211b662c40bdcd292d9e515122e24eb
PWBE	PWBE-4211	96306c8ee5a9ae14d5aa11794e8bd3d5ebe86a85529124b6cd5343d5c9432bbf
PWBE	PWBE-4212	8d773fb16b75f375d51572482d68778abf9befdccffe8ef7ebfddc732a30ae38
PWBE	PWBE-4213	3d42b26957d9ebcd4fadfaedf424506b999c284c0e5b84081da36db96121c47a
PWBE	PWBE-4214	5d4319b6a2ecbfcf882c458a38634015134e5cbe932dd94e4e8bf438ce2e30b4
PWBE	PWBE-4215	32cdc26a90492d70772ae1f6aecec1168bdfda4771c28e5d25477aa040093f88
PWBE	PWBE-4216	04a21500077c7fa06d8eb31b75d46d6c2b15c3fc93a543d3c92861ef6961f80a
PWBE	PWBE-4217	a1a01e2170bc7763faded535119f58a3609607d2f71873b64d17e34d53944307
PWBE	PWBE-4218	bf1ca1ed36e630ed72ec2343d2e4abe381822f0b76ca998797a80072171883d1
PWBE	PWBE-4219	eec96fd8efade175a1fe1bfd327aef066f36b7d5b5152657ebae4f5af8cc64e5
PWBE	PWBE-4221	f6609809e349f4df8d13013dbae65ed7285b172d5a9d8cb124a33128eae9f5e7
PWBE	PWBE-4222	15b5101098981c9c3f338fc2833f1f871dfb95e0649e3e992c2e0007dba2c7a8
PWBE	PWBE-4223	482ef01dcb175483f952857665f522890a69676b4dce582a38deb795e0e8b85f
PWBE	PWBE-4224	fd07209c189e6e5e7d05d5ba60d52c178a09db8a042dcee0798e37d098f37be9
PWBE	PWBE-4225	8425992df7296ac41791eac93b8d1e14c0b65957534ca7b218c850efad7d31a7
PWBE	PWBE-4226	a076fa014c105c7bf2f82ca0fd5c10ffe4ad3073db2dabbc5ad9c08e5f842ec1
PWBE	PWBE-4227	a7b3ae95d9d9778ed6da72d2d4d36382630465747bc1c064da127d2d6ef2ce05
PWBE	PWBE-4228	211f12688f61e09b8354e0719ce892e4562c35192e0c8fc4d94e414cc236c788
PWBE	PWBE-4229	3fcac2032b99c46ae4030c55a526d3b15eada27f0419568b7ca2091751194e79
PWBE	PWBE-4230	44186225f6d1f33445bfc3ae79efcf9aaa819222508746952cd3c54a3b81b581
PWBE	PWBE-4231	3b3b7153f18def748432f92c10a4f91539028cbc230250bbecafadf927b6541c
PWBE	PWBE-4232	40182798dba6bbc9865e2e9734455204c9c251fec1dd8818868d93748c1d4200
PWBE	PWBE-4234	c4ec0bcac515a11afa72d5d70df96aeb5b01c2c8b8a5dcecb7dd23da4624c8b9
PWBE	PWBE-4235	4ba4ce4698214314a9810c71f053f5dd5a036f56f59358b704c4a3979870a8a6
PWBE	PWBE-4236	8eb8584328dd586011476a815512ce30c1cab474c712593de46833220e6c1a4e
PWBE	PWBE-4237	223b1a92756a3fb5fb80ebba372942a4b1d05d4b8a40392486d9060fc82b0312
PWBE	PWBE-4238	eeac08df77b53babc88aebe4c7431c86ca68ee2cc8adba0847b041ca3b08b0c4
PWBE	PWBE-4239	f5fd8de42459ed875266c507976be459a113e94601d0c7a9a462f72e1935297e
PWBE	PWBE-4240	3da87ac46bd98d69f9b399e46daf4e4096b8fd1f15588ff61bcf1e3bebb402d8
PWBE	PWBE-4241	793293b02bd133590a088586f5bb078e0f7cfd1088206cfbf6b72c4f82d7adcb
PWBE	PWBE-4242	96f27f814385fff365c070ad9d0899692aac2b4493fbfd2b44e50433e5279fb1
PWBE	PWBE-4243	292ba147e7389cd38adf2e4c21a942031ea70ac7ee4ffbcb4e2a9fb37bc29bf1
PWBE	PWBE-4244	a996408e6c898c03e5b438ad0f8b3b1e2a2b675a76c995c0e4c045f1ab6671a4
PWBE	PWBE-4245	3f264f81229917932addab00ead5e7007d3702fe2ec8731e18832f2e6dcddca1
PWBE	PWBE-4246	afd866c3eed695dabbd2aaee97682a01f64598084377204468cf02547e0c4c84
PWBE	PWBE-4247	736fc8cc2783d956f99c06f5c8f26f20a386c2adc61c73f3e06834b8511b7ae1
PWBE	PWBE-4248	9a693ea7f7e4b8cb8ef9d07e5f5610ab20b23e841e2e7c7b1031ebf933748f13
PWBE	PWBE-4249	739c4218617d4074a3a871db75e9cc8cb0a68a88d794e4eef5a4b9750aa6d3f4
PWBE	PWBE-4250	379b52d423fa7cd34af0a4f2233210e5de3807447d7cc20d45124efd5673f8da
PWBE	PWBE-4251	e77d7e0ae14b82ed7e454c870b7fb50252d1565527e7b9af6fe78d14bb51f1d8
PWBE	PWBE-4252	73a63597566d923eee9969fac1d7aea575b96b416356d7dac0663d58c406069a
PWBE	PWBE-4253	4460a320a6726373b3d97b2adbcb6ee6d34aaf592d5f6d22f81abfa2b194045e
PWBE	PWBE-4254	4ea272f64cb431375ec60a5f6deb8bab1c47f774b58b23b25e95ad486bcc696b
PWBE	PWBE-4255	a760f059d239b63e8d275288320ffae42450bb06c3cf3dbc893f791e3710aeed
PWBE	PWBE-4256	a4a20ab15188e8da34b66ea5fedf18f0466d0c10cbf55f03d459401559547a8f
PWBE	PWBE-4257	c18a86fe5abd0064cc25e40a379ae6f0a39abe09060ece835951ffea7ffd599c
PWBE	PWBE-4258	9f39d4de3cda796211efe4995d07c915a5136330fcfda6c14dcb715bea912f4b
PWBE	PWBE-4265	6261378b0a235fbb166fa6204051fd76b5184aa315e1864d1a8f2b1c42c9f331
PWBE	PWBE-4268	7c45851a94d664143d7c95b04289e1d1deadf07fb04fd1df33ed5b6f34b86b25
PWBE	PWBE-4269	d45a6081222f8f300586ec3a547bf6ed2a49d26784d3d1f31c2fcb5799893fff
PWBE	PWBE-4270	1994cda2e7132f95d655d718d18b262f1dd70b02d285e039852dabf0e7e9a3b0
PWBE	PWBE-4271	6fcbbf3f4b446ed008aa0395fb330211b995c996005e44b41d841eb4c1c47332
PWBE	PWBE-4283	9651ca9179fb9a221f02bbd9758935fa7b36b319208a0943057af090942dcef2
PWBE	PWBE-4284	70b67832785a6bd0fdbbc16077531f7fd749df09f8ea178a3af2ddba448d84c8
PWBE	PWBE-4285	2f46944ffad4e52d8a53ad0ed94a315ad8fb084362417021631da9073d369210
PWBE	PWBE-4288	c96056ed4d070453517fba97081cf7feb56b19a77825c38f9aa9cc993cd21c95
PWBE	PWBE-4289	88075e235da0fc6616429ac56a100616183bee2bf108764a1396f681ad0e5a40
PWBE	PWBE-4294	44ab0bc3c15c47930f274d4b6bfcc24b2e877df6498368ffeb069650beb23691
PWBE	PWBE-4295	2e7491455fdf210afe3849c18f48e714af22d83dee3cb267d4bc5f583dd80c26
PWBE	PWBE-4297	d8b13e29a61e614316ec8a06a61d7cb78e960f0e43d43ee140d100abf705a1be
PWBE	PWBE-4298	02c84fbb2ddc0ea7c3f5d26d00557a902fe760adde28a027605fc77ae27f6ef2
PWBE	PWBE-4299	67fb3f4b4bdf1cc885fd489c877a5a80a8cf988dc4be0e6b950bf227e3a938bf
PWBE	PWBE-4300	d164c2b06ed2ba798e0ca3cbb824db7f351f16c96d2bc26815873cda33b53e12
PWBE	PWBE-4301	4573d07169b6c0aa88eb0f8e4df7763dd02cbc1ea31a01a70d6ce96e15d14313
PWBE	PWBE-4308	4ffa4d918df8817ce0c86aa9283dd24bc70e20e6ea67d6d49b41e0986492ab00
PWBE	PWBE-4309	291a19cf4b6661bd9e43598201960010138f2fc0b6c3058255680201e4823a6f
PWBE	PWBE-4325	66195358fd27c26a129c476310b4b204f08c5d9f57c6b3426144762231d71e55
PWBE	PWBE-4326	aa03173e19ac2dc7628f1794f4ddf6f23590fa6d6d0ff4809cf4cff41cba213d
PWBE	PWBE-4327	c4041ad375c46f379b8c69576eb0f4bfcec635a4024797152892b6e7144f266d
PWBE	PWBE-4328	bf92eac2990f56c8edd9cb2a60f8c7f694656b2777b6a73f1a444f5768c1e82b
PWBE	PWBE-4329	3d4744c759ed6079dca8773963cecd213da71a30fccd1895291d18066cf61f79
PWBE	PWBE-4330	2727ea6a070ed0ba7a26d3895c0edf4cd30126514fea599e3465e7effe541d57
PWBE	PWBE-4331	731ab238620048d282e0853e2d60d634f214f3f453febd8d18f96a0371851cee
PWBE	PWBE-4332	9c9b4b20958c2c8fcc93b07c0e161dabaecbeb36b2aa7b46f60b65380163b673
PWBE	PWBE-4333	dbd77e56807b919ff137c9d56b2c1878cdf6644a357348f904ba5d43ccb9bba9
PWBE	PWBE-4334	d489457d2d8e90b3ad2119d87a1d651af4c5980a776fa27abba780dcf15f6e86
PWBE	PWBE-4335	7b4e4212d21334436e7f665955bc31667a2e8abe24d2068e54848d85b8407139
PWBE	PWBE-4341	17e226722fc74098f1627b0c7ca3f41199d4e8425f5e0d40592046af15670398
PWBE	PWBE-4342	c0e1da3bc952e85e9e809b806b211727d6b2da6408e8c24cba8acd43e96e9e9f
PWBE	PWBE-4343	11cb4f694d83b62ca389a9cfe038660a18ddc7e9e63bdfe5cdaa555ed3a3b851
PWBE	PWBE-4344	9a633b1cd22b6e4ab23f145a7648471c76baf989ac968fb585b8a811de9a4490
PWBE	PWBE-4345	7e68cbe066149cb5c8e0792d7a999fcb9d90ff4f8ecbcd025a4c46371d93c020
PWBE	PWBE-4346	d90a3d77e412e0069da65dc193b723d2bf5af54319aa204aada609c2b2f0ed1e
PWBE	PWBE-4347	322ad8db4d932df595eec2edb88b38c534490be7ed0e92ef0ee9c3a2e35251f6
PWBE	PWBE-4348	160bb9e0bd29d559279368dba0508f73759144947efb6a5a44a5420b1ed2ad63
PWBE	PWBE-4349	56fecfea3d457db2d07e821bf786c4c9e7f2426ba716115944349504e3e94f01
PWBE	PWBE-4350	f0e3c2a4699fe8e3f64222e55bbe6421adbeb3fd5713dffeff2a58de4658feeb
PWBE	PWBE-4351	89b4baf351c7b76eeaddc9d4dfd89752c57227e9f85c72edbb8d81de6961ff94
PWBE	PWBE-4352	3b143e6cf9965b614af4fffdc16db86a7f61724882feeabf6468b57f0abf6b54
PWBE	PWBE-4353	a5b63844eb6971fcc6e4c9a24e4aa48de20d713324d63b2305ac30de98753cc0
PWBE	PWBE-4354	6f76bb5af67e96fc54505e6ed66fd24d68086d42f9b804136445ba832de41399
PWBE	PWBE-4377	9eaab6992028fc27509cc675f19eae903b50928462c875384bc03286f4f8e2fc
PWBE	PWBE-4388	c09e96f79ea865b44ca0618761826750ef4f24bde0dd8daba80f0cd54fa4e183
PWBE	PWBE-4389	3b6df592425b7f58da39387689c46a8ed02a2e4f3c9c61baf04bb480d18b7b76
PWBE	PWBE-4390	7fcdc221bb9af3a2f54b681e046e02c29924b698e92a666158821b2129a258fb
PWBE	PWBE-4391	18ee134be66af0cec95e1e420a5663bc609d299fc7e632192161f90e6c33af5a
PWBE	PWBE-4392	3413b37cced5d6d28d618921f5a96af258f5df5495fe44500ddb00df6f778cdf
PWBE	PWBE-4393	b81cac5e4d357fe29587b72d418cc03b9edb67bd0caff6f283ecda758a7bff1f
PWBE	PWBE-4394	6924926871fe01389de421270dda73ca0c6e2aafd4fe6e28e429dbf016a3e366
PWBE	PWBE-4395	1310a4abb34b05f10ea0843f1da0e5d798523057ef5f947f5c82db2c5050a3e7
PWBE	PWBE-4396	9ba486c681ecdc8819320dfd24f2831eb92e1b4411a453b424b9a7afe120949d
PWBE	PWBE-4397	16470cfe8e2c74dec6376542be4cc70151f24aaaaa8ae60ecb580ec941536f11
PWBE	PWBE-4398	e3e662a3917710a7da5643de5245136f3f94a52fe4f55fa2ec69f8559f6317dd
PWBE	PWBE-4399	fb3ce8912710eb0c0f26c4adfd60792c1329978b64d324122871cfaa77ac3ccc
PWBE	PWBE-4400	73b897bb6f344481d202c5850d60555691ff8c6322603bcea648f5d2f9cdb875
PWBE	PWBE-4401	2de53838c343ffa9ce77411d63e7b4a20575e191cd1b15bb3eaa98ec11813e1b
PWBE	PWBE-4403	7f1ecaef8b38a000212f3cb36db9b2ee7de92f2e1f105b5e60e46da7d7656c3b
PWBE	PWBE-4404	884630debe8aaa719243b93505f644b30783121c0e7d97b5786598baeb88d54a
PWBE	PWBE-4405	1f8ead83b799e22696de5b35aa63e20bb6a55898327bdfe45df43d564644c85e
PWBE	PWBE-4406	b5c6b215f64e162b22e6f8f9aaa7a906a7ed555a2346a937c4dc8ece0defb9fa
PWBE	PWBE-4407	78f7b2d267dbf696c1111e63a70adcf32f76e37fa6d3ee2ad2a4840a1f185502
PWBE	PWBE-4408	8e1c75a25f6fbe62d437d32636c4b8c3d5cf93fc17fe531486a480fec3d8f874
PWBE	PWBE-4409	c2ab4ef23904b09226248e86103b9a13dea278c9a5f0c11915a5cebf939f1da5
PWBE	PWBE-4410	0ab49c7a08ca484dc62974293ea072c32b684a98e3ef02df7be32828293d61a6
PWBE	PWBE-4411	9037aee3cfd74a6878a42573c618f151008b173d8b4a01364ba90a1dbb6216f1
PWBE	PWBE-4412	c16ed8d7a6d9b49fea3351de71dbdc1654d6da34b0f944cf726baa73500fa51d
PWBE	PWBE-4413	570ad5f3cda5b3bb8b94c60f838c493460400eb8b94d9358b5ba3ba71e3b434f
PWBE	PWBE-4414	3eb8ae571093d685d3899dad3ce456f5dd27e28e956784f86652a75f05f631ad
PWBE	PWBE-4415	ec1886cfa803a70b32b200b37829f38d41f3f277f62e96d213493295c97b3d70
PWBE	PWBE-4416	59c43ee375a457e679dcddddfbfb4e2097a825562c6b4d1ee5b49ec97c0a5268
PWBE	PWBE-4417	d2a69b77a46e7e3bad4b99185ac89e4290675349776c6595e03b7d42d360ff09
PWBE	PWBE-4418	8ad06cd03d64c26853cbd34e3f2f85da39ee37ab2f4b000455d982a52118639c
PWBE	PWBE-4419	e4a690cbc7698dee85db5b1ca9565765b158f74b5ede08ac30808dd689ff8a05
PWBE	PWBE-4420	c340c7d99efa56705143aa5702fe7c7f59c01f75c1f94eaf21f20b979ea9c15b
PWBE	PWBE-4421	7e188d68ca6b2acc37ce687370c80cb396b36116f145550ec7533d3abdebdaa4
PWBE	PWBE-4422	e51606c5f0f8f475be4e0a523a92e363c847fb8334186482489e298e5d8875a0
PWBE	PWBE-4423	17e5802117b7b9a34508fdb57b4965a1ccb0c5e07f014c91b1d3fa1ab0c9ac4f
PWBE	PWBE-4424	bcd177d97606f6e16edfc84b429673610c9dbd3a5584044834a0be9e1ba3e939
PWBE	PWBE-4425	bd6dffa515b2a2226271233d6496caa9bce0ab3e43f39ac2a8ea8c2b9fec20f9
PWBE	PWBE-4426	2762c5b78f890d326d30be345e05cda5d25a8783766bf3c8959415be72af4213
PWBE	PWBE-4429	ebbd3eacdf59332900d3ae55849f77cbf2bc121b7b12ceebed528c9795df2f94
PWBE	PWBE-4436	6e937b7e31b8901b9451df27fa045a3ec184c9de92696eb1a8ed5cfd18992550
PWBE	PWBE-4439	e963a3fc6c3fe6b054a3ef9241e4c92ecb5a8245c4faba9e148e04f278f67f96
PWBE	PWBE-4452	23e6d061ca6a5544696a93eb64ebc2ac61cfada29d5422ba1cd46c70130cda4b
PWBE	PWBE-4467	6bd2db20e6e58f484ac9d3a4129c3d1d085cbf66f5b9037a189593a8216e5aa6
PWBE	PWBE-4468	a7f32be68acee28249378594c6b51578d52bc369af71924741f89e303bf7b78c
PWBE	PWBE-4469	6f21a5dd51ef165e9c6b58d9db71684e7f2af6533e3d6ff149ac9e9cdf41bc97
PWBE	PWBE-4470	efc4fc3916f165c05b295dbb6c204fecc8744c36829e64aa84d6e95d0a79c434
PWBE	PWBE-4471	ff0bc95cda5c718ec2bb63dccde281760298bca1b1e18447b314f5e5eea8e9fc
PWBE	PWBE-4472	95ce6d5edd569892113eb59dc41559fe670b9140f35a7874863687694d7240cc
PWBE	PWBE-4473	57fecb24f841762da80466883a25b1a4152bab1b79c43f8e1d2e5e30ae03d5ad
PWBE	PWBE-4474	cba02666c7c343f767751de9a97b1eff8f2f06bcefef3e529b1abde748fd8746
PWBE	PWBE-4475	383c7f8fe4b4cd1f7412a3ec2229a2675703abdd21821f7a61d30816fa0c6ee5
PWBE	PWBE-4476	b050ff84d46345dcbfe59bd84d45dd201faab02f38048e111b52bd7338c3874b
PWBE	PWBE-4477	fe2e0929b715d77c9eb5ecfcdef99bdf553b598e8c1c6ef7342204dcde77976c
PWBE	PWBE-4478	a8e0c45896ce66c7f93b2dc592c7860d4f85f65f2aabcdfc50e8d502184d1323
PWBE	PWBE-4479	db19c10d5d0d4e9943977be5475d4506b523d60d55b8064a9a44cb0d7a0a04c0
PWBE	PWBE-4480	44c49169e74114336822d4d9060429e013962a612b317bf22eec4afbfedf69c0
PWBE	PWBE-4481	e69ecad126cd989afae345ccdb8be4eec1f1a85c07b343e13c256f5f3df22b5f
PWBE	PWBE-4482	3e4c658972570777f81f470863f47c3855d68c2b362654f43f9a3529290c64b2
PWBE	PWBE-4483	5f2d427f83aed48c0f126754d78d7a05d479be6b4c3ce608b59721bdbcafda82
PWBE	PWBE-4484	7623648e1682af98b87fc496c7f36a7cdaf9ba8fa1b69d0ed07dd22429913b79
PWBE	PWBE-4485	7cbebc2354e1cc8960fd2160517049ffa00d2686bc1f35bb0ff0536fade82ade
PWBE	PWBE-4486	7c09124c9481e800571acb02ad72297c1984b1aac7e881de9c237e8061bc72a4
PWBE	PWBE-4487	c31ad85952892dfaf5b8beebaab90865615e794b32f89d19f5bbb63b484fc7fa
PWBE	PWBE-4488	8601912a273937bfaf5c396ccbe71defa783c5db0d33606d10b2477918e79773
PWBE	PWBE-4489	fa8d8f876038c52640531f2297b286f20c668169eabbfdad9273add2d8331bba
PWBE	PWBE-4490	62288eb6e43f159b5b283d8846d9ea8cf8db46428e153dd820b1ebbd29e15cbe
PWBE	PWBE-4491	def1f5100ddebaf0aaf7db3af46068d1f329d8e7895d8878334f130ec37f0eb7
PWBE	PWBE-4492	ad680070176c1db109fb06e598345ac98bcb0958c2dcc524843706b87653be53
PWBE	PWBE-4493	3d19befd3251027ecddd950ea6dcb4018e3041f723c4898de0be8a91fa695729
PWBE	PWBE-4494	e12ea49d869278a8a3f9aef6c63b2338a8c3cb3b1d7a19e540b7e60b274001fb
PWBE	PWBE-4495	699754d3c096cdeb8f2939df5fbc142f66d87c0a6afa93b298bf0a3842e57fd8
PWBE	PWBE-4496	e41b4c822d84840bf50c73a0b67739443cfe2cd65b208797f34a690eceb26ccd
PWBE	PWBE-4497	e9f162a03bb071f8d85032a28b7d3f19cde7844ad376b466525bafaabecf4ca6
PWBE	PWBE-4498	256164a7d318d0801c95f3475fe0e39533cf8cf555b5e5d1240d961a14409be3
PWBE	PWBE-4499	4638c32144eb1c1be595af47a35319a426ac792252a931b16feb68fd8b97f85d
PWBE	PWBE-4500	980640d593cd371321eab56a948dff54e2fe9959af94f38090a1c041d96bfb2b
PWBE	PWBE-4501	ed7bbf4b85bb9d75fff27d9b0670b19bd66b51b1fba59b2f6d452285af012047
PWBE	PWBE-4502	45bbdc85af9765b330ee828bca7f179107e7dd5255121b0b73e3e2e2cce4e97f
PWBE	PWBE-4503	4946d0432309f4ae12aedf3f1d062071b92289cce302030426142ad478536a4b
PWBE	PWBE-4504	aa577de8f6cbfc24ebfb1928dd77708be2d241f1b42e07132fbccaf9e3571201
PWBE	PWBE-4505	a2f6b2ca0d6e6cd83f6b76006395ef4855bfbfb2bc67640a5c920de6a4051fd6
PWBE	PWBE-4506	a505f82c3e28231e2c28cdcff6a9d4656e21f2680d6589a00a4df826ce57a7f9
PWBE	PWBE-4507	ad00386d8634d9e66fe16c22d0ce22267101baa7759e5799213b540a65c61568
PWBE	PWBE-4508	b61875448e84f4ff7f304c12c2a4c8550231d24c30814aec2a7ff2262e72d01c
PWBE	PWBE-4509	99e73605e6aaa3a41a47c686299bd0f7894135eb74bf4af6471f361aa6077ea5
PWBE	PWBE-4510	7215401fa88ba69a9cadded7aded5f08a9815876f409914699905bb2ebe0e473
PWBE	PWBE-4511	6a21b3c87975c461af2270218bcc0ef910a81535557aa3982c8eed1904cb627f
PWBE	PWBE-4512	0a489740686769e9434f3d91738b0d8ae5cd3a07f2ff9b697ab451585798e165
PWBE	PWBE-4513	43ad47e961a35d1bd89e443e5c1114f1dd6f793e0ec08912c55982678f9a4b30
PWBE	PWBE-4514	fae330453e5bc4c593659635666024b752768290114cb07ef018a154df7a7e7e
PWBE	PWBE-4515	ccf5938fceecc2c7ee668c17047efa898a98bac67af39afa13ae092ca7cd0a0f
PWBE	PWBE-4516	642ce9aad6ffbdeb567503ee4e5657c04fe80715c8babd94c3faf4f7a391b4a4
PWBE	PWBE-4517	81e7bc47889dd9aeccdc7a25f845d5b9fe88cdb9b782214627ff1c6cc50e99a9
PWBE	PWBE-4518	6ead2e3719050caa1ddd3dbc5443014dd0c758017924b7924a33b3e351dfbefa
PWBE	PWBE-4534	4d0498833cd5353be9fb1301259bc3edd78dd98969f63f6203e80b4cfb4515db
PWBE	PWBE-4537	d449a2e92287bf17ea4532ec62b6dd06077c8b4513d2299bdb270e03daf106e4
PWBE	PWBE-4538	bfbdd01774533ecbcadee6994c58e778a71243420b9f04c37dad83bcc0cf4fba
PWBE	PWBE-4539	6e9377b1b3a19d71dc82deacbc63ba7aadb36ff63bdfc6673ae28a1a5ed95a6a
PWBE	PWBE-4540	05b0565970106d35facbf1c9bafb047762d56f9314218402151328a21c5f73ad
PWBE	PWBE-4541	6331f37c3dbe2a4cf568000b7e9e9784fe73d6cb252bd98613a9b29610abf92c
PWBE	PWBE-4542	a6a5e1c3c68d817aa2c8e7eb2e59fd764e98eb0455f81f18dd142349e4992cee
PWBE	PWBE-4543	df5834f8e3fd788cc4e364c84d0dd5eb525ebd858d8b89aace9c38484e565f96
PWBE	PWBE-4544	de470d6f76caaf2e2e35ca20a4829f96895279b8f83bd90f625ee169ca274cc9
PWBE	PWBE-4560	768e77674b78281801dbe40b6527166de58035a76e83c920fe28ce3ac36b4eeb
PWBE	PWBE-4561	721805c6fa5a7a08a80c07c2144dd2051288daa65d0a2820b21c2eed86e353e4
PWBE	PWBE-4564	7235493401776645769cad039d08bc70fc97bd5e97df6a8718e9c17cd71539fb
PWBE	PWBE-4565	5cf8efd13723fdabc5cea7117d938b4a28f541eba78d8c09427639de947d7b7e
PWBE	PWBE-4566	3b5737eed3236c242acfafcd1369faf5dd1db1d136058610a7030082d6b341e2
PWBE	PWBE-4567	39b790c305a850c21e95f145ac7230c4e283c2615b91d5682f5cf10f9ce8bafe
PWBE	PWBE-4573	a2a0d576c3bd5038bdd523ae75392e847a755abb491db842ceee5169508d00fa
PWBE	PWBE-4576	a02fc17d5ac3261558b3e3ca14b6f9413cae1fd31a1e38b76e3fdc4776c33e67
PWBE	PWBE-4577	ac1fa8761e55669b66425fa50b3d33eb11d9b6584aa54b25fc266c7611863da2
PWBE	PWBE-4578	2ac1a05f59ee0b2c1c0980ab3cabed3589792345f0c49c383ce77b82511ebfcf
PWBE	PWBE-4581	d7579ff16b02a3eb5c08afb81c99109ddfd5d33df4cb06308a6bcc46a825249b
PWBE	PWBE-4582	82cb38f4aff63c0ce24a2002e15a7e1dd1f38a38cf12c76380d915dc7bd9c90f
PWBE	PWBE-4588	6fc3a61dc75ea0bfb639c4f8ef86863642ff7f8cb6721e721e96ecedc2e1217c
PWBE	PWBE-4589	30f05cdea340999622242b6a16566a75449bdef09ad44e548bd6ad729d274ce1
PWBE	PWBE-4592	61163e8478e553d7fd1cbbc0e3a92737b130462257fcefaaf70110ef54b12140
PWBE	PWBE-4595	7328126e86ff2e826c6fd85338cc86cd60b582455e2eb6adc3683798acac5d21
PWBE	PWBE-4596	7cc65767178b70cdb49d07063a822f349b849fdc4327b2a4e5809805ff96a9c6
PWBE	PWBE-4597	e600ecd9545b13e780bab8308747546d36464578668a30a41eb58141ae60ca65
PWBE	PWBE-4598	6d62804dcb55f22d6d21f55981c28af740aaaa0167dc21708abf208241487840
PWBE	PWBE-4599	47b544f141e220127935a6d5c8927d8e3eb0a47c7ef2780fd2e2ea96a7106b95
PWBE	PWBE-4600	b4991f500c243806b0b4b4ac159ea317161285a482c9e35bc209d87e1177efba
PWBE	PWBE-4601	86eae06975b7a8f2eb0ead58f1ed1853ed6862f3afb5146cd01ed07671826395
PWBE	PWBE-4602	3377d300f1955e360950904deac52ab1a0fad647f2d6f2808f95666fbf1f3153
PWBE	PWBE-4603	aa5203465de1f87ee10185ef1432c7366d797aceec5f373c838dec2301041520
PWBE	PWBE-4623	ff72caedb6b72f607685baf104ef41ba2cb19235644804321f10198434270bf8
PWBE	PWBE-4624	a92f48d2e516d7a5378513ec1b3503140694f3808fb6c049771acb9640523333
PWBE	PWBE-4625	bbce27947d452216a4940757a06d540da0809a787dce3b48a73c2c39e9a2e134
PWBE	PWBE-4626	b97b395d010dab06ecd026392177f26eb033cdc1090661d79e6872983ae59deb
PWBE	PWBE-4627	c27d52de3bdce9ed474510c29394e691eca0b0ce9c59fbcf1db34bd328dd203a
PWBE	PWBE-4628	f774f7b932807f7f7d7fc9541132664653680fb981a7de37f0320153f9f6ec27
PWBE	PWBE-4629	6fd9d2462dea48f650bcd365de6b00d27a29c5d0da6502cc3766cc953a025a6f
PWBE	PWBE-4635	66657f19a1bafafe487585267c452d2f77e696f382e63d9157c796a54179b79d
PWBE	PWBE-4636	45ea9ebc2559add11ecc16a97ad7a4777a814b4a02b0ad75e111468de449a4d8
PWBE	PWBE-4637	df56908472ade20d758dbe0920eb48a8d2e789570c5d761fcf9417829cded22a
PWBE	PWBE-4638	fe7b6ad5210e92d11eea3767a51cb8193c42642f3eeb16d9eca4d16e5f02c88a
PWBE	PWBE-4639	1e3abd867f22f245f9b098e160017a0985fb762b531d8d7d6a91102faea1d168
PWBE	PWBE-4640	7f1669a483f6b9bb565ed23805f67bdc2e0a18b40e6ecfd3bb464ee2a88b6087
PWBE	PWBE-4641	a8227c5cfe85c4b92813484ee39ce43e234f11bf7cee288b8a21b90e0a91295a
PWBE	PWBE-4664	909aafae44d0adfc782df2086bddc3175d9e50f92131f9f031dce42120631050
PWBE	PWBE-4670	c669670f8a202a4d0cd8f071044a9a918ff3f656cb67eb7fb96efec599e4ebc7
PWBE	PWBE-4674	3afbf8e886fc559a557753c7c28f8aa8902f53da3aa5ec2f9945f477be481fdd
PWBE	PWBE-4675	88ccf7340bb5915ee2dc7ab38eb6182317d53c18621f0d845a01bef6fd90c914
PWBE	PWBE-4677	4cef86b928e8619afa70bc8f2e6be2ce6f772fe32b4eb8268eb870b463a88194
PWBE	PWBE-4678	ef9cdc834a2bea547a6d5da2d9de4f1f16e3b11feffcf3d4e1fb19b0fb648af9
PWBE	PWBE-4679	142d033c74b9319bb645d3c699d4babcc000a187bd7210088f298c47f409eb06
PWBE	PWBE-4680	81676ac0565cadd1ecde990f2a94736922fc104656e43218cb6c1d238b1b4fb0
PWBE	PWBE-4697	ff41924f55df45c2b811c92ca495cc02f85467d02faced1fff07b56f651ee281
PWBE	PWBE-4715	3b441063cc5781f50748a3ac88d1787ea7fc59f89c82e8f456c2be290ef3ea89
PWBE	PWBE-4716	2e9bb2ad83ed1d0d6e47abce8a46e62de79c86586b895c9ba88a5b41ea503167
PWBE	PWBE-4717	3ae91ee52be690c70ef1516e2ce5dea9f931c89164fce646cd9114946fe94fc1
PWBE	PWBE-4718	da0e77bed88b3c5ee779f5ae06cad2af8928513272c25e705b8db68ba73cf63f
PWBE	PWBE-4719	1ac972bd0e4fe8a4b50e8e7e60c3c7768d91a086174caa325ea6380d49c4d1ee
PWBE	PWBE-4720	0061515792981ebaf2f7e29548f7cedb3452b7a1266b346c329e5ed2c0ec1c58
PWBE	PWBE-4721	59f9a3882d097b052937b1356e2eb861d387fd50d3deeff51b405621a6432044
PWBE	PWBE-4722	572a65a02a5ce411896a8ab187208a36b153651e05a55e3f926627cc77d75157
PWBE	PWBE-4723	a85800b8362027cb27b989ab54176fd51705e98627f6d1271ae4bb74462762b6
PWBE	PWBE-4724	c46c1c68343c0261be3dd11a6b12684321f0dbf0004636cdbb83668211420714
PWBE	PWBE-4725	0a2b565ef9c4d36b41acfd9d278da7144dc297d9857082595b427b93b6671d32
PWBE	PWBE-4726	c800ee7cffb1ae93bf330653e55b5bc5bc8387a257f5438b4d85299e00010e36
PWBE	PWBE-4728	e443c73417060d26b96ba17dd32522b4abeab5490e36a25af721d45ec29270b8
PWBE	PWBE-4729	0b860c8c30699ef432b9a154c00df5004ae962f4046c518968f348827fcf7ebe
PWBE	PWBE-4730	d35d79ece0053166ccaf66dfd19963ccdada1b97dec6b39a55a7abcf4d2a83c9
PWBE	PWBE-4731	bef7c9d2723c2d421f181f79cb2107d8581edaa99169f18c6938eaa2500b1792
PWBE	PWBE-4732	b67f81923a28d126cac99b687037bb0d9880c9bdd09e410cef13aea91495b7c1
PWBE	PWBE-4733	331672ec2198f1f535ce85a76237dd9481be22a529c43459d855d02441c6a2d8
PWBE	PWBE-4752	60642838272a604a2f04662031981d0b29cf2d7eb212f1f29e75d2907cc78d07
PWBE	PWBE-4755	6b4dfd40a88e8e92f96b1303685ac5142c962605f61c15db8c93881619ce578a
PWBE	PWBE-4756	08ef0677372df596c7177908795af58d6d257f08f44923f9e50ca92d0aa4ebdc
PWBE	PWBE-4758	5b383d85c76cffe454f7901e5ee0f243b46eb49f154b6dfad1fd8a51e2755fa1
PWBE	PWBE-4759	e0b116bfd68c92dece1a7f6a2d405faf31dbdd925790dd756799bb346573ad21
PWBE	PWBE-4760	8306fe8de3c3033975bcb7dfa040ac6b5236efd2866b0ad4fde9a07f633b8b3a
PWBE	PWBE-4763	fac314edc2485b6cbc74f04992364989a4cf496531b4a9d37e1affa8a9be4e01
PWBE	PWBE-4764	bfc50248022019f5c086acf503445351171ec7550fe63d3bf6d195f311847615
PWBE	PWBE-4765	1093cdf68509ba5c3f1da16e272bf88c0ba67a37cc1efe730832777fa858eba1
PWBE	PWBE-4766	545e4394f15e82734a5be7672c0eb88b7252c94d09ca4cd8afa600c95fb22eba
PWBE	PWBE-4767	05bdb95d4954fc99556dca7b1450fbd6d69727184441d76798d9525d7d101988
PWBE	PWBE-4768	a170cbd36d56d5b6180ed9a443bf2f49e861030b96dce3dd47cefa4d1e1bbf8a
PWBE	PWBE-4785	4e859b1194b2805309cdb77ff4eae73650da6120faed217e262216b67e0c9625
PWBE	PWBE-4786	7fdfb01e485d10b52b59d301a938f936c9404a11244c523f5cda9e170e25baa1
PWBE	PWBE-4787	cfe2b4539b71eb646c3a1a162644f7dcd6977d4a44f8bff7f1d9d51b33c3804e
PWBE	PWBE-4788	d25f89b00dc6ae3105272507b1147c7588e8f3d4104e82cabcd8072132a0d65f
PWBE	PWBE-4789	3ca7de71fcf8ce007cdcbb8e703056fbc75f1b58126ee7d2a43a7af04327df09
PWBE	PWBE-4790	817740315b801d12a520861494398cb8648a626a4a1da771f520554c29be6b9a
PWBE	PWBE-4791	04ea1aae843153dd81f97832860059b0c98da5b0b0c00b51c5be501ad292e4c2
PWBE	PWBE-4792	c13f4dbba07b6069662a679c2ffc88713031bd1463b59d6502742137401370d3
PWBE	PWBE-4793	36a3dd2938c349d1c20677a5424cf95d3f2ce07c61af01d15885f3d052a13155
PWBE	PWBE-4794	f4bdd34cc22c492c8f50b86a78f50596ef2b26ed4ec1cc33e2042dfb9cf35e70
PWBE	PWBE-4795	7f141bd020290f2cba9e52095e8b655f7576b132293703ae59bd87ceb2fd4028
PWBE	PWBE-4796	a3e17565dd18faa8fb7aba122b099b2b50f6933164466cbe1c25587db115e449
PWBE	PWBE-4797	e050b6dba97236c9cb56119bcabdc50232195f4f8ad418b280b6cf1f7acbaf13
PWBE	PWBE-4798	cddc3fc16ae7331a4223efd4eff924cbadebdc2450dacd5fd6985e14ea24d00e
PWBE	PWBE-4799	279611a322ab083d699565de5ce5880b2b062868a728d00241a84253723a9bd0
PWBE	PWBE-4800	0553a16593d45909f9395f3ead10cf9f640945faa981e99110caaaf7401a741a
PWBE	PWBE-4801	d57a76d208fd3f3be39bbb61e3b4830bf34f606636e735ae4f2e2b7380b2120f
PWBE	PWBE-4802	ab4409a2bb0671bf95b5aaa7f3ea07f9139533e9db3c60d5143b15352b4930c9
PWBE	PWBE-4803	f72febc49577d7e5a159d345f141c2bd06f7bb1d747f81dd57f8850830bfe493
PWBE	PWBE-4804	0476fddd09d58338b0fde765fa303523bd6d698a754e3e1524d782b569c9d0b0
PWBE	PWBE-4805	7a5f444680309df6e311fdf115e9c58df903a50cce50e7936ff8ba783cd6f322
PWBE	PWBE-4806	3b7015be7c7f65d31df66a1e20a5ee8b78cefa71c70ff90e79298d5f0fb0592f
PWBE	PWBE-4807	1c6b6bc0ac55c5be0bdf0b6a2c69e78c04f66fa886999eae0dff1c3e309f3645
PWBE	PWBE-4808	1b451980c3e640b1b42c379b3132e64cf566de783e79429da1028513052250ad
PWBE	PWBE-4809	95409789fe2dd204c7a4c00d46384e971c188b3d8192bacfb6b0eda60c48a0a8
PWBE	PWBE-4813	749c1061c42efab7b6f36f6d60b1e7f53ca5d4dafeb9e3c6eb10e57c663bfbab
PWBE	PWBE-4814	e0027557df56fc7219188156313505fb96c7ccef1dd32ade7de13666f6111395
PWBE	PWBE-4820	7fe5a2370c34ecba4da8bb3ae3a22636e300320c6fa943ce922e5398c922b911
PWBE	PWBE-4825	b4ca313371922db0c9aa7b66ec07b0820d304635d619cabeae4c71f13e7e9d70
PWBE	PWBE-4826	b78ca1f22a7d374d2dc11365126519bf324298a9f9ab73c909c11850c731840c
PWBE	PWBE-4827	62ad6515157e896322dabd0c359b05591cff2886143c9a1cf72b9aa069d303cc
PWBE	PWBE-4838	75c8d89e14eb2411897eb4f62536ab49fe156826373dea3ef6b4ffe35e47847a
PWBE	PWBE-4840	c8d94c8b8dd21724cdb7f95ff4a584f9d9c61c645f369820bf511c1af092895d
PWBE	PWBE-4841	6c4145e47a34e4ada873fb91d72556e0f226c93cb9c73372a9c2a2650fe76eca
PWBE	PWBE-4842	f94d098d917d9aa0861427344462746dd33c8496514cabca5888db35678f0fc2
PWBE	PWBE-4843	3cec5156f4d5d869abba5d2c97b0b47891eeea3f444f7225d062f2c72f5f6af8
PWBE	PWBE-4844	7d1275bda482e8a254e76390d7fb1b1d0ca01987cdc498c3307714ac17f1b330
PWBE	PWBE-4845	dd3105a48a33be1b950d594420ba83d4dbec26eeddfb6ec40bae0050be2fc31f
PWBE	PWBE-4847	5f64fd87708ffdaf9c306baf7b5291f9a37bc2cdf6b26389c83ca9a0bbf50919
PWBE	PWBE-4848	06057ec99a6503ec7599dfd1b0a9ab34c84ac37994cc50c978727849c8bbc609
PWBE	PWBE-4857	9f405e43a928736564abe40bcee712f61e9b35adc407068caa665d737b72e39e
PWBE	PWBE-4858	1293dc7156e6a4938a051f26fe3316509f15ad6dfab3c45ed6e0e43666fb023e
PWBE	PWBE-4859	4e6c1d4d74871c0ffa72bcacc965cb1b599e33f9ea10051672af5718aa27bc66
PWBE	PWBE-4860	76b02b29576743314719840ecfce46ffbfb68a1904e1ff8ac8eeee80c79c4fd3
PWBE	PWBE-4861	9191d0c21fc90c08d71ccf3cb4fe6ff9dc47922b64f41343029f57ff24d56501
PWBE	PWBE-4862	53b001ba0d595fc17d1f28b108628540d5eb3f001bfefb6bdc9121ffd18fd4e4
PWBE	PWBE-4863	25b1d73b21d76e70ff6082851394fa7e677bfea58ae8e29b229b59f86278176a
PWBE	PWBE-4864	6855d90781b2a9aa95a90fa5baf4ed53d8f8ee061c2d2e3fc4c1a7561953a716
PWBE	PWBE-4865	03388f090245262bf2b4a39ce92797d63ef002f6bd6c239cdeb95d9755d8bb14
PWBE	PWBE-4866	1adde63d64aa837006d70864ebbfb7c0e20745889f5eb494d2275e6ad2c51655
PWBE	PWBE-4867	8f45c8577eeebee4547b1e455ca912f49c9ee40d32b6c75bdd9bdd0ff7b16b69
PWBE	PWBE-4868	1468e9e8a380fa810bebc9556f5aa189f0ef1d9a27286f4c44c2e8033d30b8be
PWBE	PWBE-4869	e26bf6737b31d76a6d0eaa7a326244ae7813b8034886d23c1fd00ca72c40377c
PWBE	PWBE-4870	2b2f0ed6e9d8ac6e2e849f5282c20f7f2a9076e0ca705dade41f255912bb7f6d
PWBE	PWBE-4871	5585355406f31277fafaf4ca79bf737519ac276a5a6b6448101deece5b45ab0f
PWBE	PWBE-4872	52154ec209c646b612e43aed8d2396832798517afae833b477c2b1bf2430d8b7
PWBE	PWBE-4873	904b5e9ec225c32874eea346ca195133dc48da68288522aaf1004e4f203d8c4d
PWBE	PWBE-4874	ddc92824cc648901545eb25cb537d066f48d5961673a550fd6cd49a31fbb441e
PWBE	PWBE-4875	db62022394da235b02fdd4c069843e690b64d730f400f85929ec8acb41776ca7
PWBE	PWBE-4876	a389e10ecfb6cd02c1bd0c9bf1ec9b01bdad767a4b11fbd899ac8ca6b3fb7f5e
PWBE	PWBE-4877	f57e07d9d692d9c03453cc1681025b350562aa7c8f0eddb561aaadc0c62918aa
PWBE	PWBE-4878	2c17c7f1b9799c6ce106b646a206ef1b4821b56b6df1f936a102a77c129e22f4
PWBE	PWBE-4879	7506864799b9a1e8352b51fe5341f3d924f7fadb0268fb25ddb40366dc4640f5
PWBE	PWBE-4880	2b7bd50193b6299b64385d01d6fdf4e457fe47b3f7b7684d65514f82cf732bfe
PWBE	PWBE-4881	b4a123592096fe9478c2a5e6c56da6b83254449c4380917b17ec8ddbb6c1580c
PWBE	PWBE-4908	574276156130881f61f175fe70cb0c2429cc35dbd52351f6c7787b696bc2af1e
PWBE	PWBE-4916	9727717821b6208d75168141ac92ee6e613564c7e644f57129d409f4b5bd8e1b
PWBE	PWBE-4925	76ef7dd9a8161bb38de33397cb7c608012efc8c7900014f5a788f8d561d1512e
PWBE	PWBE-4927	6d0e86e72f611a79db5b602492f66cdeabeeb49c617810ac7e8ce868335ee1d9
PWBE	PWBE-4957	d2266a9b592c5629c32c7207a90026c21fb16541965a9dbebc76aed1e1f0687e
PWBE	PWBE-4958	ad9c763d9d4018a82af89a5d8fa405662aa4480beaeb7ba523485f297bae7307
PWBE	PWBE-4959	2209ef42889d1f5f6e0309052264609d97b7c93395ca95e1f8c376353f68023b
PWBE	PWBE-4960	f9733d30fc5381f45d41a283cfbddf37b57f469e3bd82df2ee8cd4ac2373aae8
PWBE	PWBE-4961	f584dcefc801bfb1fa086a98010c06b0ebc435e6aa055a7e635e3e87509ac844
PWBE	PWBE-4962	6d59c98d28dac0d17248eb568182d1a5430957daf0462b72fa79f56284e4efde
PWBE	PWBE-4963	9939d0e1ddbc60118f6de6484f305428d81eb23a96f88688fcba8b0b687345ad
PWBE	PWBE-4964	91629c62b8fca0420abeacd416933347cd2fad3bbd589dfbd5f881ee56f3bb7c
PWBE	PWBE-4965	fe5f5c67322996e4d3ae5263685d30d856ce9790e3fea6df69372e4b84a7cb10
PWBE	PWBE-4966	0c89b6608dd1f8942f1d9f650cadb9f1bb5e9b29c90e4489c9f1a2dc29249f48
PWBE	PWBE-4967	d329e64615e16425f5dcf98d401b89be3751326eb24c1c3e328c066bf2409894
PWBE	PWBE-4968	e3e15f35a4f701b84df0a7cbac710ec6fc4e1f34884497ab29868b92bddde927
PWBE	PWBE-4969	ea63b62b5ed8b765decf6c7fce5209dd8009cb656c071af4328439e391f1f3c2
PWBE	PWBE-4977	68eb9ed0587dfd315de8d78c808e98ef0cf5108ef18750880d2b2f694f57761f
PWBE	PWBE-4978	f7fd417458cf82ff976386b4c4bde5543a5ac2d8e600cbd0010c80cab2fb58c5
PWBE	PWBE-4979	f6ab807d7876c5f1fc0fc21173a08115da76deb330569b555ef72bd41fba3d8d
PWBE	PWBE-4980	50d5c5f4db5334423d6df7c3b49fb0dda25db63ea5cc7e382050494ea60ba18d
PWBE	PWBE-4981	e9ab6a01d4cc01bc709a01a2a497af19c96581a80807517d9a9fd89545994b43
PWBE	PWBE-4992	6544d85b2a2f0e67ecfdaba2858b85bfde9cf17ce51c7fbcb9c9ec78251015de
PWBE	PWBE-4994	ce5a5169bb5b2a1b236a84ed83b1e56dddf54a0b0b3b22b4322464f0b070d90c
PWBE	PWBE-4997	482126b8942e5983174df2bfe424686068ebfa4403dc2f3cfa79cfd2b6859a0c
PWBE	PWBE-4998	f52caa3893cdf3d55aedc922e1d308ec6fad64f894341431160819c3eeb2e092
PWBE	PWBE-4999	cd3ab73e234f8f5fe6b85caac944c0150c6b9ef694c3f208cfc15a5ecd53aa54
PWBE	PWBE-5000	afae8bf2f1e600ce46f15a352d8c6178ea88594ee462d659a8f7c04e853ba2a1
PWBE	PWBE-5002	b725590db179b407a8d3efaa35ecee4ec30c185ce6f0e54f7904d4f915bff20f
PWBE	PWBE-5003	a82c6ff6922aa86fd509c87283e8e844a2eb37a51b7ee7101badaadc0846664d
PWBE	PWBE-5004	8f89f57e4fd7ff98ffcce2f68b92f64766dd62f4685af01c9ac66441b8095075
PWBE	PWBE-5005	2de9b8888c7784e4d89055bdf1ef7fba19d93b8bb6abec0893c0d7618dc33893
PWBE	PWBE-5006	145222e5c966736ae4237a4f99b7e977e82e36b2d1e7021334691db0b7280ad4
PWBE	PWBE-5007	e12c6f983bb73627c68ab6684fe963bc6495e70be5e8bb2079ce1e387a30716a
PWBE	PWBE-5008	3d9f24083f7ff590aa01dbadcfd8922f98eda833f8eb426693a7a15e6fdbd879
PWBE	PWBE-5009	342e9fbae5ee4defa921deaea10d135a4eb9f93dbe2082cdec3420ef83b71656
PWBE	PWBE-5010	3e3942f4d5e8ee1fea5e4a20d7f87dffb170a5f80781ce3c81a917ff22c45c66
PWBE	PWBE-5011	7b7aa2f553b015cf3203c003836fd5f7704ee7b4361115f5f8d02d6df0ac2681
PWBE	PWBE-5012	3b7e85166ad61e22a9a3650965f9177c7fac58adb77bd92665f5e082f5e87174
PWBE	PWBE-5013	7fb203bae15116c0d03a10cc0f7c48bd4b4612cf90611747bf5980daff83a780
PWBE	PWBE-5014	7ebb31b0c923a0291adcd477a524b54470e4feb2de3b6a1644ec633ba0fe10d2
PWBE	PWBE-5015	cc4a133db3cce80d0c46a5c6a88078acdcd27a277867398f5a68eacc19d40b9d
PWBE	PWBE-5016	1cd9ea963c9bea65a686f249c633bd883092c725520ed79bb0b06f30bfca8416
PWBE	PWBE-5017	f01a402a17cb80af092b325866a2d0729fd91d30cb76c61c5c8b1da2416d8e89
PWBE	PWBE-5018	34d9a9111cf70202d24e23d1fc2a0ef112523f5e1e91566191251e856c602904
PWBE	PWBE-5019	bd3205e230cf8661e1a9601a1b20ec6d9a8302a6e4c9187cb4065b5885d223e8
PWBE	PWBE-5020	918b7a5505cf06debbf49c76eb4adc5c69a56016192a64e23e07aad6f86ab382
PWBE	PWBE-5021	bec9e9922b7cc1f7e0bc7aebf515f1ea7ecdb5106c9e8893d9da1e3725cfdaeb
PWBE	PWBE-5022	8495bc6d3dcdd5cf1d909868a19b3d06d41bff7471ed15ac17f2697740c5932b
PWBE	PWBE-5024	fb4846479bdba4c0cb6c7b3850673689f4460a99472b78b752a180488db65410
PWBE	PWBE-5025	3ff454bba2ba37320b23a5ac8687e8bd2d856fe21241bfafcf38cfa68fec93b9
PWBE	PWBE-5026	d1fbff63037fcc162213a681c73aabb84acdb19d444c3f65cefaae97df921a20
PWBE	PWBE-5027	8ef3b2f28c5a2c5daf3762c2665d0d45fb17cc12a99a00bbf6681a3d7d58ea8c
PWBE	PWBE-5028	8ae04e59c64128cc36943964cdf5c21c86f9e45644ef10abb6d1afe5435b6fc6
PWBE	PWBE-5029	8d195d101a23547a6184c99ffd2da73de76177dde5d6ec01842118171e2ba1b8
PWBE	PWBE-5031	cc89702dfd76941ed5dceb8eab2527098d115166c0b4190aafae4bd584a29961
PWBE	PWBE-5032	48dfefa5e99ea55c2b83a279dc175f6fa97de82915d31c1676988f9d3965fd77
PWBE	PWBE-5033	2e1f7bead5a65f1971d48fe821a9ba6676b9b80dda5f2a5bcb5ef2b176fb4cad
PWBE	PWBE-5034	d4868a3598bd4689345b4e08a4be8051d1ab3e171b9e446799b9514865c14fcb
PWBE	PWBE-5035	ea93212fce9a60e514975ce67020a87c72ddd00b850e9f486ed39821afe2affa
PWBE	PWBE-5036	a7482943380e36e267827ceff24bd0a0f59a3a2bde14acffe25fb61cc8017cd9
PWBE	PWBE-5038	717e95bad210f269257fc07f425bc2aa45f82572f1400fc9d61a713f983a329e
PWBE	PWBE-5039	33fcad852f784152dc7f45c896b6e525cd2be7d42b609c21e3b9eb6b36dfd18c
PWBE	PWBE-5040	241af84082934d9f061feaf1b4fc52d084e291ab6a0297a7744df7ec9f455f32
PWBE	PWBE-5041	f96701f8661a909932bd6da95b27111e9de13981dd092d0a329c8f9e6553adc3
PWBE	PWBE-5042	f78c8d65c7932414b85864b5091e525e5be4c07bcfa88d1a695f28c949088769
PWBE	PWBE-5044	fd1ea29989bb56ea59b51a9b355812ab3dad3c596d592340fc57e3cb8673da1f
PWBE	PWBE-5045	e18fba6435ed77fdf0ea4395237380cddc5a7b4eb5a58d607977164b0df5213e
PWBE	PWBE-5046	256e2b322598bc7539a7d403bc0f4b9a24c02ad87297e8e26bd9d254bc57dcc5
PWBE	PWBE-5056	97f1b96e4bb1848147725ca14ce775836091b1d3528f9336d10d81a160f33aaf
PWBE	PWBE-5057	ac64f07354ac42b2863794a85ed38bc05fa3fdbbd348a33bfce2acdd49ce5f34
PWBE	PWBE-5058	8fec376160a910201ec84b05c017c6f5b27ee69dc107dc73001d4d1811531802
PWBE	PWBE-5059	3b0f39c318103ae3b8275a81c7d14bb5a6881f5faa466723cba3759f045f9888
PWBE	PWBE-5060	d711b146c06efe8f066c4c274d30d837267c219a55489dbe648658f302728ce0
PWBE	PWBE-5061	2308cb1406eb5dd8efbe32b1dbdaafaee836b204d4ee95d681a03404d3779950
PWBE	PWBE-5062	240143473f3607147bacf4da44a55409b15b7ae477ca2285bcd16afa30e4d66c
PWBE	PWBE-5072	e0f465b63db8890d70bc8e716cfb753a84e8bf665f6ba2edcfe0fb069dce14fc
PWBE	PWBE-5073	a187e454597663e325f5fed87aefd9d01816d3f9c53f59c4fb5b629679a1106b
PWBE	PWBE-5074	13223bdb658614f5a9eaa4db56a4bc0a93f1d6502ec10b82edd0dfc908b16360
PWBE	PWBE-5075	a815107abb0d9db1159c500c2285562a484a72ae1ef4d1292985472dbc844ce4
PWBE	PWBE-5076	e4d266d0c2393966cd3bb47b775f0ee646a2ffd798b9205e89cd1936d0f49268
PWBE	PWBE-5077	e906432f48716f92b7d97288be0cb6b7e511ed8cab8e0dfa2ac7fe5c50398606
PWBE	PWBE-5078	d80fd2466f4c966d794ff003ea6aafd450d450d0e00a0e8efd85c7bd24534dee
PWBE	PWBE-5089	087841dfa06ca49e5dc39f47a654d7a5e14bbc2d88fd274dd8d1ade5bf15d79f
PWBE	PWBE-5090	98d8ce934d7001cfc5f47a099d6df635ce03b8376410b6a1c7cbeb66cb90d600
PWBE	PWBE-5100	38ff8cc89c33d9acb549b424ab54f60bd27ca3dd5da5970cb458191ee0342d36
PWBE	PWBE-5101	54b5301f1e76d128d8e9d78df4046297aba8ed609bffa7da065d4a5248a85335
PWBE	PWBE-5112	32d825856631b64c3949409aaa682eaa4278271ccdab2aeffeef1a1d0fb794ae
PWBE	PWBE-5113	eb66c415009f146694f97f88500b7ee3d6c385a3363694ce0adad6cdebed81e7
PWBE	PWBE-5114	8c749ed8f68db86599f4b658de5d851ffe28435afb12b858a8117e5f20668fde
PWBE	PWBE-5115	8d970abd9c79ec17582789427155a41e3310279ca935d5d390999b65422f2f7b
PWBE	PWBE-5116	a733f46ccae989a263353f5ced8aec45eb5e3459ed0dc11f88abe89a90fe457b
PWBE	PWBE-5120	15d3d25379f7b858c244172ae536e365c76f4f86e42d71f0d44d6bdbcc2f5355
PWBE	PWBE-5125	b15d14ebd0bf3e5b86307fb7efba41bab0f43f999a023c2b79c695c4a0b88f54
PWBE	PWBE-5126	9dc27bba9aee7879ab4b15a477a930dbe745925a8fa9c74c651dd1c204a2b6e7
PWBE	PWBE-5127	fd7e81344f6c656f4f2f1d9181806c136fd9f4f4948e23943ac6f2e3343d62c0
PWBE	PWBE-5128	72478f7a24ab02db4762e4fc2dd441c20f1a6097de75ba22432cc59d4ff3eac4
PWBE	PWBE-5129	20a8de190d9a45dcb05c07e702f0148c9dbc3a2dfc2b5f5d2dd9db81734c18bc
PWBE	PWBE-5130	799d0b02669f19e22491c9e40a05c05d274608f90024adf2e156b1d1a1f2f010
PWBE	PWBE-5131	20479001a821197dfc1a6d03d3e865feaba0b87147ae35b454acd143c4efb013
PWBE	PWBE-5132	39447d6fa0d8fbd2c35143dba22686329f7e0012532b6bab1dc8c1d28f5814cd
PWBE	PWBE-5133	1098e39ba3dfc2a712bbb314e10547122294c1d554974e7edb30808c114b4f5b
PWBE	PWBE-5134	7822c60294a758a8084c597b358c7d6e90a2f32e95ef67897a3fa841ee0c4053
PWBE	PWBE-5140	2338ce66be6a67389cce8bd32c647756045af2f3563b71028f2d902bd1f274f2
PWBE	PWBE-5141	ac567824ff26e6c361b53f5643ac94ce4349dfaef06f771d7cec3bd354417c23
PWBE	PWBE-5142	0f5fc8e6cc9d38d08950ea0f644446793d84c380ebcce531bf9bd9550dfe42ab
PWBE	PWBE-5143	100cd4b72ff3f5f3db26465b917ff2cb440bd4f8d73647cd0b9fcd177c2543c5
PWBE	PWBE-5144	6e34be2e96853d3c22fae0cbf879546e051f60792763a32ec87142aac67e213e
PWBE	PWBE-5145	6b0b730ea69e61ddb02e2867ff19737ad469f5ccb378e28aa9440bd8c1d2698a
PWBE	PWBE-5146	81c4f2c89472c632f6ba9f5cb78c25eef2d06fcdf7a1105e6fc0aec84c378562
PWBE	PWBE-5149	adb28ce5a38f1086b5076a20947fe6d9ac332c496c15d0c23ef3b0b109614a30
PWBE	PWBE-5152	7c6091e40a425f495ad147b4db6f86ea6c67ea2c485e85d6c1b292ad5fb7c858
PWBE	PWBE-5153	8f2a802dd53978180b2b719d84468a16349c2229885ce5c045bc5056d15e718d
PWBE	PWBE-5154	f91c935f6acf4bc70417254e22e713e5d7ade3a3cbcbb40f835e5641a1f6b4f2
PWBE	PWBE-5155	b3874100a730653215e7f1b467173b72fecea242d2e57ed1714f9905ead6d5b3
PWBE	PWBE-5161	3eb67740d8fea61d442207495b85fc71c0d8badd99be8ac283b0ee1ef454cd9c
PWBE	PWBE-5162	38753f07bbfad3b72fc1af327604f4b36860aaf87656e3be21e61d9648c96048
PWBE	PWBE-5163	079cffd4003ea874172f924350114001d37fe5a08e6b0aa4c1678ec146b9ba95
PWBE	PWBE-5165	f9dd1aa11c7b8f71fb2315039ddb9093fa7fcf1ec3badab0a9d749d71101361c
PWBE	PWBE-5166	e746f201ee88f43f49b8379b5f8239b5ced72eb17f2f5f6a02e79b3e50d05acf
PWBE	PWBE-5167	ee85e347d472fddf3f4667d468aca06b4b37812b6f9957f7771f765c643f3b03
PWBE	PWBE-5168	1f52a7495db393ecef4a2b1aefddca48475d03a1844c8c21ce74f67bee6547ab
PWBE	PWBE-5169	41cf878bc09713fe0e963e805025e133183ea7fdda3adfb8168f75f5e926145a
PWBE	PWBE-5170	254516ba471da0a32814ef2ba3f4ad040f0c83fdd8b236f934256022bcf1fed1
PWBE	PWBE-5171	97798fc6db06818fef05b03f01ca8d9b9784722264b8c17445500d6ec9ac7eb5
PWBE	PWBE-5172	e3413a6a0781cb0c208e82c2fd4eb42f4a942585cab2c2743633a9b51f222cf5
PWBE	PWBE-5173	13de0707dc3709f4e09845981168dea50f71b58f1ff9ba3063df4ab3d7f46a78
PWBE	PWBE-5174	0e4536c832e4d81dfef8e2c80982d7d8f70a089a751e1512b62b5320cb866c97
PWBE	PWBE-5175	277f701dee0444b803bc53c6954a06d7afd69b9fe3cdf5f67ff9fe72b851b518
PWBE	PWBE-5176	176620b72644eaf10767727f5dd27de58113f4fa5036dbad9c8bd0fff8e6fc05
PWBE	PWBE-5177	a170de391fc4d5f669584cbbf4851078c126a9ea0e6c2d72f9c26ae7b2cafd3f
PWBE	PWBE-5178	ff3e48cd5acbf541c6320920ac510fbc0d2ba7482cf3bea8374b2c7ae0d69168
PWBE	PWBE-5179	6978e14e0ce418a396373fb198181fddae916fb9ae8ec8f63f41d3f827e65e56
PWBE	PWBE-5180	a10fad6c0ddd3604e6d1628160fe209e4a95a850d984f20689737ec157e5fbd4
PWBE	PWBE-5181	3fe2114047f60e2632f74be55881a4f4fb38bc51799c9069a4a95a01b9c29d26
PWBE	PWBE-5182	c5b268c957b85800957e1edb957c30b439b054aa20124560a24d3cb3d43fec98
PWBE	PWBE-5183	20c8e5f34155fbcf66fe23f228963e056fb1ac38e272b21ec8ef72487e7455d1
PWBE	PWBE-5184	1f175c630aae144370fd5f443896e7a8fcec5afc82ef4e33612555e62463702a
PWBE	PWBE-5185	cccf82c02b32482f473eb7d7fdf98630e54a22d344a43bb49b2d2ebac2e5e738
PWBE	PWBE-5186	daf38b8d04c6edbbc2657fb14f941f476469a93a717100586bf45976e9724f44
PWBE	PWBE-5187	c0a2fb5cc0aa3bac93f8191e6cea42810bf0210196dc03360ac5b9b8333274f8
PWBE	PWBE-5188	3ce1b4f50b97a7b1fe4436f2dc47d2046e901373267016139c11b7c8acdeb17c
PWBE	PWBE-5189	2fe0a012f594fc95923487be0ab4db87ed2b39d5799308bba089b1a133eedde6
PWBE	PWBE-5190	6476a9d0840baf6c22c4a7ce986519bb32bed4a4a22cf31a1d26ddef1f064128
PWBE	PWBE-5191	cd6b1f71480e010a79cf805851b7cd95e20734699ab9b5307b782dbce1639e9f
PWBE	PWBE-5192	ae090f3f08a19e5fa721e169679bacaef7b9ed11b9c3665737e5a419a1b3c2dd
PWBE	PWBE-5193	edcd6906faab7a6484c1d4815836097f40eec778e977bb51b4ac55735c8ef0fc
PWBE	PWBE-5194	446d8cc8c42f616a9481480bd319f3eeedd75e4ed0bb747a321978fb25a7301e
PWBE	PWBE-5197	7ce3fcc98b15e1f3b899ab48f260205281cd70ffbacf8a91c1c49e2798333ce6
PWBE	PWBE-5229	c8d7c1d70a02a9449b44760ab0b9090e2ca5698837710a1d3db6c1101c55fc9d
PWBE	PWBE-5282	657fbe021c13b084b966ab3347e59cab11c1332548acd852f2ac5800cae6ebaa
PWBE	PWBE-5283	01c440b5cd1b328124994f045c8258a2525d86b386668e1c1ce0a1430a776e79
PWBE	PWBE-5284	8da257b481a724805c19e6bbbe9078dee03b40b8cc346d62a6ea8e5872f3b181
PWBE	PWBE-5285	620b3845ce3eeb4938fbc28bcdc35dd4a6dc5e8d03388b1cd46fe45579801236
PWBE	PWBE-5286	46894c20dc630d28e93bcd4622bff3b534b8ad1a2a101b0792d64c94f9e08197
PWBE	PWBE-5287	dc92834d535bd7a30bca9abea6ea7dd8610ff6f5a96390dcabfd6553477b9240
PWBE	PWBE-5288	cd28ef7b1449bbbee06739be694aed6d76e6963ed29bb33ebcb97f864509fd8f
PWBE	PWBE-5289	0348a70a755f5ab6919fb77a14f81b58dc892faffe9dcedd0eab9490efb2b3d0
PWBE	PWBE-5290	fb10ae89ddd63d2cfae64501a1cea16d5d436a16473ff000c51307bfbf21c2cf
PWBE	PWBE-5291	6cb29c75eefb953342a41ebd60566522c8d5755a8a72e62d5ec190ccd0738f6b
PWBE	PWBE-5292	66c4e5a02add01fab83a0cc3240031f73088f94556dafd11080dc64dd91dec23
PWBE	PWBE-5293	d6e8d560a0b31e8d46139b7f3b973ffc7b4a69b786f3a4427463b9e9d79ce43a
PWBE	PWBE-5294	842d5f32ebaa42cb014b5c8da27808aabb3cae00b02d414b9f4fc6058e9dd03b
PWBE	PWBE-5295	eca6f20c981a94f60d605d98ad074020af3aa7b25a7eff270a2917284cb8d91b
PWBE	PWBE-5296	42a44a9a09bbc86c388ccc70aeb524113c98ec483e1948d131087df2dcb26e74
PWBE	PWBE-5297	0d592fbc7fe6b1402ef3289fd4c2fdb8fcfee4ccb5d153101bcefb8e449aee26
PWBE	PWBE-5298	ddcbfdc1fe9830d4cce3a334be0ce2e069144df6b7a52802317b28874af06797
PWBE	PWBE-5299	9192ca603088be7bf610ae64fe5894f3d91ec2e4de36365b22c6493723763f43
PWBE	PWBE-5300	4ac7909d0b28c5c63dfba648da6dd542a8ba07d55c0a0752fa4d542f8dbb5d84
PWBE	PWBE-5301	605beeedfb8c5c783946ba1abc2119c55e2b10425d032dea037d30d4b57765a2
PWBE	PWBE-5302	42149339d2a654557b2d41a0d22beff5cdc9bcd6c59eccfbdec645aaf3d88c91
PWBE	PWBE-5303	d9ca466ec02440d28774eec381b4b228c083704b8220a05747a06305cf2aaa08
PWBE	PWBE-5304	deea4a665b490a0af5f6a24d4f06e7287f554537996d534d3ebc075222cdee62
PWBE	PWBE-5305	dfc205f7309e1b8a389e8e8b52c3059ebf668231a502d1d24dd0fda3010783d0
PWBE	PWBE-5306	c9f5e8ace5b3a90534d49db5f138940acaac484aa0ba6a384d47089bf0fb0ebf
PWBE	PWBE-5307	fc61d83f1f5d7d044ca3a17f5a1def8d55fbe768a074c670a58d902661173c41
PWBE	PWBE-5308	fe9a7695f86c3154a7626f6c7c805b85207d7b2f8959104a246aa258cd5dffbb
PWBE	PWBE-5309	de3bc39d438d297f7bdd4800b4353ad30a8481271eec62a9a78a0a66fb8d97e4
PWBE	PWBE-5310	3e09c0f499eb19603b404ca0ab27ec7c3bf733582b8d3bfc76c641cea6e401ea
PWBE	PWBE-5311	0074fae87049c31c7797dd7b2abfc39e8ccbd70a8cc616e70351d0f410ed6bd1
PWBE	PWBE-5312	f98fd8a66b32fe4c6a7f4651dfeae6f8764b71f3cd6699885ff099dfb7d28abe
PWBE	PWBE-5313	00c445cbadc73a1bfa36f6064098feacbe35039f090d9ccf19b88d73b9a0eb80
PWBE	PWBE-5314	49abe3341d8d4d6f7f775d1ab949b5c6d8c5e2440f92baaf3884b8c485fc719a
PWBE	PWBE-5315	5938df741ec4933d463111c0eff2a6c127a2376d5d20c9da8eb059b6dee3f625
PWBE	PWBE-5316	d14767e8fa9f2410ef07f0b350fb2901f8fa61011480f03a7b11a624579177c8
PWBE	PWBE-5317	685783320445c076c82d0f87638048d183248b4ebae27da3d59927fb7a450570
PWBE	PWBE-5318	d8b511f6fc6fb86a2a7c92ca3b65726dadafe02333b8edba16c08ece62d87066
PWBE	PWBE-5319	2b2d620c831144ebb41468f5204c5b76d6d2db4872fcc26c5e00d4c4ec1e2d00
PWBE	PWBE-5320	a94969c0a8d971bc6f9767c49c183be2d6cf53b2c02c52f73adb4ef2b125dd08
PWBE	PWBE-5321	96323ba56705aae022ba909f7c02bc4854dd564f921b92eb3920dc9344a8c76c
PWBE	PWBE-5322	d9607cd88d5e96b852bb2ea8c3b657b638143e04a72f18b66ff01429be74e1a4
PWBE	PWBE-5323	5576fea1d51dfe95c10e1bbbf8cd10b78552a06de2121e91c011abfb27e5ff9a
PWBE	PWBE-5324	d435064bf501bdfeb0ec0466c2ee9b2cd17f75b79736d6df3bd5b27d517b177c
PWBE	PWBE-5325	c3307b4037c89ba895d7979aab0bc596922c15539101d2a1357d722bb0ea9d59
PWBE	PWBE-5326	9892420db1e826f2816570644046b9dff6b78d61d4d7f89abf9ee4c7d4f4a8db
PWBE	PWBE-5327	abe1ee5224b6ff96a03d153de8eaabb7c66fa96d70a25d08ecbc335523e82482
PWBE	PWBE-5329	b1f5b317dddb63429732e25a4e4799d572455454bbb6b1b48a3716b3ebcc89e1
PWBE	PWBE-5330	6fec966d61a75cf8657fa44b875956e6445468a9ba6b753f5736abf7d6001d2a
PWBE	PWBE-5331	658c543927118f036246fdecd1e8dd014b98756480df424019839a0d69248fa8
PWBE	PWBE-5332	86e42d60c3a94e2b9d32396e537171656ef50528af7ab967000a09e226cdecc8
PWBE	PWBE-5352	79bd97686f43673db4cc67afca77c8bfb0c0a8747d77b1e50a88a7952ae6f082
PWBE	PWBE-5354	d2992d4dcd0b3a8518134f76cd89c022c2dccbb950d4e075114ddd20150a815e
PWBE	PWBE-5357	85bf94ba18738ff95bbbc82c52de9ca65640c79245bd335e34d04a5a48d17a69
PWBE	PWBE-5358	f9bbe3793a20863385b60c5f7e8c78d4aa400469f160acbe378a2f303c0c2624
PWBE	PWBE-5362	8aa77f3ccbfb6ac993301ac40c6163f1f28d6efb52afd679fd49c0ff16ab01ee
PWBE	PWBE-5363	c4728e3ecc3eed0d9db42dc0876b682503dfd832acb7635f5e11a0766e1234a9
PWBE	PWBE-5364	ad2c866c1bdef75d4120f9240cb74c4263ebe4996bf668dfdc25934abeb48134
PWBE	PWBE-5367	553ad4d95f1d4c7180ba9ab10d1aa08af600891ff9460d34e375065a2a8bc758
PWBE	PWBE-5368	0b903e29fcf86cdb2483d674dea8102e5addec1eee96ce3162b5ccadb7619aa0
PWBE	PWBE-5369	428a3fbe2aa76c1f0c388cfe28122f121c7bfe81e8a7c4b234909d207a430677
PWBE	PWBE-5370	de1b487ef4d5e42ef61fd02927f0ed80c5eb85adff8c6a72513ceadc151b6ca0
PWBE	PWBE-5371	aecf012060563bfcaa750f2adf14886cd21c5fa29be77ce22fb2a6b3cae08a58
PWBE	PWBE-5372	b5aa010bc1a2ae03dd82925955eb7e83213510d48dd22816a9b9b63cbc5715f1
PWBE	PWBE-5373	41804198d2e314c32eba746a15f28a535f2b8a6e4ec099355a52fdda17fa0b75
PWBE	PWBE-5374	5583b358e0b52026b1f8757b2a67a9a4c904c35124aeb1ef924cd8329c907661
PWBE	PWBE-5375	3e8abf25e475d0bba443b55c8f4af20ee957cac49390d9d1e7821867cfec9ce6
PWBE	PWBE-5376	4eea60bf35cc2e65384ea1961f0b1665ea418f738497d3a6ca64f045441beb11
PWBE	PWBE-5377	4e641cc528b297bf0ba98b3f32f5e6a81515fc5e57a0f614e98f3b8377546c9f
PWBE	PWBE-5378	2eebebf202cbb0803674f8ece47493fc1d104bab862d6eba6f8b8d3013e5de46
PWBE	PWBE-5388	9af33e5455714d65937ea3919224644140573d6260f5cdaf2ceba4243ec497f0
PWBE	PWBE-5389	085cf1e814ded9156ace6b0223367af3527f9eaf9cacf93a8e05694e0241f8a8
PWBE	PWBE-5390	8569a5ee44d6405915e805ad4c4ec924fa9b936314c2fd77dcc99aa0dcaeba83
PWBE	PWBE-5391	772704d16bf88606b82dd430c28d8069df5ed67a2f58c67037144e7cdd4141ae
PWBE	PWBE-5392	9048cfb03f3df042d713f6f7b94a80da6aa730f8d4ba075a02d3442b8605b035
PWBE	PWBE-5393	24f7dd433c309ba871caaa1cab13a1d5a414d220dd02c4e947308871d80322c7
PWBE	PWBE-5394	4493f6eb21c08d219409e88c8f8e4d11d12b820cdcd773c5c9359fcd8171844e
PWBE	PWBE-5395	a9daf4d7b87b43c44da410c01ba1b6c9e2fb8ffc670a5b3fc3fd494f6940c4cc
PWBE	PWBE-5396	b850e3b13abbf5e28a2e767013ed22461650d3824e15313500cb90a3c1699945
PWBE	PWBE-5397	9ea0efa90c87229603b2b213c9f8f87a4ba2005d675af0c6c8df123299975f12
PWBE	PWBE-5398	cf4f34700700458d24353099f41b61b851d98ea12bc03e139fbf4fe9a654f847
PWBE	PWBE-5399	d297517ed40b0b450a2bb8aba94b60964ede708c1124b5d5bbd3f0b61b090694
PWBE	PWBE-5400	408730e4396b4549870c30df0f2d16044ec2ff569c002522b1780ede4279899f
PWBE	PWBE-5401	4019fbaacde9dd18be62d052632a4b392164a59116b2b6a185e6200598faed65
PWBE	PWBE-5402	7e6d50911ff7ddb09e16752367f4af663a26862d24410175bda37298bca72eda
PWBE	PWBE-5403	6d31062f36dc42908dd5d2137e40bbd5786fea675bc435d3d5e12617e776917b
PWBE	PWBE-5404	67f43b93cc9a1249474f44e41d98f2e162f1a187d0a50937bb692dc5c5918832
PWBE	PWBE-5405	3aa53a0183e5f42a3d1ad134420349e8f425f93acd608fa538fe75166c6d8053
PWBE	PWBE-5406	006f4a875ff30a5dea38f1d2b1cb877a0fd8ae696f496e7b4e03bdb88d346b89
PWBE	PWBE-5407	7fca8b17ae58ddbaa6bb3b679b4073f6291b847ae11520d2450443aaf227fa04
PWBE	PWBE-5408	154839db128d76a95f8942e9f61fa617fb0fddf0121cb9dfeea648d13551c204
PWBE	PWBE-5409	946853e6065138fc144db21ce05fb467b480cf226d47c49e440bb1c0866df82d
PWBE	PWBE-5410	8858107fb05fc2bab5ffd3dd08a51ce5437d34883b177d5ad91d0ea769c47236
PWBE	PWBE-5411	d339cc7181cb899953870b617617541757de97214d6868ea53ea5987b719e9ce
PWBE	PWBE-5412	9ce9bf36dee899afc5c532811d5828f6af951ee90622bd9324e4cc063131137a
PWBE	PWBE-5413	940189ccd7af9026c4ddb8bcb0c750733af222c0a91e07dcf323d85210492e04
PWBE	PWBE-5414	331da758d16d13b62cacf4eabd03091f9e32d4181f793efc5c2bdf94fe441033
PWBE	PWBE-5415	622eeef8c51a5122c7844633df11090ee8766c8f3ba82f431ab024f3db5daf24
PWBE	PWBE-5416	14e634fc52cf4a0d558d2cb130572b19fd65728cfff42decd786f3ee949ccbc1
PWBE	PWBE-5417	06032bf9acbccce5b69f89a1db7031d9967283c876bda37c4cf1d36bfbc04c8e
PWBE	PWBE-5418	0de70fa7f07f2eba1a1d4184f3f00ad5d112520e9379d1cfd752540b9e81da3f
PWBE	PWBE-5419	b364fd534c62114fdc0d92314085f8687077ce4493fe0ce4012624ae4d2a13e6
PWBE	PWBE-5420	40a546cc9834b2cebf3886d198765d628839fbe993c87ca277101278269ee587
PWBE	PWBE-5421	b3d0d5dbf1c84497bfaad6e4e13a0b71c9f0c4509933f2d6a3f2d26522e6b5f0
PWBE	PWBE-5422	f3dd1c9796442cebd85953827254820c424341ad694b5593841c6e875ce9ec62
PWBE	PWBE-5423	70174240b01dd04304c793b99d38843c54840ff73df3247a6ffbc5cc07c9c40a
PWBE	PWBE-5424	a7c6ca9f74b2daaf42dae9ec983702dd774e322ed5f0e3f1d22aa8edef73d2db
PWBE	PWBE-5425	c4e6a01fd5c11d61f5dc10c563b2d61a6a4e560cdef3193e6e80986fc2b0d545
PWBE	PWBE-5426	2333a255e97d1abfa9577f4046d9a5fab18f99402ba95f14a59fbe93225b1dd0
PWBE	PWBE-5427	82fdd104ec856b2480fcc5dec88d325f8ab370a7fb8e1c0ae27c8d186db6f7c5
PWBE	PWBE-5428	d0c269228038c64ced904b12401474bb842a96d56b379198d7d8ae6a977fe135
PWBE	PWBE-5429	833719526e719bfe156630e811ea4534f9f42e0a83a7e55f929821fa80c79f1b
PWBE	PWBE-5430	b2bc6c4da13e002422c42dd4bd369aea05f6b519f82f82edca7f088574d6be9c
PWBE	PWBE-5431	8f8176cc948fdc573d2a90473cfb554cfebae332265826513e96ae933f800b58
PWBE	PWBE-5432	550db06836f9946b8c01810e7758fee262a7c987798d7d0a4b2d52d29e3fd8a6
PWBE	PWBE-5433	a0a3aa555903da2523ec168cebb48a283cccc354d0d2a50e211f49a962daf3f5
PWBE	PWBE-5434	c20f49736995b1141624797a2898053df8e03f93764c5eca5b476a0392fe7604
PWBE	PWBE-5435	947f58421fa6848e593ab2ac2fb30210176084916ebe71cb18e28825ea853437
