FB	FB-580	57e9aecee4cd5abd4d108f81221e0186a0c76260048b0e673edd1f6179f8c608
FB	FB-581	37e4b44f6a82a70c2728e054eb0d4d220b93744981ac312e21341f18ec70d2b5
FB	FB-582	142fef9491d5592330c6c6ca1e31a274f786bbae2fc9d2cd2da0bf70dd4d0364
FB	FB-583	d22632a6b9ea6c327cec7f20930bdad253e3877c92dccfe036726dfc396480f0
FB	FB-584	cbcd0bcf8c22f0c7f2028184aaa11fc9e918a0de805fbf8419747b5ec2616f1f
FB	FB-585	3a863bf030bf6b4c825704957c50b854b1a0471f99cb611d8a397f4373641a81
FB	FB-586	ecb368b9a64c545a6a17372e00fc27e5a823e42c2a6079bb6b9cd3ab4312fdf9
FB	FB-587	8213f129752dbced99419a3e94088246ef41daa5a5af1e7cc3bd6e80edf7ca10
FB	FB-588	68ec86a1d8527317fd01628eac0614e57f617d934fc7bdb4b3750ddcb374c161
FB	FB-590	de0c99e28ffed66935de6573284e6ba549e7113dbd2bc792bcd87b5aa97b2c51
FB	FB-591	c48eb93a7e8e4d3c5e8c569400d6caab54d76d49c49d2007b7f26b4472483e73
FB	FB-597	23f33a6b2f10ec93d8e3301e649b75ec7128537daf050c708f331f4b4ae21050
FB	FB-599	92484cc60af41b4498233c884aa27f4a439c6431e77c76520c3e5dbb656bfcd2
FB	FB-600	520bf2a57e0b2a792f06b1070e34ce74b71dfcaefb90e5c70175c3133ec60bc4
FB	FB-601	10664d326c800868f7be25fc99240306f3b2fffa7e70bc0301a7edd3145a5653
FB	FB-602	ba87fe83628155b612c81fcef70b83a669fa27306ab6eb64e60d924452cddf4a
FB	FB-603	aed29f874ad524e58a7f5f578144a77fe2c3112ae693a28ac30a7c9c7389f1b6
FB	FB-604	56967f308806cec70f2a25f4828a34ebb8612760884115ac97ea46deb5a13e34
FB	FB-605	538fbf54e602ae3db2f3f83a7f9a74e9946adeeb14e24b57a8dcdeac99bcd7ac
FB	FB-606	47b4b6cb15ad8d31740057757fdc7568357522b98b0a5ab0a36265d6bd10f646
FB	FB-607	55b065f32885774707062e58b7c345dc28160d6e5109bf05a9cf13c7d1f646aa
FB	FB-618	7c6235bced61c2e05150b7cd18e62ddac7416a59c24368c3a64ff966b45abe25
FB	FB-619	664bc62dc748862223278641c0dbec47f8c989fe1320b87dc282014445deb8ed
FB	FB-620	2f62e1469182a48a0fb3c07e7430e007270a0a97ba82e9025db60d13b68aa12a
FB	FB-621	1f80e0548fec98c2a9d888b859483accc87f2d86b01da17a7ac119d31876f589
FB	FB-622	86bcaddff5836ba3be47fc0b4a08e06bf67eea2d35c4ca0f5ee55d8e1c12857a
FB	FB-623	19155b7d8a98c7400a80ee2c532a1dc2ed3d2a52d96680c13ac5c7ad2a3c8490
FB	FB-624	bfcf21afbd738be60d4a66733d616a99dd240d49b1cd480c24143a8844c7f5e3
FB	FB-625	973f8b621d8819582ee512ad0f5c0f3340ff7fe2b00e53257321c6ec913cd9f3
FB	FB-626	0a7b8fbf734510b9d0806d9aa73c98286353969d0b881faca67ca4dfe073e5b7
FB	FB-627	eacac24796bd99bf41be50babf16a3e0610a9ac6a6ea2ca37200ee725ab69cdf
FB	FB-628	31ab6721e300bc39de674f9b51e4646b9a357965e02c45f373e423e1b489c841
FB	FB-629	974436e95d2fa77f89b341d83d72cc4d1059faba704372e5cbf1f39762df0294
FB	FB-630	f356c5756d8cca54d2194ae0480c2c43ce72dba5ffc8768743a74dad821dc718
FB	FB-631	17f9465420ec8b162e51075a107d4783df4029bab80dee4902491a27a4d91954
FB	FB-632	c7f7340658245ae69f24a6d2d93913c6f47082ae157c8f30969d01d24c997f4b
FB	FB-633	64ff43c78af3ffef2feb4180d97328a0dce8b096af8e0800ed004617a3bb7dec
FB	FB-634	da833369f6ddbe6babc28ef9122c078e36b68258c1642fe252ee05d3eff527fa
FB	FB-635	7a1d7ceb1fe6d0a258bfaef8dd7b02b5dd3c07ce8fab9be79d8543e4f8b9e0ee
FB	FB-636	6449142932e7ce6f44de388f1229f5f2c4b8be69c2067765f0afd27d9bbed656
FB	FB-637	d01b385ead3de6a5f4f23bd9796c9caee6a240d8bd0c1acce83d64d562339629
FB	FB-638	33ddf1290e7eb46c5aab6242a1ab3e0399f86416b4bac5dd261ce143faba293b
FB	FB-639	3e3b0cca8b66430f4a74c0772ef71c8196d1579e3e52ceaa161de3b1974db7ed
FB	FB-640	505ab569e0ef55982ea27839b91d54c4d2c8e1f6a67a0c0561ae82c5b3c2c2fb
FB	FB-641	b835a8a67b28373bc98ee8e89668f7556e4f881fc20476bf03e65072acda4e6a
FB	FB-642	0eb8f4c62efaa5f2be0493e2df38894ae141a73d93671c75f5f743c3ef8332e9
FB	FB-643	bf2847f4c527a692a33a188afb5bffda7e0ff3dfc248a099870c79d079a288d2
FB	FB-644	e5ee5bf88a1353c996816df279215e004d4f017eacc05c46919f4cf31f8356e9
FB	FB-645	6dac7b39514104c6e5af01edf9acc700818fdecad89dcf6d96b216573ddb3ac0
FB	FB-646	aeb03ebb02467c80f58bdd1a8b9e11bdc95f5a52aa50ad5c56ac78bc6e373d2b
FB	FB-647	3d1802947aa2b2428a42ce2e641a63249ac1be6f8a7aa126abf47c64007ba28e
FB	FB-666	23150600042db53526fc38cbbfd142becb6736968a921c120df6ea8dd8587bba
FB	FB-667	6007a386f72b249cf0a764381d3690a6f07b53d628c5882e18cd843f3e82af0f
FB	FB-668	fd49c206cfb0821638dec0e1d0642938f94a421ec44c879d044192c1c0f75c3c
FB	FB-669	07ba78ec022fd3dfd8e5b853b255fd7a5436f3a9d43a3c3e1194a5cabb042823
FB	FB-670	fe8e1bf8d2783146cb10265123bbe4a15b855a519345fb11f3f6922eaa99fc7c
FB	FB-671	ec0a41d005a1e2f753cbc7546c6c561fe93d82a341d4a6a87aaaa5b45381404a
FB	FB-672	afed5f27e831b7f0077059cd0cde06e60bf9a239c91ecafe714ab3fced359a05
FB	FB-673	c72b09da9063853d3382da97aff228ff3168d72f31619b2394aa2b539e2e37a1
FB	FB-674	fd94c6ea2cb42e9655680c4f10a7129e80ca097eb44963cc146befa5ca32d714
FB	FB-675	7f0cd2e9e1b72fd3d7bb2e97f7c0534046d9b6179f1fd45545df002756927207
FB	FB-676	208e95b7b8bf05e757a8f2243c43eafc906d5858b49259cc01692db285280e2a
FB	FB-677	5b0d4e0538b41bf531f91be5bf53296320cb34e48145302287c961c9098e244d
FB	FB-678	08f64aee42cf4d66a3e908b8dd815995c62462c8fbff2048ad1d6af878921617
FB	FB-679	073ad798ec61f86edcd47e8bc201feb3ad6bd17194cdb056a38ad08c1fbcc38b
FB	FB-680	d75b3ffb1a1e530eaaa6fd89d692d0c3d37235f7d2529af513a72f27146fcaf6
FB	FB-681	e19f82c24ec3cb181f77fd9dfd2202a5b04b2f0864ffad1e7ed5fc2772f086dc
FB	FB-682	4b6d66aa8622edab4ba4a33cdc51adf1b6f602509c9fd7fdc97d6ab0d9c92214
FB	FB-683	8ae43afc0536b9269f3e84efe47717b08598e0db06985d1d34085b296a5ae035
FB	FB-684	ee17fb1e59879324b3e4cdcea2bb1d55b5b0ca2065844e22fac003b0f04ed5c0
FB	FB-685	00770f2649e58c80c4e0e9edc05abf034ed4c0d4a0178648d43ff671d12abb79
FB	FB-686	a778f121583411db34b11b16ea42d58329200e48418e53f9e47cfb92d2f60a7a
FB	FB-687	4de85c0708fbee39cfdec063ee21ff9c00e08da629bef7a79254ab419eb61e1d
FB	FB-688	5e1874960141f9ab7e3eadf5b2054e90fe0fde41598182529f3c961252fe1475
FB	FB-689	95f3fbecc3c0395884170b6a2eac2074d907193523f3eb20128cb8119b884876
FB	FB-690	cfdaa574331eb45be17760801fd66448ed7977e54015413ef854fc9b30b07cba
FB	FB-691	2389c798f1caceaafd69e36e54ebfb5cac04f9dd54ba851b243166687dbc3d26
FB	FB-692	1ffaf72d8b7edc6ecfbb7a87d69d1b5b9db2b13ac6efc52a6dc49e8f170a654b
FB	FB-693	f3704b69ad48a13135ca30adb642d768a35a4d64088b752219fd25331de49564
FB	FB-694	da92a704be8d01b7702994e7c0a0fa293c8af67a52f3b7f4e657331fa4b124f4
FB	FB-695	528f31cbb2c901fb1210f932df22c6e3466b054e332f0b52f16c954798b3b011
FB	FB-696	05f183477d422acd895b7b2ab1e496cedc390b7b1688356d864d9311ef9b2c7c
FB	FB-697	6853e80951ffdd7809de25ff3ea374915e85f38faba0e807ca3546a818034f82
FB	FB-698	ad4535bad56197041760d283d9a69a1e02b3a112fcae7838056701202b8438a9
FB	FB-699	12d896df764d031c04f499f81c08fc6f4e03b6098db4b012823dd5c73e98c76f
FB	FB-700	566383fb6511dafefb7eccd4c6e4e9bfa6e9ab837eac50644fa162d23073e622
FB	FB-701	36559f6750cd1d60aef5dd730890444e20b45c222713316fa2a36fc9826671cf
FB	FB-702	923e06d466bf2fb5b703009d6c5d40900b88db5a66a51734bd729aac66ae606c
FB	FB-703	22dd9523753fa96506b2ab47811cf9f8a0e97bfcca048d597b666e5f95d49b38
FB	FB-704	118e2b2becbcb8eb23f4e27d267ef07972c6d67114ed3430d1d9cd3a7b2b7957
FB	FB-705	084e8f46a2b5fe9724e6c3c8847e01b3f26a17d31132b6441740a462f192e4f4
FB	FB-706	51804e9a7e1311365f86d5a6d45c9b6fa6152bc5619d83b585f03b8e4eba2898
FB	FB-707	1316d6da994fae7ec79f0cd29fb1cac4339a850ea205b04c8eb6005302d0f5b4
FB	FB-708	dde5199f68f857d5a0bd8fa638a347dc81226e665ba9c82bd2513b5c6a616e46
FB	FB-709	81a0885e028c99480dd82c8e3dd58f6d54db07d7d9bcb51f8f3dd3bb5b797d05
FB	FB-710	49dedaf8d61830ac8c1d03f4e5b0fa817d0ab687860b6d823f8d081ad493fa6f
FB	FB-711	09bac174f14a78f5e71822578f386629f96cb043b85163daa43f7a212f522155
FB	FB-712	75ddcd2fb5ae0fc83906744e8a2e6e14031a6ea21ce509f834f62a30ad3aadec
FB	FB-713	6124382667079e3e04fa33b8bb47805d30ca94da0a689189bd53236db9331305
FB	FB-714	b3f06788a16e6ceaa2ef15cc9d8f5d1a1e300cb595131f906c06cd7e27f97dd6
FB	FB-715	6c28994120efec7f87c417848166d60e0bb6f4c82467148e0a4213664416b4df
FB	FB-716	a378c544afe1a028d4b5ac38806eba0e5e0b1b50e6d58727eccf351dcc3615e4
FB	FB-717	fcf1f83179db704769e2531fde36b7cef20c75fe04fa4e9c4f4a36cd6c3e803e
FB	FB-718	587c498561bc64ea782736accff5d99c978f16458ce66f1fbfb23d99149268a7
FB	FB-719	e21ba7943273fe478e742c426ea6f566d21cd619ba3ef2e86e38336f36045424
FB	FB-720	03e6e885ee2321dafaf50e091d485d54493410912933e4fa414e711a735e2a79
FB	FB-721	55287c2f55a93a03a850feea476c874bbb7f8067655dc965a9abe286c9b510c0
FB	FB-722	bb83d8aa0ab0f17d7ad6557bd02847634c090107ee12fbe2379dace29022605f
FB	FB-724	a13996e45764324e4305f6cee73993d52fcfb71a57312382c296373af9d681e5
FB	FB-725	b2e87bce753584b3ad53345ae3a79d3c609c4149441ce84d6486d1fed517641c
FB	FB-726	f1f99a16d910b1019bd9457944cbb04315c240a93f7056e08289603e970d8c50
FB	FB-727	c348647bc8a4f0acd04f2f83ccbb37102ca478143a06dfd6cf1832411efd76b1
FB	FB-728	8821078b2d569ced881439bbf147bd228e8156542a0067f2698eee1123f69df6
FB	FB-729	217df8b845466991b2a40fee2bbddfb16a8a5bdbab97aaf458cd04eae8c9d556
FB	FB-730	5992fce4df945eb4db4af718175b005c38342efb537b68b4c3dbd2a24d40da37
FB	FB-731	22fa1bddfa531f874b55298341c4b0ef1468af9a413bfbb2903d685d2c0e0b1f
FB	FB-732	af7a13984a56d7ce3e2a0245655511ba8c8663521c8537b0ceb6018864e0178d
FB	FB-733	60bf50530e9e80e2a5752d7dc7014e9742f1768094ae217bb53444bc38ddd927
FB	FB-734	000ee4c52ea357412cc373315eab92bbdaf31769071a568422181bee168c01e9
FB	FB-735	273c114cd7cd77c51dc25429e9d6325995684d8f1b94a7eb6642a65662bd660d
FB	FB-736	3ad620af1e4d59f694565fb8e986eabb6ecb383258d0f9e5bfa9fd9dcdf1e287
FB	FB-737	07d8b224c78d9d6c65dcef82c62207ae77b8eb326a6e36e21f667d992353098f
FB	FB-738	8a8f513250ce9440430bb3ebf484e119fff920d18c11479026bf1f2f73dc9fe2
FB	FB-739	8cac6627a4f77391fec396cc26e84eddea25b67a645a5a8ab045ef4fe107a6f6
FB	FB-740	ae02eca810f30b17dee8898564ffb7e8832d94e2adf5395e8101623dc6fa55ef
FB	FB-741	d1c98ece98c1253b9eba30d41baaa59b62ce9382e86051d74eb6f360fc88d0b5
FB	FB-742	c9123f9cd3879e2728ffcdbdbe2a148c886778565fb9b5cf8571c0479f1df9a4
FB	FB-743	84d42d8e681ea263171c843bc65db92ba8840ba71c9d723b9eed492401cf7bb7
FB	FB-744	6661454dc3d8292a0959fceb791ec0aa0892e473b462854f15203908ce3bd459
FB	FB-745	f438700d25f1ae44f19396242359ec2cb7522c8bcafb585756c48fc7cee28fe6
FB	FB-746	1d6ecf9afc0d694f1059dc95fdf881f52168f46bbfe29f693f2548e4a37e5348
FB	FB-747	97670c05dd807bbe6c8ba9462079f7dddf8b92d4948d840e16b4b2b962d95695
FB	FB-748	7c1f526993e6e830d1fbc1fb7d55894b7e7e7171612e6ee42857be7a7ee4c25b
FB	FB-749	8b83a588e69add181c39e6a747435a4b28f9ae650e3a6e6b05d85f2b8a5e2979
FB	FB-750	5bbd3a33fcf50308f1e032f96edabbb54c3a82629070453ca03f2ea708fa5477
FB	FB-751	010140b1648fbff68d9dae6c7aaa863994381e1278b4b8def4b1f05e7dfbba1c
FB	FB-752	f1a9f1c4b850c916aff21228eec1931ff9e7060cf01b016de13c5f09268465c1
FB	FB-753	1ab23f70ca3a045fdfc625885b234505d11ca6d21b5e6fe9ddf351bf171a57f2
FB	FB-754	e09f2683c0f6af29a396b6c366c13d8c4ece0fb58deb9e74be24cfe878693b9a
FB	FB-755	2cec364cd883d087914795129c975ccd9791437f484a970b44a15ee270fca02a
FB	FB-756	f9df7f1f0cf9d7a98b9cd32d35f1330be6b0fbe03bf3036883f0dac32fae7d1b
FB	FB-757	ae7a16146e32bc0a938621610715348f0ef272a667d3114d47a025fe712a8d73
FB	FB-758	5ec76613ac7ad8f59baa3848e48384ca3c1ffd5056e98e473f504ca1761d0394
FB	FB-759	1b6f86df82a2bcf7cb1734e32cf9475f09d93ae6b93f4f85539e1fabc4d4681d
FB	FB-760	ae95c423f0a552ab137258715293ab100f11c0c6f93ce1a3e1fd720004dd01cb
FB	FB-761	35e21e2c1b4342147e83d88ea06ee789d97dd02adf341f37d7b7573344ca43e3
FB	FB-762	d7962c21c7dd494dbd6ca43eb286392c0d2306d65ba51a70dacb18e77863af0c
FB	FB-763	e91a38f78385eec97414c9733201586479f2c5587d936748368d60c3beb1e0ff
FB	FB-764	7bae39ced126f50e879fe427a1578948717cd86e4e16b4a469d607ea8be4228c
FB	FB-765	f2bbb3b3843bd999b88926064e89e7d1731f0aeca26e7483a2e8961229ea16fd
FB	FB-766	c5b4ba24a7788955a1fccbb397619aa467ef6c62724dcb2b3073c40b05d8bdc9
FB	FB-767	3e2c7b437f826c5d5f36d8f20adfe2d534d96f48893cf13054952b8b427b8e5b
FB	FB-768	f776610dfd559aef8f53aadd1cc84d846fbfd4f66efb1e35284c073cf4a88888
FB	FB-769	c0449c029dde1245d8307707971622b0a67c17c020e5ff224b9c0b337aa4e3e0
FB	FB-771	719dcd845ed40641bb96ec9be4c3091e6703f1e21729408ab9344a17489bdf60
FB	FB-772	8b322d252a651102c043e489fb1f1c87c1b938df9c1f1ff5a79bc11f8dd7ebfd
FB	FB-773	5e38c84bf6bb106e0edf3dd87232a396aac5d85bb7e84c1f2e063db95f9177f2
FB	FB-774	04ddcf294a84c11647aef176b6696e5d101df690b94fbad9c58c88805c7e104b
FB	FB-776	4f53a0922c5222a1581254f2dc61fa18ca7da3adb99b2e64930a3d141c0b023a
FB	FB-777	cec638af9c1a65b35f6fa7d062aaf3da0101dc16446f0c8dacc693d033690be5
FB	FB-778	00a230b6ffe19a2acfbd26895c90a42045f9aa7440f294b126946a6bfde76d0b
FB	FB-779	eca1fc9c8a62ab5459a84de94a6dc5b2f5b7c609cca2a122df0c760295a4f8d6
FB	FB-780	5b95b3cf0bf4ea8d1a80e35bcd8df42e60accdb1305017bf14d25b1a797282f1
FB	FB-781	f66e1099edbdb23c2f18cb0be9d09d5350efe743ddbed9f312a0e075b75f8b25
FB	FB-782	2098a670db67323b9a67be90cda57e0b4a92b45bdc6c440fb84f80682e8283f2
FB	FB-783	e53de7e5c48c82f8588a5309459fac659339ebfd70356c3e10ed5b0eb0831fb0
FB	FB-784	4d1918e55dd3d1ef0b29347f0fbfc71dbbbdfec834801163957efbb269ede71b
FB	FB-785	3bbfc3ef0dc53e50fc8e076682861403ab074e93d2a490da32362dab7bcf9843
FB	FB-786	7402cdc54b997642f5982c7ff7f353d8af39dc8649f881c800b3bd0d11a84858
FB	FB-787	f2a21e1242b35000f0abff4727cd8b0236af06fca6ba21bf94d418973a56cf76
FB	FB-788	46750b23a435f20cf361999bfd1e9df3dfbf2f649969517bd791380b1ab8b442
FB	FB-789	08fd040116245bdb8f315ea5a8296d7eba9936a067c97f28d42f8576cb269ae1
FB	FB-790	a794757478bce95693b1092cfdc9bae892beb3017ec9b31718cb87c7f6556392
FB	FB-791	d6d5a6e3b702f0d8a9a8d133d6efd4f6ee53f8dddef0f349e78142bfc3ee3d03
FB	FB-792	bfed602cc31bd82aee4f21478e819346aea26cc52c4871dfeeb0e15652437fb2
FB	FB-793	17b695a138a1e04e974642b77b9d73f4c58900be44ff1049fdc41ad831c92ea5
FB	FB-794	44c5309afefc1d06f7b81a46236994ce824289c0e5de7b3d6427facde83ba4d3
FB	FB-795	a7519c94f089060259f576b5b9340fb686dd41448279ad4a826eb9ab9b440fad
FB	FB-796	829400d5557652b14c14e51d24bb8d1b39b1bc0feece4ae00f1b0f137fbca154
FB	FB-797	efd1aea488330cae3a531a75c96cc8bf21cfc45ebbb40f9664549ccb9caf409b
FB	FB-798	ff8a77c762a092dbb41ec64edbe5e9573dfde1249b9c245aa70417b6abdb5f49
FB	FB-799	4b393b538335fc4be530a5e9b09d66029b899b29f2ce2379f31b0d1471478c15
FB	FB-800	d64ce5de3afbd453697ac1adf34e559687842499b583c95046165b3becb04eaa
FB	FB-801	5b6eef603e4e81a95bb7fdb84cf06ee35b422636d07cd4632b6f8270f602cdca
FB	FB-802	37145bd3f1ae141efb5c6d60d18fa878edb7a02252544883f56b5191e142fd06
FB	FB-803	40c977e1b5dbb44d398e5ee07256b9c769522e4330a773565a6759fb8552a3fa
FB	FB-804	8138808a1986ecbe17380edf5b607d3cab93719d7a1d1dc8398223d7e42243df
FB	FB-805	f997b5f5e37a5b2de869d88c58b81c047aafb7aba41a8cf93877b6a06a4d81a5
FB	FB-806	f19ba3b9bc1833b32805ef072091b7fbe25c173ab39164cd8341156457232cca
FB	FB-807	60dbf2f83afc1ff894d9a13ff6620d080a76ba06cf2663ba618c0daf745f8f64
FB	FB-808	66b8bc9993f2c422eb2fc00ad401edf99f7733417570e3ce354c3dd633fabd84
FB	FB-809	f1d9a5b1d29e4dc11709608b9862fc6ea8fc13d1eadd429bb110166f7eebd8d1
FB	FB-810	465ff5e79cc3fb4799316e284675b1d1d28c6dbc2a72c90927e1510bd8ce5688
FB	FB-811	aed5e11f472b7e7e344e8c421b856a7dd954e909f1986c13dc2735b53a21ef88
FB	FB-812	7a9ec42e3bda944c863a2b092b25533b7627ca06e72eac85086e5b66b6f6d5bb
FB	FB-813	0a6e4718453caf530848b50a808f2101d95fe6b0e3fdd2fcaf8e8a9d50626c93
FB	FB-814	629d0a11ebcfdccddda9a59a2fa8a897b6cf4ab6f032bfab657a66867bc5dfaa
FB	FB-815	bf2fcc21a8235ce5773151ef04432f0c23e5597243039f595d480c3cc07999a3
FB	FB-816	4e2186b037ebde1e6654bf442be26a42def5264778484cb59d500841aaf07a94
FB	FB-817	f1875730869af8a50efdf248471317a432fa1513d375ea6739517dc62b2dd706
FB	FB-818	76e6e8992a11a48867124b92d60f8784bc81d3af3eb2827962b567ad5b722fc0
FB	FB-819	ab467d5e17096ec0cadcf463126e1ce0c06b374ba13f54b3d7018af3639f175b
FB	FB-820	7347778100bbb001676d8dc471194dd6ced7d6b93a7e3e7094f29106ff6447aa
FB	FB-821	fd3d4d5269b8ed5fee638d85313f17d10835fc8e4c10dc6291234c8b51e876b9
FB	FB-822	c4bebfc93aecdb098e191070500c65b635dcd3c9c7481665b0afe1344dae03e8
FB	FB-823	49e07856919012321b59c1a0cdc6ea9449b8e06076d9e5912050154336bfbbd9
FB	FB-824	042c203285c60403b274ae9ba1a2fef0bf2e6432e45138be49d5601497dce87a
FB	FB-825	0186d178f7d454cd88f24d4927b8d3d965912b3c6addbd22cec59b7f6e3527fa
FB	FB-826	a75b3e05b2a230aafc73b99ff4ed5555f1558bb9f0dd92a336a77c68b3116ebb
FB	FB-827	a7f5cb0532c8c765dd67a38b06a22e538d6dba2325b9b1599556615b752904c7
FB	FB-828	7c04e0bc1fa91da0ebcf0887218449988df521a0d8731a77625ff6eb4610b67c
FB	FB-829	83c6fb71a9e9dcadabffb07e0d2baedd3a03aa521b7bf428bcdee045287cc0c5
FB	FB-830	326617b0790334851da6e5ad2fe736142b7540396d5cef72b9a4bf75dba56744
FB	FB-831	2663549738b2a22739fe4c2f746f4ebda3af1769a82befded871851dc45e9991
FB	FB-832	92ec0611b99050723fc34d671ac3b8d9430ca5b6ce772d9df7060095187397b0
FB	FB-833	e573d8fb18c558ed4125ebd368f605797e32b67285f57319d61bded6c748cc53
FB	FB-834	f10e147933b3f0c26ed2a206404bf92258b1f5b1690fef59ca099dae2ffb5348
FB	FB-835	b80e8767e481f10230b74ef4ef58fd7130a77d08dfd71269504f622c99387236
FB	FB-836	e2bd57b429c47766a93fa5779a9442d84a8e7a09ac0b3b47970a2639cf1aadec
FB	FB-837	b3e07a4a1a0ac418541958f6ec16c8c198d9bbcb9eb116e2f8415043514e9902
FB	FB-838	5bc0f2232dc4d157a0986ef555176e29c41caa6ce267d1b9954680fec33ac348
FB	FB-839	612888fe77d096d756d6a087e2002169dd01b449cfbf4ade08a3f95b89766177
FB	FB-840	f7c945015462ff6bf177559535fa28fe5fce061fa465c098be79fcb6c8ea813b
FB	FB-841	38742d5384b9f574579bffb59d732ab4832e0b404aa709f5d78db9653cbe2410
FB	FB-842	579456d8bee1a20f47da2609d2835bb9fb165639ced9012a69026f41e710a076
FB	FB-843	bae400da8d20ed81bdae0a1397663a93810375e89e8028ded816b57390e2776f
FB	FB-844	b5506f28ef47c8c97f455b4597bc439769ce81ab7f2441467c2c45cc26b0f5b1
FB	FB-845	ff7c5baed2fc6df3ef4c33889337fa20fc8c0eaec2c77cc76fae6e0f7d2fb7c6
FB	FB-846	3a891c5ef1c0a2738f686ba3c2567b74b5dfd8e5a9ddd22ee19c8a81d553034f
FB	FB-847	a34944c34d6467df99c8fbc37fc247a282f3ba480059b45845e016e66046ae77
FB	FB-848	b506151c9981bcc8ec70180e6ecf1274d08f7987ff59732ff3a87df7afd04763
FB	FB-849	520411f1a8197d5d40b045348fb8f15ab0a1bb14bfa80310a8f61c897b5c2925
FB	FB-850	827400ee06e5f69c86f9313d86b3d3b3a6790bd4ceb0c73514e1f4d2d0cd5c27
FB	FB-851	d63984601ea13c8ae783703871f59ee7963c2b4fe539e835a8d6cfb1727220c1
FB	FB-852	54e94529a9a14ca5011b8b9fce7b949dbc0ff77d27f9bea6c13912946f340082
FB	FB-853	ce4c3b81bf3a49c3c884d4a0516b158fc1d3d7276b710ff15064c39b9986f4af
FB	FB-854	1a8c5dd784d3b02990782e342d442156947e4c1f704d16d0e746b071b6595cca
FB	FB-855	6f0b07ecaf6f1ee492c11ce3d746386645160547aa8de855fef59e08cce3a66b
FB	FB-856	991a0c50e01dc55a6f46ab01f5f0ccae9c151638f537dcde6ba3ea0c38b556ac
FB	FB-857	297ef942872864cbd8f97567b43d2ff0a09fb23825b7450a2d7d0f82d34f1cc8
FB	FB-858	f809020c91adbc21b6f2386a8cf86669e8f43a6796fe509b739793e122e6d5c1
FB	FB-859	3bba220e2535acac96690f82a79babbc276806d9004de893f2a4ad9add53d069
FB	FB-860	ed5d48b2403911e0c887600c0500081696a033917f857866579fda10d1f0dfac
FB	FB-861	dc0a9b566b337651e3e23f5fa24be91b4af6a74991e84ac36c00de7094991deb
FB	FB-862	aed26368d161eb977e271828b108e7dd5384b9b3713f07d09ee10f6177f62eb5
FB	FB-863	6ad48201aeefde7fbc858f3026601127311dd70eebfa87e31ecc83f1f6da3e70
FB	FB-864	addbe46894ad4a9293cc38ace63d04287f5436c1a202109894bb6df8c1739fb3
FB	FB-865	0679da41fb59470d0c7a9480d1925be64b45581880e571ccdaf87d2978d78dc5
FB	FB-866	78daada5440911156c0c1272034541f338bf116e0562d2b08f404f2623537a04
FB	FB-867	154833d6be8aabb13cae4794b5955005877e3bd3adad036545f24b6d51b68532
FB	FB-868	9b600b587473b4720b4675072aa1c109bfb6627c050cde81ed82ae3835dcfce9
FB	FB-869	8688f5257aa3a9aac549fcfade57870fd7519bce36858b2355f24c2e50ab2954
FB	FB-870	3f06d93ec41fe6eb8ec000b2f9879305c02a68cb2965577c6c9398347a0e15d0
FB	FB-871	94742c89b6174284903eafeafaaae439136d1b0554d05ac3d645b0a5b61c7391
FB	FB-872	69e95b043ba11d0383a4111d6a44722cf5ba6af4b93ecbd78ad00669ef3e195a
FB	FB-873	8cccc6abf1be3a3ede33983825b57ca4c995a1c95279961722fbba0a5a5f788b
FB	FB-874	e2b171bd5d8b55451cbafb7ca050d54fa3fd71bd0b866b2bf432c4bfbc3be3df
FB	FB-875	a070b3cded678d9371af3d4a5f8aeb9993c13da501e1288248df6d809c37bd5e
FB	FB-876	4c4923263f490b9ee27e0539998d4a89765ba17f42024879a95ed0b00d16e151
FB	FB-877	0333881f61fe1df697e8bd499266502f1973d3514da96a292db3cc1964197815
FB	FB-878	2523fe975bdaac2ad9ace29e85193b5d751817ba8ffdcd8c6eee0878fe7b2d4d
FB	FB-879	aa52a966d01eee3d53cf9950829307e096965c3007eb6ef48a37381afba6d477
FB	FB-880	f886d0cb256b678e82b2e384d94baddeeef70127da6eab82bd98dbc1625df248
FB	FB-881	f8c62e12740cd2ada39ffeb3776c3a9d5a5480b750b8f9accdc4daa8848b4d16
FB	FB-882	63f4d975935457d2a34b5cc255be7525ee80d7fabdfdefcc6770a1ba43332ad3
FB	FB-883	486cb79ba99a1d89e16f85083822f9963d670cead8a829393e0206505817a8a3
FB	FB-884	cde3ebf8baa7031e1e670f50a6f1d45ccd4498d310e2b0e8a0b5b832616d40f4
FB	FB-885	e629d420a394a93e93fb22cef3393a82b323341380c4c7f80adebe5224d80d98
FB	FB-886	fe06ca1e7ca81b3bf9d4e9d4d5aaa25e27565c53042fbc3bb3f1f9945ad08d8a
FB	FB-887	3bbd5935eb87a634b1690592394b35b6f57daf38398bfc8985f1d5d256dce8c0
FB	FB-888	ad366d29607b5af50a78800ce33b3e00ba6c9bebef85e8cb1f12034c5387391c
FB	FB-889	343c29d2ae3dd37df9ac83e19d2f30f2cd23aa72650248ccdba1bad0f292df7f
FB	FB-890	8368dc5103b3f9efffc79fdaa4d38db2932457f12cc26a865ad21c93b5d2fb9a
FB	FB-891	4caf49f087e54231c6d53b4a4323a64099050d5640cf26f5c9a72c3246ed03ca
FB	FB-892	ad80646b0a5c43ec7788ffd3d20513a27fed886e659bffbc254e02aa2e73b0cb
FB	FB-893	155cabab2d24cf01dcf68988217f84876881b8c44bf153ee78d95f37d2166b0d
FB	FB-894	64e8dd452a20b8e2c44c750606083744fc0dae88ae90e6ec56463857eb15468e
FB	FB-895	82c768fcf8d0f5a0473bc7d1f3f51861bfd09d5b8e700bd1d61924a0cf69d072
FB	FB-896	0bf8330d798d2e4b950be5a289a3e64c55237488fb1a3186f59c6c1b2dccdfc7
FB	FB-897	34f0bc8d142bbc0fc31521af9102e7dba152227b2ad4841d2f9b3857133827a9
FB	FB-898	20058d813d1b42793bc3da9654a7a97b802d06958891a7a967d7ee94324a018b
FB	FB-899	3f28fa38cbb7f021e0d3525842b99c13fb80d0ee326208c4e59b30bbb16f52a8
FB	FB-900	bf294fa0303a497aea28c748c22a07c5cf8db96e4893c754536c0723b81fced7
FB	FB-901	6ffca84dc6584680b19f55464a7ca783b04c76145d5ae3652d7843422d55f323
FB	FB-902	ab0c62a49f5dca52307b65e2b7e6a2250733a957cccecbca3efd1bca16c97107
FB	FB-903	8bdd607ae8310197c704f85bec3b41e06ef4e4555b27da97c4ce2bb92cdb3763
FB	FB-904	eb2bac9cedb33ba2b325b12a35ae46ed805c1acf2c31108a4ffce904dc0e28be
FB	FB-905	4a2cf22dfbae852b006a81bff31aa0fc511d53de729849d907fc92634467129a
FB	FB-906	678fd7a1e092ea1ea535201c1e06a1a0f2794772d370640ec10dd60421486c14
FB	FB-907	219eeb2276fa42e133344b6172b739e761b56923e2a92f23c5b06ed81101587d
FB	FB-908	c725d827f28f3536aa7d3d297431d0c5a9e9d65f2c518cec69e5dd395b1456e3
FB	FB-909	4ebe72f8687f5c65ca4911aef01a7fb36b5c85f9c6989a9bfe3c8834e6667736
FB	FB-910	7a1b49d3fc555a2c8faae06a97a04f1aa32db3ff03ef6aecdf3997b3dd1d13f8
FB	FB-911	827f0300c10392a3904ec8743b1dd2e7a802ececd8eaf00205df8ecd00297a02
FB	FB-912	4e014a486730dc98ae8b7e3979fcc1a62c30a3f47deb070345fe0c70cf7dfc10
FB	FB-913	b0b858f5b26e8fce3d820359e15d38e104a4c53c3cf62654335fa3586f360063
FB	FB-914	f3f1ea10832ebf0117dd5cfeb2181960083226262cf95a90e701ac4db6da07ec
FB	FB-915	b299c0912569cfcb1e2d53a721e34e7740f89e7e4d7b893d98e4b788cac29683
FB	FB-916	3f4270260e3e6655b4cf87e4a95f6cfc30e4713c816b005bb09696246430d9c5
FB	FB-917	232195a933e780f4a6af292012657e58e561be8624fba2d9b67877b9de55e5eb
FB	FB-918	6f0d18862eec27f8be720739200f29b5fb2eceeaf2613ffc9dd37658efa2d35e
FB	FB-919	f3b75512d4ddfdc4e9abd6fab31573955e7089c56684ca750e443c0904e7eeb6
FB	FB-920	28a2a602566b578f43d1a3b3a30f54c0f78aac51e0d6241f448d1a8a1684f88c
FB	FB-921	4bedf265a325336226925f17ccc9413e00c029ffe9a50a55db0b36d52ebfd06d
FB	FB-922	23b944a843bc0e6f76ab0a96d6613273096819c9a7f8675e1f24b9927e0dad94
FB	FB-924	fdc2b26d599c6fea25b3763fdebe9c5affc06d644658f181e09f5c424bd91947
FB	FB-925	466878f17a759d1a4b82668d7407d912bc1462fd6f362b864cc7604681efe3d7
FB	FB-926	7f90ed57d9404ae21454b5dde4c1e9eee7c61c243108a4d3c8c17be5e8c3b63e
FB	FB-927	d1e2e341a8710a416d010aae15a719dea360eaee11a6ce3d0accad27395d1bca
FB	FB-928	09d1e466d4f23f329615c5ac6906eb52ebf4d7287f9bc3ca6dabcb384bf0566b
FB	FB-929	d259bcadcd09f0c12a93e4921894813e718ba820c9c21c12c676853e19fd4d32
FB	FB-930	48ade7eda75db2c2f54a6fcdfb8fb1e4f9083d15026a2b0a4e5ec1c3a87ede9d
FB	FB-931	27dbfb6d401917af69ce47ce9af30799822a64272da17e3e1461ee80bd192338
FB	FB-932	7c8c779d9913cdba2cb95e2e9c1e240ace34484f6820d2e0d0444861359bf047
FB	FB-933	12bbb42f5bcfbcdb7ea749d89119f28d36397d194fedb9aaa407825687e7ac49
FB	FB-934	35131f2b31f88801a1b170cb4b08e594d3dd08cdea35e40e02bedd8de09e1d77
FB	FB-935	ce2113d17d4ba062e889ba3476abf8c37dd20097eca678f7d696b9cd4a08cea7
FB	FB-936	e10f3a54506b4d5b4642d2232d24745375c6bb0f3f529238dc764694c148ce26
FB	FB-937	169816e9748c477ceec0cb5a9c7ed6a0267e8832c9c6a648bededfa39e6b92df
FB	FB-938	2384b6b6bec275870798c48fcb883c8de94f1808004ffb4fb17a572b5652dbd9
FB	FB-939	f725c1e211cdd308df97f4bc6c08dda44b0299dfd01b7c55e6c951d40872e46a
FB	FB-940	aa4b3c289bd4a84f1d75a4350fd34fb9f8af6e4f3538988cf85ea5699d16f380
FB	FB-941	66ca93d78d8bf434ed86a54f8d59fc991a43dad0d48eca58e9d93c54fd436293
FB	FB-942	4504343ecbf52ca5382e898671691eff0786852d20752de3db46b9206a7d3ffb
FB	FB-943	dc272c5a62e0a0b6ea017fc7b1c54ae0e5dcda509f99a48ee33870b5ed537c17
FB	FB-944	2d02f9698ce2c5cbb7f89a9bcc1b23cdf5411479455a0cf347afae3d0a29acb8
FB	FB-945	4d885bcd44dfd7952e0e2dd4bc71e57f94aa614c8982d1a4e5f0eefea3304f68
FB	FB-946	c8ae12087fed555e5afcc07c9bd132f5580e7f222f8db0c9a9004763d677e505
FB	FB-947	8ebd4b062d6c03a875e9d4cb9515445e938c1c3d15e102b0a1c9950fc5626e6c
FB	FB-948	28753dcfd120f583a8d8971d2524fd77c4dc0874b509551112bca33205f61841
FB	FB-949	bb5d9a547f12d75e2df48a6e5853b1583ab402b102b94576daa860c9cc4c648e
FB	FB-950	644b2473245d97f8c48f2cdd424dca72c1fed4a0119748ed7d378879a3ba07c2
FB	FB-951	f1bbf1e6652daeb17d07fc96c5ae5caadc71e3a683756bbdfaf7cfa3907a23f0
FB	FB-952	921fc0f67499a3ee8ad8a508aebc7c83c89692a7201912fe73348f31261b3026
FB	FB-953	a35c41801f20f02746af5afde4e6ce1cc243686b137739906477e39764f6f21b
FB	FB-954	dedc0edebefdcf3101e29505a222fcedcb1ea1b05ffab2259739e53a458ca17e
FB	FB-955	633b89d28433e1c04a6a8d6211adfcce6acfe5a811ae050a199a03dd7d7fb4d9
FB	FB-956	9830748fd581ec3033df1f231539789d49f188bf35907d6a281222c9280ec64f
FB	FB-957	e8ed09dbd860720020aba57971fbab68a58f6e0ff85932f22ac6d7239deabb49
FB	FB-958	af60601ec52342a25ac80a1896ea824ccc1a0b778cd9e9b213dde9d0ac8b2b5d
FB	FB-959	ee9b71c99d65cca8a0ecb863d356ee068495cfe7e8925fdbfd16613005104c75
FB	FB-960	bc8761bbbe7a4e4ba973aa25ff4155101f0cda24a3dff92a0c9c540e3bff6ce3
FB	FB-961	e07ee0bff49307b389bf99316ce15c8b4ad3add5ea84db3530326b39bf956250
FB	FB-962	3b3687ea89f07f98d2f16b42c2cae278ad4c2a6b921abfd2b0d7e09640f78f17
FB	FB-963	5a07f1c986d09304b99280a20fb806f5ac5f1f87e86191859bca4f7e65d27e32
FB	FB-964	37662eded682495c5d635fe3df675d6a9a5ac189e1e8bb4d3853a5620bfe5d8e
FB	FB-965	b0c606b6586c1a0a26979f015dc476c013de29a499fd3fc2b51326a277d01e34
FB	FB-966	47a78e3cbbc34d92e7f772e9c5636fdd00056bfeae800e32c84b666016182739
FB	FB-967	e4a9046401f738d8d660626e54e9dcc65a57c4e14be5b5ae9b871590ced18cad
FB	FB-968	69af69e2bb19b28cb1f28f19127ebec76bda9f700efc9ae05bb7c498fbc9d2c1
FB	FB-969	a7dab3f9102ef1905740e94c28cfd9af60b265857715bc88e6c78cfd4f596355
FB	FB-970	294532c644d3b00d12bf1ee4215ac21a268294e323dbb69bd850147889718ea5
FB	FB-971	cc74c4dbc8286107e6155cbdd241ade90dbabbce83370957cb1e3cb8c2c7de72
FB	FB-972	000061a3c3be5bcae0b71877c1476402f3ffea349a7eab6e481470e052447144
FB	FB-973	ab538af78637676a687d89d5c85ac0e64f07cd3fbece15d2c0ba0e491d8adc6e
FB	FB-974	5e8458ab6ef95f8bb364dd265f666b16a3fc77f03d3e5143185e38a4ae24fdcb
FB	FB-975	d376fa1a56f2488b8a7a502dbbb3d142ce648b7eb6c1defd914a9e24ab77b618
FB	FB-976	be0e196c33034a0658c7b9c61b667b84c67e6bc5caeb5318fe2862b125782f9c
FB	FB-977	1e1655b14381ba4ae3bf16fdf8a2ecc9995538897a2eb09d6d01c6333758c4e1
FB	FB-978	6bc92686016a57a8607e1cb855322737179dead5c6425e479362e15bf249eb23
FB	FB-979	f2ff989aca04afe4e323c5cfbaae77e4a1ae33630c5c3fc6267d915c1a499598
FB	FB-980	49038e83beded41567a93517480208b9c63a66751b93bfab1360c2fe6042d29a
FB	FB-981	6b79ead96c9faadcad646008d4bef604855d5f43c93f24d7be6595717d16f579
FB	FB-982	1fbfee15d4646aff28094eef47ae91ec3ed42694d447711385eb535a6575357c
FB	FB-983	befbbd2b11ed6cf8bb75f76624689c088f97aa8b6f75fc54aa69fddc7d1681b6
FB	FB-984	d84db8e86b566d52667536affd91bcec70a795becefa8442a0f97fe34be11007
FB	FB-985	6c44b7efcb1288963af03940b7e97a37588d34eb31a14e2f814664ce76f78eb7
FB	FB-986	b45c82bf60bb1bb6e35694dac8e86c930202d235e1ebaf633d7e0816869e6e8e
FB	FB-987	5a2a455a5979ead6bf65921879c522414eeabefdcceb3794ca1e417ddfc98d64
FB	FB-988	dcc5846e05cc659e9e201ce75542b838e61a676b118382c97f73c4f755030f02
FB	FB-989	ff96a2b252f11a10d15a0b98d62efcd266955e4c22d88318d6122efb8f314986
FB	FB-990	0961d14baff0af826e643ea994632084aa6de4c79e669483155cdf03514cdf6b
FB	FB-991	0d190715df3ca4507f6eea9dbfd12532ef5bf75a5354e5943aabd9e27449723d
FB	FB-992	695878cd7b1547beb146df4f6ec67f7f56c9539cda1eae051a0524785632257c
FB	FB-993	e3d25528469b55e0436661ae4d8b92b5d55ad1c6da69bb41b45e324b18baf709
FB	FB-994	c7914b47de46cbb62e3fb01aa18b96b2dfb03401c53242b688a97e462da1ba4d
FB	FB-995	ba88e4b50c37e3365b71d9ba8ab7386d18a0b6d86cdd0da027e858943d84af83
FB	FB-996	fbfd9b5b3fd4a8ffdf8d9f35663ddfcc4d6012d19df2f7b946277554bea215bf
FB	FB-997	8d3e89dc90ae7bf88bce3eefbc011baffbd9d8149fb8730dadefcb5213854fca
FB	FB-998	8142c8287f0da3a228d48078b6a6aae7e6b4eec4f17c55c01be392711f6abd85
FB	FB-999	0f904d0546a946d5775371c20a6a5b2225d3158d77bb7b126924636f3ea9399e
FB	FB-1000	ae9e08c7d8001ce6e03a540c07619739865ae7b54e6af34bf6cb4493b3f94554
FB	FB-1001	56bad991c9cb22aa90fa870f348299ea0713f6d9736b9bd8bb8644d77d8fd32f
FB	FB-1002	1fe12a61dd8658b534bfee8af172b5aa2e15318bf0b7571bae302b71e7bc143c
FB	FB-1003	02587a95cddb90eedac7f4179a5d01470e51af034d148fb5f3c60f9575dfbf05
FB	FB-1004	0dff949a47254c566aebb2d33bbb0cc963cab06e9b13a67940bcb941ee53619a
FB	FB-1005	0a2e81890a61439796c4c767ef36150e92b71d4ea9d505c1b725e3171eea0dc9
FB	FB-1006	67176799a3f384fa3b9a65e6fa12f305a877f0694d8d86e02a27e94f4ff76ee9
FB	FB-1007	abaf4e21d32ef9df3d30f26800d89df2b75c170432390088c64a088f152a70bc
FB	FB-1008	56d3d3f086af6b040266e9404ac9a26f9fdd7618a63484f47bcfc3a8b9b388f4
FB	FB-1009	c9d067af7cd8e8b3cfed1a5dfcb9e18b511fc8acb20923cf36faf130791f33ef
FB	FB-1010	cc82178e19a3d10298129605649aa297e96747bd08cc4240b7f21a3985538948
FB	FB-1011	926acbeb58ab787d3b0e0853bef8d5f82fb62b60acd75eed137149df13bb9541
FB	FB-1012	344c8427bf563eac4efd3937ff0bd14f4fc6fd478d19d76ecc53834226272fe5
FB	FB-1013	00a90ec4d07f088656012fc6725cfecb6b30bc94f4121564a186510608472d4e
FB	FB-1014	7f099ffcdc7898fdcae209e0210626cce06742e7c6933b3bd66823278457cf00
FB	FB-1015	3e10835b5562a0834798d957154bf55c4048728b4e2302a6370bbbd593032e02
FB	FB-1016	590c4265256aacdf13a74bd7f93df11b05afe579e4892da7aa418335a836f942
FB	FB-1017	ba97fb549a1910d63bc90671ccdabc695d162ed61e3452f85b2b4b679a0f7c92
FB	FB-1018	d840fae8eec834d4326fb7fc86607533708baee5d87e5f3a1023b2b9fb00b096
FB	FB-1019	3fc3074ff97617b7457a3005db9bdb79c7cd8bf70c7489d9ad40bf55be38b8a8
FB	FB-1020	53e03c8086a271e9037bb97cd13cad058b4cde45a7f19712ea0dc082c4e21ea9
FB	FB-1021	8f8a3351bfc1850baf403d9ea48b7c37cf77192be6ce57ff263f8bf0b01be3dc
FB	FB-1022	c69000574fe1a04f672cbdada66f22f2674e23d6a8f502283aa0241bbbb44f59
FB	FB-1023	3079cf720e730a390f15cc759053629f59da68eb9870fe3ad8086ba1983f58b3
FB	FB-1024	f1f59070c401082f1c39edc80b2927ab7e22aebfb5370a0503f7ce779b2c4f98
FB	FB-1025	b1978d6ff114748dd2e62f277c3877a30851d028ee928e9432b9de3e6d70f745
FB	FB-1026	34b1641f59d77a646d5388851ff8a6774386c8feef192a286739536b3a467158
FB	FB-1027	fd2d26a119c4f8039494fce36bb25a8e162e0d3848a8c8a3b59af599cb97894c
FB	FB-1028	6abeb7b4abac6b91b39c0f17d887648ed0fddee51ade57d1751299d34c6af3b4
FB	FB-1029	6fd50c855805f59c119a4bb469acd0c92d260766250ca641a6eef7768e247a8e
FB	FB-1030	12eb11f1e0586766b3f81016c26f3641e7e64549926873cc78aee9a9b11bf981
FB	FB-1031	6da1ea56156fcbdf052492f0ec5183f7cdc29839fba3032c0aa87c051d574216
FB	FB-1032	cadc7b3b9d0394e4add75c3a3b98957724421d55de8419b07fb6647b2c50c0d5
FB	FB-1033	e19384bee4117b40c888b5d1baa45375242be7f4170edffa4a68971f19713c1f
FB	FB-1034	b01b077d3cd17a30781dfa3234892929298c070f4be5dcde31e538c7096a254c
FB	FB-1035	08cff847df7ee4c92c9b7bcea0a573b8db4137818245f1a18e135aa8d793acfd
FB	FB-1036	879d6d0007d34fe1154b27151ce3cf92522e72a9ef30ea090a2d1a776a801772
FB	FB-1037	90351e8b407c55e982222d48e0747eab495e8fa29b0c815a0060733dbd2a38b4
FB	FB-1038	31dc0a653ce26ba3b44e596dd19f0d27506c0c91f2af6079c79cf10132478e36
FB	FB-1039	99eeb269812a42622a742dcae05a529b3bbbdc0cce9f9d43ab98f343de6c7958
FB	FB-1040	a448b0afef7073ecc21bdb552658749d087810840d94b4bd2d804052d74662b1
FB	FB-1041	a03723e7c055496c3c86512f1f34fe693fdeea3ab422637bf188d558b5ab2f01
FB	FB-1042	ec941d59194440cce33df4f65f1f23802b3f81583bb3457d2a74334a62361d48
FB	FB-1043	38453ca5ab3cc7443df3df3920390cb38d92fd5e5bcf8f559d4fcf1497638ea1
FB	FB-1044	3119cdcbcfe2d4f93aaad3823d4322593ac91668041f5de3ec9eb895564507d0
FB	FB-1045	24c1f5d1d3c4abf7d34d21695ca7746fbc70c5df76cb6373ee6e9c01377d68a4
FB	FB-1046	9d2c83e0ab7a415de5d64a68389fae46f37cb4368279e53037377591eaa63061
FB	FB-1047	4406d35c9c0d8c29e68a5425a41a4caa9365fed9f4bb2dfd6b3d85c4c9795989
FB	FB-1048	832cde4bf7c0640a558c0ff735b887d35c348d43dfa883973be23f74d4e65530
FB	FB-1049	870846b5cd9760f1d05128cecd37f646edf4741a0f54b319704eb8520fc9c274
FB	FB-1050	df477619d26d4b084024fea230d3052bafbe2827cc2ac76571517ce0bf0fadb1
FB	FB-1051	75dd02c5e7cd5e01440899e5235b3d53eac46ef842dd4b4474c9cb5a2fbd93c4
FB	FB-1052	4ce92ba7a4859fdfd656216ddd6dc7a482d59edf5a77644b8b3a2dd80d0d6811
FB	FB-1053	ff951f6b7194b940ee6637e51e81a449a93c3b538376d58ea087f80054be7146
FB	FB-1054	5ba433b313b3781c495d99df8b58197e866d345384e441ece913d87cd8a48bd9
FB	FB-1055	42681063d293e15d2afa078132f15741f35c305d696aedc78f7a481edc7bcbbd
FB	FB-1056	53c5be6fa1187db62d24caa7f1822370c926015a26fd4d66adeef270124868a5
FB	FB-1057	c3dcb4d22138b15027816d3a7f92a2ae25129292ef9d4d64519210da0159bc64
FB	FB-1058	6bd5b42efa9b0bacd8c8b964e1883b91e921e5ceb0af45efd27733679b16543c
FB	FB-1059	857a94ea1645ad5e31f6d1eb04aaacdd9fe7be811f2a6b96f470116e2e1cc9d9
FB	FB-1060	9e193a4f30844083da7a90843ae2e1e063693724628d6763a53d7d8f6bf53a7f
FB	FB-1061	04c1fd3361743e5bf778c8cb604228163582c6f696a1daef08b81b563676d013
FB	FB-1062	47ac928ab9eab60f538519d9c105b7bc723003569d58321d347867f55ba7f691
FB	FB-1063	6abc5e002dc297dd0054e8a5acec8a75b9526edcc1c973225694f663eca447d1
FB	FB-1064	73938cd1c462fa653a8f72b09a1d92722c73cdb2cfd5ec3b24f67db24803c842
FB	FB-1065	cce99b244022ad71e887a794840b1246bba681447e22c3b2d358d238488a0812
FB	FB-1066	6de547ca6485b25b0aa8e72b4ffba0d5bc9dac2372f6353c95cf2cfdf756b970
FB	FB-1067	17ec96a6abd78140431b3bced4669a4904266b2aa07320446dc4342e301c9a1f
FB	FB-1068	9cf2fe3c38938656d568d354806ff33f2c0099cb16aa755c5577b404162b43fc
FB	FB-1069	94f580dce886d1660d4818b612a16ecb7ff5d73af3f5429b2ea52aab423a1aab
FB	FB-1070	95db25cc8c5c5ba4f77bd3940d56f8e6b16a391d33afcb901d6261f0d7c5c21f
FB	FB-1071	975f2470b6f0e7d71ac0b2c43fc90209f8f807e9ff743c058c79ae861a9e1c24
FB	FB-1072	02676d760bfe9999d1eb75c05793b7e103b098659044a6a512d7d5fbb33f4611
FB	FB-1073	5b786f0768b610ea761dfe5603354bc7fe6265d5e546850e14c61263db368c91
FB	FB-1074	4d58be236ef7cd89cae2d3393e214d2ff343946bbb3e1bfc8ac59abce139d371
FB	FB-1075	ddabbe8cd62c4ed6ae64d74fae1a7b11f0722769ce067ecd07a3d4a990747ba7
FB	FB-1076	d8410592cd0ca2be1ad6a413cd3133dc1f1ff9d4ea23eb2ba67f14e307d85928
FB	FB-1077	5fbcfdae50c000ff3052c454c95100bd7853f514d46ef0b064e98aa7555796db
FB	FB-1078	59115cbb57c9972b26de971d9345a0a8f91841478b2f1b1624f9304b67407704
FB	FB-1079	6aba76d7d05b458cf1139867de06303120f446283aae37c9e7e3905abeb6065a
FB	FB-1080	506fb06bf03507727accf87bf779d84060f431b3b06d0a970e46f9a8aab2c9d4
FB	FB-1081	65870e80c63641a5f216bbffc6e74546f632776920688066a6909e7143616d91
FB	FB-1082	4577eb33cb6fc17aa49f45ee20180365541b75c101faea2e5d3fc735f79e0af0
FB	FB-1083	d1e1a6c908fbfd71259299b69f2e0052b0755d88b6dcce5aa3d644406115896a
FB	FB-1084	9f235e1ad1ec72e53b88fe31e29a07f06ac1423755ca31e027509ab226d17736
FB	FB-1085	83d153009b6f153d266e29ca082da3ee71f90639695ad47ae54900e4bfbb4b0a
FB	FB-1086	16bc405295e41371c8efe1199f1a743b05ddd375fa683ef27144f71a584f13ec
FB	FB-1087	914dde48ea15428cb44d3d362d3d7f1df99e55f69f13ad1699093962ae86f77f
FB	FB-1088	736d05e24fed6f50bb6b8fac8d51ed66625aab22d4568ca6f2255df1e97023a6
FB	FB-1089	cfa037b2a5f608e58508911dd0d7509d15dc078cff510575c768dce74809c508
FB	FB-1090	3c1e803800909404f3307475449e37f1557efd5e6934ce2910e179f3dd6e36c5
FB	FB-1091	2cc56e6bad58c60680c74323384f81bd0b5cb44d8f9b11dfa7aa4a75f5073677
FB	FB-1092	1a0a7678bc71fd694e9fa6da30fa82261ae8d16852c7753fcb7b99dfe9ecf1bf
FB	FB-1093	9cf32b08b0df2c81328dc8e957fc6a60b41b3d91296e77a091ca4d5ea15fe53d
FB	FB-1094	196da91f03daa090f0d5bd4b908ab8f41349451114c2688dfe3e2d8ccc8538d9
FB	FB-1095	7ec2da72f8985c6881aa8152b18f1920b683385754161dc2382107b5201d9f6c
FB	FB-1096	e75384da8c1f5e402b7cc2e751eadf176ad77b4b5551633adf48fdd38ec73172
FB	FB-1097	d90f05214aceb7ba0d09e238295ee721e80a9fdda9981362e0ee599b145381ee
FB	FB-1098	ad560253cf7854274e374e7da12533b2fcb636daba4a0d371116e36462f6c166
FB	FB-1099	73674fe27d5dc464b12e63271f7d0a2c0eb134a709c61772d18643c2640b91b5
FB	FB-1100	ff1f6d95d7e6f6120e9eae4a62314c3629b794568ff3cf4e583cdef53de453a9
FB	FB-1101	72f0be1bf30db8a61f6db660c276d942cb79301481926ad143c7ff60d8c9ce30
FB	FB-1102	5f98edbe7fe964376764c89999a56703c32c43fa4f773a841c2bacd3640b480f
FB	FB-1103	62b753048cb518eb3d88aec3e9a0c9e6b5b0f5e21a6519435323d8afa145b979
FB	FB-1104	735f74f771951326775b61bb2b1e42a911ce4b52c158bc41491b43f76694f8db
FB	FB-1105	830d4690ecb070b89691d58441e1ae2bf0bf6be7791d41ea34b178533c9923cf
FB	FB-1106	c3465943756115847782f37e1149fb36ae366aa7416182e6868d39af2a64f10a
FB	FB-1107	b7bd94513a2d69788d7f43f8a44aa79d5b54c097e720709fe58e290e83a85a89
FB	FB-1108	ea6198090002ed1e4e6234f370e3a3e0d3694699ec547b7a107b58f06ff47103
FB	FB-1109	d152841c56c7254690c26db2c8f7a2ef26555abc03ebf5c2077dbae76d974103
FB	FB-1110	6d7aa8921edfe48e4f4822e8fe34ddbfecc4b311d502f9d1b593ea919450202b
FB	FB-1111	f20871acaf6d9c8a4998a0c6ed0c17b1545c1dc3c755f55be2970b0217345e8c
FB	FB-1112	b896aeb98fb5f1604d5f70876813e632a1b51bd0d088c44cd0e0b0a6f6a5d140
FB	FB-1113	47022f8bf214408a3a35adbc8d4bd1ddc57062b3a0bc6151da4996345be3ffee
FB	FB-1114	9521326175a2ac3deb9b9b0b376c2b1d52a877c29686c934d3437e851ddbb776
FB	FB-1115	43f83e66c1f63939a475e51bac55a5d1906a4bd168132cfd4a284d31d5cf3c42
FB	FB-1116	d28105df8824ba27de4e582e22c3ee201991e66e9d027fdc108ba126e8e40387
FB	FB-1117	ad8b486fb69738404446beefbb4066adfdaf8749ad7ec81f0d3e78e3aa6e7a61
FB	FB-1119	7f703d30f6829df3b29eb024e8c517bad63eeb2ef3ef0920f6adf4d23ac4ef91
FB	FB-1120	b25bae07876474667f3bcb4e6b942ffd67f2aa953554a99266cd809ddd9ef75d
FB	FB-1121	a62be72c95b2ff5d0bcc326b2803b665c8280292ad616fdb89f860b28b30d27d
FB	FB-1122	714b1a77183110fb4136f8dbacf63577997c7544ef3a9003a2c9ed760cde1284
FB	FB-1123	c1c9be3072f1886c051c303e34b5ed165438813759bc8313a2379c8df30b061a
FB	FB-1124	3fb4a6928975159bada81d603222f98a856b586923c46febc45a640af150aeda
FB	FB-1125	8501d6cbc723292ceb25b68964f5838738ff9d043df29f6e527a35e4cfdb8130
FB	FB-1126	41b5bdc83bc735e4d9ec9c73460a65d893c7a37f6287faa71c912683beaa7ad3
FB	FB-1127	b3634da624a35f888f842504464150a483ab18400e5d28424e125250c8b3feaa
FB	FB-1128	f4597df5d7c6493e5dd7c34834f30c146960944e6273dbdd511668a89f3eb423
FB	FB-1129	4732e36c69867c3a5ddbf1ad3c58694226860342ba39baf7e612415bfa63cecb
FB	FB-1130	757a935a06b908326d471f7d967e479ef7fdbddbd42c77ecfe9382aaa26a5c07
FB	FB-1131	722262a1b83c82df0067fa97a8fd46b13a7cd643b778212ff93477ef60affa2e
FB	FB-1132	a906b3ae0a4fba636bbd82079f98d28131c9774970efd27b5a023f5e589bf59b
FB	FB-1133	d4842482844d11c60bec300067347067a431408f184bc44b08ad582df50a11a6
FB	FB-1134	c8fa706070e755214b7ee19c623d04aec1023ec2aec467eda88ff14d4fc2f353
FB	FB-1135	0fec707794916d076246227c90a5f605e5dc7875e7103e6bc6dcdc0013073d71
FB	FB-1136	698eaa8cc9e03ada649233816e97d4a90dcb6b6c6ad69bcf90a9951eb3b3a8dd
FB	FB-1137	6369cb80220108a6f93b863dfcf4c5c6192662a71f0a2edbfad60a81a7d7fd39
FB	FB-1138	7a4edcaacf5bd13b21ff68817278e931d0fc9486d7b3bf7484416d670036789c
FB	FB-1139	52dd04addfcc16aa5696ef668823e550d133fac705613eeb4a9b5254a9b56eb4
FB	FB-1140	4778a1bf38aee6d6eb922d612e8472e12e1eb928227b4eaa28e9177d2f9095f1
FB	FB-1141	055a0eb67649f5d59236695336ecdaa276bf44e780f24e47bf432664738fca67
FB	FB-1142	4859130dd07e1c27f606b655d82ca975b56d125970c271be54c91d72d3d295b0
FB	FB-1143	878f7a74b6f7a45f3d2402cc3f95c7c0461d9a10dfe7990b2555c31ad6a3089c
FB	FB-1144	f8692ea3229fd6b3365204bbdc743b6d8c02673b18e2b6f2d53f2ff35c3be667
FB	FB-1145	95a10c67830e70fb4eb39fda5789f5381cb2e9479d155b19f98b629787564074
FB	FB-1146	8657c8b98be51ef0bd3377b54dd9ce5974de72c0063db23e6924bf649201add8
FB	FB-1147	f57d3d8a50cac0e77aee7fd1ff6d6f33a67a59e43bc5b69c1a02eb848ece43c2
FB	FB-1148	51544e24720ff5ca106a9183ee5063ed4bf0a5212670404b1e773e0bd7c9bb69
FB	FB-1149	f3b46622ed0de7c3e65130b60805823c71401280ff07d8b8bb047630f0256c40
FB	FB-1150	ae9355d8f1c4de6d81b9eb27a7d523ae802fe3768ee116a31ff0f0a119f83a36
FB	FB-1151	4fe2781daf1d27b09fb9b127e8946331591eade3015beec1425d85f615d30df9
FB	FB-1152	9da8ddf3111385c22311d054aa5d8349e295fb477d1dcf527b9203a5bd591178
FB	FB-1153	e3e402f00af49d068a1f6cf0c0bdc26ec10e1626a7c94efd53782f1b2033ec29
FB	FB-1154	69ce09d4c36a8e5254782171f339791f23f89ece0fe71a1541eb8187a6817a2a
FB	FB-1155	0fd7ebf99f6ad243aeaa1170da7b2b3732b3502dcce4a54301ba9ec27fb2f129
FB	FB-1156	1e071b35650c929f06e57b5cca91c1061f7af52b5ee4b30ecf83f0be8206c482
FB	FB-1157	353cda0eb5c32157b020a0eb1e6b970671a0ba84036e39173484efbb3267beb6
FB	FB-1158	247f93a3331cf260542fb52fa30ec05c03fb7b2a0808436233961d442d2c9f47
FB	FB-1159	08b3b74a30beb607ea27b91e2c2655cca14ee23353ba12a0ec23ebe8ace35921
FB	FB-1160	de5fdaea0782986818a5791131994dfab6baf599e78d44f8498af7ba61f229be
FB	FB-1161	b686e700776ef00c35cfb2fd764f5dbfacb399024be4ed8a3487d74769aa5218
FB	FB-1162	ea35f9aac52f769c5567b75159ce7b4b8338730e87d7d5494883e4a0df50d633
FB	FB-1163	db3945396e4f9478d9de96731d19c4c4ac95cb509403bc01534821ecfb9dbacb
FB	FB-1164	7044898de0a5546e618833e6553c3473cfb4d21ebf08687e4e611656a7ac881c
FB	FB-1165	725ad6904803ac2f6b3e3b8a79b782b48e93579229ba813f0159090d170dcbcc
FB	FB-1166	ab462542dd7b86abdf9a0c69dde4152379f88ae7d4bc30f2b441b699e7cb64ae
FB	FB-1167	4500c30a6b57585c3aca3166c9d0ffe587e2808f586ff7ce5b6a3d80c8c172a0
FB	FB-1168	78c390dc3e50c493dce6dafee4ed6b0ce2ff722ffd9a18dbe319f565215a6c90
FB	FB-1169	9f904eca73a0cb13a8256ce32f5070ba8a5d09569bb747c1abb2e3a87580e8d7
FB	FB-1170	7899146201fa18f1ba3e3be7bc2a033bf80d915eaed4862784ea48f102d713de
FB	FB-1171	513427e7b57061a3c856bb5882bfca5465824fa35b15036f229d238a3ac5cc40
FB	FB-1172	a96bd2a4d31a262ecf5785911ceaeba4afda3de322d8a0caea87dc3b9abb50a0
FB	FB-1173	910e21af15fa41d91c071d1315a971123382457fdd38bd4b7c300f0a613cf20f
FB	FB-1174	6356e61ebe3b57f56ff1936d4c6c1c717f319f454d92974702351b4b3536122d
FB	FB-1175	bd03c7329968dc73ae5949e987da193548f6affeeb8eaac38427132544bea1b4
FB	FB-1176	401718d50820a0b5a29597c962f2123e36cc75c615092206e39b0062ddeb567b
FB	FB-1177	481bace2cc7d79300f12f5f021de406b138a9e194ca4a84fe0afd2f63319bdba
FB	FB-1178	d63a660dc12600d35410615c1d2146f17f409f55fd63bcfba98f3366505ade53
FB	FB-1179	da9725cb5955735e1f5b87d67d5954cc6e331ae4e3eeeeb8dacad77d1e13b79d
FB	FB-1180	c9db06fbc4bfaac6de33f3d2939a7457fe70ac59427f4441656ece9d3f5a9aec
FB	FB-1181	1782833bc1c92de47d7e2e860c748deb4a69d9676f2ac9633eafed9682708500
FB	FB-1182	964ece92a8dc00c042c3c1d427c5f8264929c3f553a51a4b0ed23630f460d8f1
FB	FB-1183	4e5dd1e0897250f49f6ef8ab7fbb62a84960d2b3b6eb1b8ad4a9815479e5fee0
FB	FB-1184	d116253dd1d72e0c971e24d858cbd58c7f2fa2261cd4fc00425405ad2622f097
FB	FB-1185	a443c54610ab2ceddc5166ab84179b4f73c42641a0ac8ff314bef51e19cd9252
FB	FB-1186	a300d9653ae04785005c06416e2fd85425c3108511a74c7289a4570b4fc6e155
FB	FB-1187	b87a75cce7cf21d445ce75a10c9e4efda05c5636f5a8fe0188dbe333b0f8e8c6
FB	FB-1188	9275987c28b0fc93be4db6fc14cec9c3e5e3b1abb1d8d57ee64c0e2d7de84cff
FB	FB-1189	8a0bcd46901dcde2e62c07be2aba8bac2f028c9f4ed629ab006bea7afd7b7d4f
FB	FB-1190	b1f69101b02cd7b2815b13647af5a5a66310383cd04c8135017ae55339b9d98c
FB	FB-1191	692ea183ae70ffe1d647cbf4379c7bf16a44a47fe3b6351fdcbb2354e6e819c4
FB	FB-1192	5e21932fa289b45d7176093cf2a8c1cb85c193a6aae6297ec82e69f47f6a5e24
FB	FB-1193	fea6e3bef617f1eb2010022e8d19b9e29e3223f3f1b213bee2d793eea696f7e3
FB	FB-1194	cc8b7a609cb0635a73112c849aed4d2ce8be15dad62e272b819b88df4ff898f8
FB	FB-1195	2b07258555ae4db345102065115fedd2aa4d809a7b2a9403c62a4414e3e87874
FB	FB-1196	8f48b779af602040b1d3744bc56deec1062b5215913497f7f58d4cbae0c62406
FB	FB-1197	9fd04fa7543f34ac7c32dbe7aeb44cd04a0756e2e11a09fa44844c880d84ddd1
FB	FB-1198	ee2aaed4279d496b2271097da52f58ce35c8263b93307c2c20ac9f08456653d4
FB	FB-1199	41eb3f2340b95bc9934319070d22c3aecc6f03a7d9f2d7db178e8502097d28fc
FB	FB-1200	1195c8efbae6d07592d67e5c6c70baea78179e9754b9f00e725b900272b3e06c
FB	FB-1202	7e73ccc6bf77055e0eca9e19095cfe1c66015b8842d837d72849ba34a2cae308
FB	FB-1203	4949a6566fd3e7e6ef91cbe5c3874c3b53459410005d0ecba541d20ccf1354eb
FB	FB-1204	ffb7ede691839b6e80acf97cbf2e2adc6b7e106b1fe537403b10d029a16d3583
FB	FB-1205	9917ec1c1be48887e1dfddd84b1f0a2fc15b21af78e149deedcfa97482f5aec4
FB	FB-1206	3c1f243a7d7df668427209775e1f9baa6ccc733a6f0a9ec907ca3f00cc90a0be
FB	FB-1207	36f565ef39d751087f9417f94e7dec3c0efb3cba80937f9c59bb14d49c9c03ac
FB	FB-1208	bba2b5e71bac181806ec9d251957ba10cec3ce3e04c90bdfa2e60772b9edb420
FB	FB-1209	c9288c7b9640a3cec5a16d819b323707a40aca6ca073883edd473e974672b041
FB	FB-1210	bdfc66277d8cd3ec44ef9213432208cce1eb2bcdac9d18bb3d2d21682a0e5e39
FB	FB-1211	a9f266e2a42ba78a1fbf317b46da6f337e5f07cde90c5934233bc9ccf4dc3fc9
FB	FB-1212	f82f8ebda26a35f2ddae9898d74128f5cb0c3e69428cbcce30de10bb4c3ae71f
FB	FB-1213	5b1609ca3634eb2bd41b605494115bab3f179811da24705f9791b6b656314c89
FB	FB-1214	1bb8533bd848bc1a445ef65edc040214cb935a100e3fbe1f553eeb163d38a5c4
FB	FB-1215	24df978cab55791a279ae890beb49a7e879331e490f8a8c1e5e5291b9b4585c1
FB	FB-1216	407aa8eba2258e14a6007829b41cd6c2eaf51510bb083bbf4df3d2d2e28e7a5e
FB	FB-1217	af40c82b3bd2c67a3f16584e8c53a54f042b4885af39c2a8f65317ecb68d8206
FB	FB-1218	6ffd1ab336aa23c53b6168b993bc4544876c3d3958c5003f5c2e17b67cb91c91
FB	FB-1219	2dcfde87917d26230d0ce607b740b34c57cceb7a31f602d57bd2d6a022b2ec3a
FB	FB-1220	f8e378e2e0de22a75baaa103dab68c1e259e18924385ea48d6e1f421df7d298c
FB	FB-1221	fa9d70d7bf7b933c9c8d7cc87d58eaf0cf40a253c2e9391168fd8a3a8076cc39
FB	FB-1222	ec16cf08158bdf4b270f79968d25fcf58b04b8dd1a8941ac0af995a5eb110067
FB	FB-1223	f99c2912b82b25781c4cb4b3ecaa1d06e97b1fd4ff4470e0508328c0bdffcdcf
FB	FB-1224	16d02efc6bfc110bd1ef9ebecf0ad936d524cf16409963a2193220df3ecea62a
FB	FB-1225	30e87335a827f5886114960a52cd13ad7275f3da5224b538653f2b5631134759
FB	FB-1226	87db1ca435bf7c754661cea0e48508c018aff5d31230d63561f9ebbf1a688537
FB	FB-1227	54e01c534e9dc8d1f052a4a11905064c0935203d531ee2ce572d5498824c3f6f
FB	FB-1228	07bd2a3c4c3c6feb2fe1ec91441fa5582b7c81d0e3588c47dbda9d51ccb9d198
FB	FB-1229	9e1f1458012e0582e5acbb9e1261ee8d676b4c3aa4082fe088d3e4205b20f3ff
FB	FB-1230	654b03d53b1059dde4c5d2f8c7d450f0fbe6c5906574166a0ad5b28c8ab3abcd
FB	FB-1231	c6f708f5ae621ff25385846e9f0b0933cd838f7e2e9c3d92ded5927d3f93f5dd
FB	FB-1232	1f80ab1091833ec8ca83a12ad12727bbb93c17f87ed326a6ee8248ef49fae757
FB	FB-1233	20c6ddb5ac0d888e44875762484ad58532511fab630cbbed71b6904c9c257522
FB	FB-1234	ab9937beb950386ea31386b9bba33e53fe557ec49a766f1a2e2b6ab808dbdd9c
FB	FB-1235	4f99349262bc9a12781506c1c7ab81851b0115ac47e8f8dff9454dd76be418e3
FB	FB-1236	33ce8949a8e161a237ab606c8d540fb6b6d7706e16af8ba511febeb4210fa1ff
FB	FB-1237	8c5658eba500f94e2a652b14ed19e9b7674d9c738b853c4015494ad0a9cc4026
FB	FB-1238	1b20fcf8d6db01aaded18e486fabfd53841527ec6412a9f334627e0cdf608f33
FB	FB-1239	c58bf09d23b1eb2c9c6c355ec7bc4d877ce6e0cfb91453ada672c02095f2a135
FB	FB-1240	8c756e1ed666308c1a9fef0bd7facc5541f7d55428f868772414bcb6ddcbc71a
FB	FB-1241	dcaf9a1b61138449e72d76bbe69410b11ba7db56eebdaf9d3d7ff0009b7383fa
FB	FB-1242	1c4b5b3795139577e99fe446f88157d89880986d9031cc81e214bab65ca2f3f6
FB	FB-1243	43dc15dc5433dc70022ed8893968cf77cf8283cb7fd5772442f96388685f1adb
FB	FB-1244	81a34b61c928e560120d8d9cf1c4b31989646480bc160cad7c185884f042996c
FB	FB-1245	c4a2a7e1b4f33a564df92582eb8f50c9b2e4cd7cb2526fdb5a288cedac93cdef
FB	FB-1246	ac706fa39f355095dc5b039a3a5afd00f9ea9731965934164d9561186804aee4
FB	FB-1247	8fb35cdd0a0c23c331cbb679ad23547c07a972085f4b285aa1bf8532ad226cf1
FB	FB-1248	fd4a6ce494920f96c56f34ff28c8684528c1e139ac2650ab83eac91e8fc65b0e
FB	FB-1249	18fa9623ac852b068c4173a656920695e3fee5faaf8f24cfc6b056f585958c2a
FB	FB-1250	874cf171cb59eb015afd24be1dd4311ab76381fcea18ed067f4aa131e5a79f55
FB	FB-1251	66b029cb589446b5d73c4fea7dcef7656f9866fe28867c728b64924dd9448add
FB	FB-1252	3eab0e8d1ab452ed3fff4f77867508cdaa0c2d4aca88f3a7b50bdd126f367ba2
FB	FB-1253	ceb889420149e4b2d5b38a26dc6e34ecc2b794727a99ab7730d89625e0ddbb08
FB	FB-1254	597b1e176b553468b96476a46ea38be159e24cd97c3a982e366736a2e00a93f4
FB	FB-1255	facc68a306c322a89b123d6a24a4dab4d434af0a72d31d9aac1c087760abfb95
FB	FB-1256	abbd4664043f94b9032737742e8de3695b9a4cba815b7d9b8119810ccb0da624
FB	FB-1257	03bd4df9bcb86a03e53860d5205c4797743b207ae9826434ef57a83c945c9578
FB	FB-1258	3ca8bda64f47422a34a1f9f153e16fa9de685be58446cc4ef2d536e37c5c6064
FB	FB-1259	8bab7a755959c8c1601e46284afa852ea1d1b4e18182c5837fd251f02a4b5f50
FB	FB-1260	be14cdf7e23e87d3db8dd5f52878fa07f5a1dc6a835e3d33658f67261230c32d
FB	FB-1261	5f2cebc3448570e394c7390e2f9c1c28acc12477616df62032db48ed4ca437f5
FB	FB-1262	6b3eee0690087bb0b429dc7becbfeb6db9ecec14b28832c1a72eb5bec08012c1
FB	FB-1263	77dccb8a2b06113d4b1e17bd23e14bb479986145413952bf68d2fec4b9c97034
FB	FB-1264	10cac58ea0df470fa123f743ab0e51fafb630eaeed1764699da2083cada739bd
FB	FB-1265	f47ba0f112a0558305c1bc28d418c9c53a7c821dfadf14f5a93f74f82a40f2e8
FB	FB-1266	94ab3c5fe94ce85da0fa72bb3947d067d89046d2ca9cac7768b3d9b9df651a10
FB	FB-1267	b3a13914e8c984317f9eac7488f2c82e2e8102e1b69124eb0ff08a9b2767dba2
FB	FB-1268	3b5782d4d7770cb55813fb179f8c57c0c52c7f789c7d97bb2bc905f61b2ce2fd
FB	FB-1269	5e2e91e0a67610815be6d53c071c4d13785515e074536c13e88c0a34b18f2caf
FB	FB-1270	1c56157a78ce080e9c0abc1df8b7b3c86f319cb919c12a13da831c3249365721
FB	FB-1271	04e865f974c2ca9f524502d102214696d20e4124739ef0dafe5dc70e4bcf086a
FB	FB-1272	d87273db4a2371f9bf924e387cf45e3ca531b131934e2d140aa903d3438ffc8b
FB	FB-1273	efa4e2d1d4fb55c05386883ab9f165e3afebf1ae8e860a2a82c959b99695a9cc
FB	FB-1274	2b42c70be86cdb5570da1a797b809cd13708df69283c42052d11828e6ad3738a
FB	FB-1276	0d38e178728ad893e27594f6c904cda3a3045c6316670ef21263848a5f416e1f
FB	FB-1277	82635e505c3f4f56de4d2a9126977590757307ffc4fd9cbc6634c8c7cd844074
FB	FB-1278	b9d33357078cb6803c08118d1d63a922e1f5bccf247ae146217716310aab0e89
FB	FB-1279	69400e543193552df30a550d459ab40e9e7df294638a8fceb38bdc9ca4406cf8
FB	FB-1280	ef5b9b1638d2c8e3ef4ae864bd53199d70387d50cbee764113017c3f96f22e35
FB	FB-1281	3bba79613b027e7332c8776a05bd237c45ffb53ea276cf61d074b3fa76847c79
FB	FB-1282	7ca8ee6aaf5fa0c2ed5e4dd6d4c1c3520d6aa1810cea78ba3385f965f75d1c93
FB	FB-1283	ba944f2f92fd144e305393d3fa62f770a2972fa05bfcd3245a62dfe6dacf78df
FB	FB-1284	a05ebc0c131d0a1b3cc47bcaf318aebadcc71ffed8f439b94d62570825dfc450
FB	FB-1285	f003604af304420e4399775cae121a6155529cee729c3344016a31a734b58247
FB	FB-1286	f330e98283198206d44ec9ff423859e22e3dd67795dc3c1be3f31ae8431d0ac6
FB	FB-1287	f732ec1230e76bbf702290e80c57341e4128b1138599fdd47113092a44d24996
FB	FB-1288	e0642a3d4baf9c0e8559de861042f4d840711b7ecf51f26db0381ebabeecd075
FB	FB-1289	4e6b076f09b5d4d05772ed0c48cff664ae1caacd2c3cbdf24da4c7a5da62f34a
FB	FB-1290	3fed49d380d0d138fac0907fd95f022494502578c9ea71ca8462ab0c0a5b1ab2
FB	FB-1291	408d6a37c5039646c29836747b92a568387746b8c6f45140f1b4ffd73cc61dc8
FB	FB-1292	d8048e25bd54fbd4a61ceebe9630d768aa4d9ff82ed32476c5b20dc8c37005a0
FB	FB-1293	afbb8f7cc2bd3fa22343a622003ae848e7977869b744ae2a2863a2a552f0edcb
FB	FB-1294	0a613b68c213f2fb4ed43cacf88ea526543e19d334b11acffb8c6d305ff2652f
FB	FB-1295	a54959a14319a9e87ba6e291c500f451aa36c2b7e1ae07a5f908b755fbd07b41
FB	FB-1296	f8fe0d430ef8d50605ce7aa5fc48786d31bd9bd1b1c925b6045f6b75696e3e06
FB	FB-1297	de931ab9fe7f76d5832e2b055da8430ff31858f84a175684662ae20cbca2d175
FB	FB-1298	3b458ef556e5b9c6ee0c4c4f22c712b5282fae2d50e0f9b96681973edcab45bc
FB	FB-1299	d283666a9b5fad81a98f8d4d83ca6757d29b30deab3ebbc04a2375c60d3e788b
FB	FB-1300	c31404f614318099d77fce23f278b4f80722056081d8f3b0de0796b3b3093cbd
FB	FB-1301	f446c41923a41e2a345147550f07b4f1b8b6c0f03e16a583ea3c4be7f8d0fe95
FB	FB-1302	5cd6ef0cd8c613a660afb0c321519af42827be0230a6f38cd11fddad052d4c11
FB	FB-1303	be719338f8ea7365cce9a975dac76e29b9672e634510b5a299971fe88a47958b
FB	FB-1304	79105faa6068e39148b8c4c654c15f5fb02bc92506c527dd1300ac89abc7be9d
FB	FB-1305	58017dc4e4ffcedf184aaf8524a2f5fab14c3324f7eb3bf326a6fba594a393bc
FB	FB-1306	011fb29f4d57ca5154972149f8bafaa5c3977013256e13834fafe44903b3d75d
FB	FB-1307	035452eff375fa8e998f981a14df6b0ffe43c0f6fda38d4adb28a3115d4aa258
FB	FB-1308	8eca55c4d193aabe1e343b8d934eaa27e83b738c69152c3bc943bf2e2fca703e
FB	FB-1309	454b8c1e4097bd51721d44b7505b594539b44361f51e730019183aa6de03e202
FB	FB-1310	cf7c203bebe5669f394783f9dfab33582b38fd5df8ac61017f760a027118d5c6
FB	FB-1311	721205f64fd9d2252e3e49389bd57806fb919dfcf42e5297d7099214241d05c6
FB	FB-1312	4b81e7435846c8c89b4cbd1e5fafb4c045c631a8af1fc497db36612029eaf0a8
FB	FB-1313	2c614e33bb3d049790902a2ec640f4357f3f1c5a656e072b6eadc2055d2f8d83
FB	FB-1314	1b6097addf30f2985030e5f3cc2936e7b477eeef11c642271d6da7648677a3ac
FB	FB-1315	01db384cb4c6269584ccd8bf718f8d0f711b91f60e29e45f8a3dca57cc09cc22
FB	FB-1316	2a00a191e9e6d50fe794dfbd50133ead9c0f618010abe976f3d20185e0e11764
FB	FB-1317	7bd8ddb70f9e9d5c6ad4d6b2248d9bc79f5b060741b4d38fbdbb2a4cea1590a0
FB	FB-1318	643ef00a216b82d0d020f467bb2b947a1e4728a34bf8a66df26930513e75d1a1
FB	FB-1319	819de2027cdbd4e4ce9e65c5846afc8ae4ccc6b53f1be5196b2ec31a639c2180
FB	FB-1320	bfa9c7814a627817682ee6b554348530e70e573540b41462e7300b02960a6e78
FB	FB-1321	961c6116f50b51ca503df9363301262073ebeca4e7ab51e84daf3f8ce4608538
FB	FB-1322	fa94f3a70eff9d4815e1b948a77e74946a907a695f734d87a5c18db8ad30f5b9
FB	FB-1323	b6eb56dca422861b931400e183a2a7bcda748059791b012fb4da82e15029dce8
FB	FB-1324	8449ce469487bfd3b2466c0eff7518a3c74ccbb124f6e3ba59752d1b35bb9d5d
FB	FB-1325	03ca92f19a7d1553180caac5007ec6cf5fefd6ecc4aa5ee78b8acb2f07e87bd0
FB	FB-1326	d46679d6ff335fad69530a3fbee552448f63c13e7b3e453ba6bfa033d743d4f1
FB	FB-1327	f3295f2660b83d7f684362b07e548b89b9fd43fdff963802ce29964106e5f652
FB	FB-1328	730f6c94ca6957578a7bc46bae4137c26eb86d2c879590dd4755ae30aed86d41
FB	FB-1329	6f9a64172c230de78c54583b2d4b14febc56c46a045d97a6ac67d786dcfcb7cc
FB	FB-1330	e1e9d95afedfda1fb87e1adee7114156347c669b1ef6f14e51492efc3d7fcb0b
FB	FB-1331	296dddff05fc67ed60d279f21ec946080e281b23beb8629a30d039a6a472ec2c
FB	FB-1332	d60cde12c333b2e800037c3e2b3e8a6b69c3e4b6ac29ecee2c33d80c4365ac6e
FB	FB-1333	f74a27d7101d9c0d281bdc9843daccb9ca5b23133ad80adf6c155ed9ab964044
FB	FB-1334	fe4e62bbe327dd335229082e2a66ab4a70d7abbe3e1071d43d9f73c7035645b8
FB	FB-1335	1bb64dbb86561d664d045e307e7c18403088dfe160e1d81bdef60d129c3c7487
FB	FB-1336	545eff629865166029fabbd432f623b81ee56ecc4803385fb0165911fd9db4a1
FB	FB-1337	0828f56c5919ce7fdd4b26857e41bedd14b8dd3ec86c2f38c718f56d1376b280
FB	FB-1338	ba52577aadeee2c0a2fa2f77d14f474be1d9819f2d6bdf599a4c5393420bf7ed
FB	FB-1339	541013e731d90bbb9c2617cfa296f430e854148bee8660beac9585df94e00bcc
FB	FB-1340	e12724a6e1e00d5f3c5c1cb6163ba07134fe66937cb50cfe4c092b26555ae5e2
FB	FB-1341	63e510635a080f21fd3512498a992ad49749e05b850580bc6ab899a966f27af3
FB	FB-1342	330ad73a3095f4746f186552340b7f03daa465c9f0e400650f523e75651d1c1e
FB	FB-1343	04ca8bea5ecada8299284ff268718f04cfeb06d08780ced34333e4ef17e18be3
FB	FB-1344	791cebbcd451a5c7b8f537162d0c8f3c7d15c8603753125aad1fb8bb45ea2c9d
FB	FB-1345	115638d7a2b10fb91bebe2d90ca6f3c16feb11314324bb0b6138f6fd8110a7a0
FB	FB-1346	cac8ffbeafb4c00cabe0bd6d240f2072fbf9a237e252ad354f98b3c3f03162b7
FB	FB-1347	a55d878953de848c9b7fbfc2de0207fd8728088a666ae7e2dc3f0697aad0414c
FB	FB-1348	df3f80ec31518c9d73487802caaee7bf60957f6e502ef079a48d9e10a9dde78a
FB	FB-1349	62e0651648c98d1a226fc3e020872e030154d538ea422cd514e20ff78a8b2719
FB	FB-1350	467b2d522e7acb7717464e8650bc4868d818380ab84995762337193bae4b4722
FB	FB-1354	d8f257942dd84532ee52f99bc370aef01f6abff1e1463927883f8d16cf184735
FB	FB-1355	8fe6b9bf0f0ecf1bba25b83f5ab384b787c26f68813cad9f21af83d719a0d0c6
FB	FB-1356	0f5ce497659224957f83136ac50fb72474e84d5d2be78da1f73f664549e23199
FB	FB-1357	c12e68b28c5c9d45475c96c752d47a3e047ccc8f7f4622ce545c042023adcc5c
FB	FB-1358	a3292273e05a8ed121109b011663225490b8e2646624da61563c3d0d719eb18f
FB	FB-1359	6a5d0922c65387b97e59ff4f8b9d03afc5d9e3c932f9bcc41c96bbf33048e780
FB	FB-1360	5931473d4870ba1cee7aef64fd11f8cce1e5a2bc194b7a3d2b21719d2e8d505a
FB	FB-1361	daeecda76991c52e98d79ccb897883307bf744953786cf987859572c1186d040
FB	FB-1362	9edce28656476b4beb92efff91ff6cce568584269d4b2203fcf8de6d32ecb69a
FB	FB-1363	6f85d18fc4555c09cc16de06d48307348bba7464434538c4b23754f1cc0608d7
FB	FB-1364	dc75059456031496c54052024bfe5dfafeb60b9c2925cc305a4c4a749967b4f5
FB	FB-1365	401767e4c0735b6ee81967aba70a7a2edae9f2406a5a013b78dce94f063ad156
FB	FB-1366	410074f58ff77764e526821f779c465911e4182abc6e2a919c8eb049a194467f
FB	FB-1367	f6927607ebcbba5ce99d5e865827c692cdcc40055b64ea84a55eac7afd434178
FB	FB-1368	2bc125aaf043c66781921ee678dfdad87f433d6a07b5d8ce5a7ed6ec9eb07f7e
FB	FB-1369	a19c57c55034e127cccf7ca8abcb5c33365b615a0edf7db9952c2b992db96b55
FB	FB-1370	509b6dd356912c248821857e151687b0045b2d2c20dccdd259b8159c6000fd5d
FB	FB-1371	a842a9b34e8049a669182e7fdb807560c6e231584bce4b06604c0bbc190dd50a
FB	FB-1372	900b864285629cae3892c8ed4d5bcd23db679907b948e470b2db535b438190ad
FB	FB-1373	3142c6e6590ec5b992d75a04ee2dca353fe8aac6aad77ff5db46e890d8b06615
FB	FB-1374	92fb53a5fc2295667a04958af8e9c3a6023defe9e64968af9d8e6645092c14ca
FB	FB-1375	5fbf98a72cbc88ed1dc4982745f5d1e5094601cc12c48fd89faecce4045a8f8a
FB	FB-1376	765674c32a315414124a4e3d728ef0b03ea5a290cc66c4988341a243caa99b69
FB	FB-1377	69d975e29ebe9eda7780782344f6c98232d9744c6a74b1d92dadc9a05c9742a6
FB	FB-1378	afa63956b26d09cff0e6d39da2aac061e2bcb78706be56035713e361e00d9921
FB	FB-1379	c7283d21243975e1c6f4dd329f9ae71e62051808d278a86eef6d46d9e2ac0bad
FB	FB-1380	493a3a5041510c796536d09cfd220cf4e273ecabc7719e8c620e0908c669dd7a
FB	FB-1381	c806ae261ec48e31fd8bd5179fea9f59567cb04cb8cb2582e1071e3c7a77ed4c
FB	FB-1382	4d05f3bf98af4009ed91dcae3952cf5737fe92430ef6eb5607f8be2a433f2743
FB	FB-1383	4b05f2bb75475771f0f86ad508cdc5307a69d7d492f27b4f517e70c624476214
FB	FB-1384	a06fb60dbe2a76935f24378f1a2d2279e10a81f234f9f96465256648a298d4bc
FB	FB-1385	c599859b6e624bf0535cd9d5bd62c7b42a281101bcd0bde17bd06d9acd6703e1
FB	FB-1386	3a777b3f74882b36be6457a610ed5d027c8ac56cd4c45762718244852ce90d73
FB	FB-1387	9fed6010d311dd772c0ba1d6b9eeff2ab35ab41a8fbfe2fd3fc5d073ace954e0
FB	FB-1388	510e853cbe63ea958f1b2783bea05ee45d780a3d4943c79df0ae39be7812bc45
FB	FB-1389	07a0eee59bd8af124cc4e2fa2f548644650fa85edc85d3fe975e9099e071aec5
FB	FB-1390	aa46431123983a6ff2fe5ddf3ff6430ce8027854167b1577d06be76dee4830d2
FB	FB-1391	57fba88ad86695b9b82745d979f936800ff2bfebdfecc00f58c3375ce66484ce
FB	FB-1392	c4d8bdc2aa13839161a740ecdc920d240654db0c09a9ad7dca26bf893e03c224
FB	FB-1413	65abf2973f5a9c0908ba3d474327ceb1b952d7cfe73a1541e57b1afba3431d4b
FB	FB-1414	d26d3054282f544f6c4bbfb1360d21b9326348d1add62fa53276d63d0f811fc7
FB	FB-1415	7b5b50a06263c813a5f3b8eac3e982fa91b08f42a32b7546b13953148a161568
FB	FB-1416	6241b74c2da214eec8936ee0dfa0cec5f34d9646cbbdda075cea2cd6af74fda6
FB	FB-1417	7d61f2803bd397586f87bc1538fd2beaa464c42bb564838d35f8772578f4fa63
FB	FB-1418	d4b2a438abef9b35e001a91ff005d7743662b3836386f478cd97d18647bccbf5
FB	FB-1419	13922404ca0a47af46fa820214b41f44bcfda80ed4a4a8221078308ad09b5ea8
FB	FB-1420	a4ad0cd4217ad889f8b97a9de8538ada88739eae396e7f8a167b49fb9d464e81
FB	FB-1421	d33a46876029723312f0de79a53094167ecff6c6a4e7d10767ae2e3a24cac4a0
FB	FB-1422	2ea2a0369e5e810704b142af3443863ad14e84080e0129991e9fb00f74ec09fc
FB	FB-1423	5ab89765b397a44d4f50744af1836bcf1f49c8d05939f22dd0abb19a079039b1
FB	FB-1424	d1d08f80d9682eb59fa79282de4cd005d02ee55b40b20aa00442a57bbf3679cf
FB	FB-1425	0770a72b7c98d8b658185fa5a273fd98e8ca4f5ad9fed06a5ac9cc9c42dee295
FB	FB-1426	7e773f429583050a6cc64d99996abe22e2bcd03f34b6013f7a533423c818e690
FB	FB-1427	ad8f25f56f5aa11676586913101a800df727219a856f76ef9dc118cd6f0498b2
FB	FB-1428	328c508d8b1cf258aa7a0fe246232f97928ff501ea6bf304f9255b66c2746228
FB	FB-1429	3a22058e0a595ff7e44b349b0d80a7d6547e22f8bb157c1f8d227da8d9724610
FB	FB-1430	3934418141684983ac4e8b3c3f5d45c80d6d580361168e2ca2fa29b4af5da5f7
FB	FB-1431	49574ab1c78120739a6586d2cd351df2f12eb043f6ce36d4f5d436695de63adc
FB	FB-1432	97ad81690d12a1fab89c702c7f1b423dd9809b51880c0e2b0a39b888cc4af771
FB	FB-1433	f975c27dc218b010116401dbb7b63b8a23571be09a974b3031efc8873d7d02c7
FB	FB-1434	bb031f1b340945eda9d70623e828409692930dde9370205fb88020c7f56ef638
FB	FB-1435	3527d9dd3d54cd11046adf48cd7c166e1b49ddadbffba3aa7cfaea2e610451f2
FB	FB-1436	f3dcbea77ded34ecac1ffd08ddd22fb7173bd15a97fa62ace70a2f3c03c20fb8
FB	FB-1437	5f26e48daf32415d0c08740ea74e82268108378c77c9ce12b531015256cba98e
FB	FB-1438	e5139bb4541b270e935db0b1cf104980051b2b0ac5a30e8926b5dba5e2f531da
FB	FB-1439	347e8e43ea8ea4d8a83eec583a0330f863e98b9a11b9db2330de6e1c7d8d28c2
FB	FB-1440	fe0b6b6a61518a214cbd5f5dc6676516c039cdbc76cbdf092eb4b1fa576edb64
FB	FB-1441	d872b9f00ac0f1f62c443d649a39d6799a6661672c7ea74260888da8c16d3d09
FB	FB-1442	9da665b3d20be59784a314100b36c3755bb830993525d79d1da2b71b3280eddf
FB	FB-1443	0d5b265979778921c78bdbd222a2e97e462930a49eb20477b0a6b7a6187f0c9e
FB	FB-1444	391b270eecc453c5c4fc07b3e8810c9913acbdb2a79fec360246413224b696bb
FB	FB-1445	46c10c98ef2e95aabe5540570b44c172fbabe4f46829de18970af91162f16235
FB	FB-1446	5f540da5c889fe5b99bab002706f1d7d3595e8b3163dbdb4a414e38c175b0570
FB	FB-1447	82a719ac998f630e7fafaa1b4ada701adc52f88e1236c0079ab16f3da385852a
FB	FB-1448	f0549bb6eefb2b5524de109578b8694cd98b9f1fc62ee9cc8df1884a8ea0a1a2
FB	FB-1449	55cbe61e44aceb7f0828b25f18862c05c2067df43a59e832e1b459b24bddd0a6
FB	FB-1450	796b07bf08556babe989cb3b32de7572784c7c367df2780d8e5962dc8727cf15
FB	FB-1451	e408576f971a8aab999e66091f35cb72b32e8f81d42114b3d3d5f136fcc1edf5
FB	FB-1452	e43f698aeaf68a422b29003f2eef92b9859cf8d3c1fabd5b39d526f3963e1e9c
FB	FB-1453	e05259f949e65d5302c094c86d90f30bbdb5c940b27427d584b2af7d1916605e
FB	FB-1454	787a38394652cdfcbd002be995ff9f5bda6926167c77a7c190ab05679e0dbff0
FB	FB-1455	81dad7d79222e12fc7e21272fc96dbbeb81258a328795de2140609a5961f6e8f
FB	FB-1456	b0a6b1860b35c53c23b990b15bf3b111b84ac7c62f8802be642c390e409dfe4c
FB	FB-1459	24c502bce902b5b6eab0bc118b3f6e30bae8b82388d152b7d29535d446ecf4b7
FB	FB-1460	d3ed381aef2d9ccc647d06c6bd3bdfb1bb4ad88219ff22f19db4d078fcd4ff30
FB	FB-1461	fe1cd0fcc1c966b360c187c048798b14b6964238a51ba4e782e3ae882be21894
FB	FB-1462	65d492c98f4c5521205e779a5f9f3b6e511847322446168e1bcd651a7a869f79
FB	FB-1463	214db641c2ca83030b50eb8d52083eb0f2e6bc243ed757eea583a644f6ec16c7
FB	FB-1464	d17c137d1f393be7347b7c83a5b97e8e46998a35482e25561048da793872467b
FB	FB-1465	165f872dc08c984a602fcdf59a8803417620fbfd498d3a20fbe2a70edb8e49db
FB	FB-1466	109de64332f13e260074a7c99d82b02bd4dc4088fe42486e32bcbea1770a5676
FB	FB-1467	31422a43fc3b89fc2e448f5e2c4cfa162648d35664c62d40db7fb08eaa7c9bda
FB	FB-1468	6955a782fec2416ae7d7c794b94326c18bc7a5d2e0a267d28bb0133a57db3280
FB	FB-1469	a68d58491621b34e606d225f7e827b03dc863fb3f47c261fd624f03014c4bcf9
FB	FB-1470	f3fe89bede24c015bd211e97ece93c92b449e5247791b6199733644b70de120f
FB	FB-1471	34e76fc5b32d6e7d65c8cd5af04524430ab802c7223e10a241fdcaa8b358aa28
FB	FB-1472	b5fd316ca545f463f57c1fce81e14908c8736bb113a906a8d288707acdfd1470
FB	FB-1473	4a5409689a5ad3b73758cd2e3a1fba83e1dccd6f5be9508851630ce97a6432c2
FB	FB-1474	a3cabcfb00a9154798eba79a8a08a6ac81e7a44392175d88720077e26a2cbd4d
FB	FB-1475	73ccfadbbd8457cee982fe2e74261f8ff2fa2d011c1fc80ff30b3a28303bfcbb
FB	FB-1476	6c39cccb8ef9ca74683769a655b23acedc56b9951ee86924eb11961985f08443
FB	FB-1477	4fdb57e9db43c26bd37acd2b9063858c20dcdc9ad24d952dc6c3b6e102bf017c
FB	FB-1478	47950de3f00099eff8c9da4c2d8988e36f16a8889ed6eb0469563d98cb998f6a
FB	FB-1479	07bb4fc94545f207510ec88061982a235e9e211d793f946f7a7b8f8597cbe5b8
FB	FB-1480	c728ceb4246dfcb7fc90a88b77003c5f978f2f9b7f688ed196b145dd903a7a14
FB	FB-1481	77d14d19d5035967025739f0d8a3a5cb5d1607e0ad248715d9971c1f3dbaa567
FB	FB-1482	54c0af37090bae843fcd2c54e3b3df5ec3f2f3b3406a94b549a902b71d4d4465
FB	FB-1483	61f281591bf52f379943202368e0f90a6c328b35527303425160345fc55f1e06
FB	FB-1484	5174f1516e5e6e6cb48122e2ef1d5445bbcf5dc18f94e00a12dab48a7309e41f
FB	FB-1485	b4dde5c3bbd47bfcba6a89d5934b2fe9d66462a8ebe702fc09e653bee8214bc5
FB	FB-1486	caad0ff806288c40535a8e2553281146736170e5419d142a8455c2bb2a2c46f1
FB	FB-1487	351e487ce24504ea151c2c21711bf1b3ec7fe5effecfd12438be6c440aa58b24
FB	FB-1488	ec448005ffedb3c8c9eece9671e86c9b81bc115b0460af476ace8622dfe996da
FB	FB-1489	faf6f44a0213fb5e57ab6a2ebf5f5a9ef1b57ef29f25e936c4daf01d2d5babce
FB	FB-1490	f0a389437353149941099319c43bd4b4fcbbb4b1ed415aed4e207e9718bc2169
FB	FB-1491	eff21d3e14a8485f0f7265e4ee638fab30d9f35539aad610b2a5967a56a310d4
FB	FB-1492	070c5c9b7904a5886b5b069de9c249a7eac01fe75ba17bd9589424e72f2bdf64
FB	FB-1493	29a18e2226b3456b42417a514502bbd46efb44b863c25b050b86cc1e0d0f89f5
FB	FB-1494	f3d6b69bcf66420eb06014eecbdcfd579e65f8d5c8551ffa605c6bb40d6e7a05
FB	FB-1495	74e77e3c53f996fcaf040cbc53e10c8a10a57adf745f76afa47958afa49ed73d
FB	FB-1496	c286f08b4f173f8d4534b16e626d3c9de444d2c2a8dc414375b87f13d8408e95
FB	FB-1497	58db480f9294cb2188fb1ad2de10d75e34c386a92c9d07b1a7486056b4180541
FB	FB-1498	b4bbaff48a4a60888c8f13cb218f7921adfbba28f6b55968beef6c31868fdd1d
FB	FB-1499	4ef652df33a9c1893ede04d6a288f60a488dd921d8879a655b721b6249b1ca71
FB	FB-1500	0db7656ad45c0826c1db9ee2393a8ba921e833a046e0fb5f392d902377c91477
FB	FB-1501	54c3a25b8717c3d11d292509bd467777fa32d57493b782649c22cf880a75a793
FB	FB-1502	12b976c7380a018f4d4d31557d9c4bb8df17196335508d82cfc6aacfdc355c68
FB	FB-1503	638c393dd410ebe097f2425088570eda5be875782444c63b4f2452a92b1116f4
FB	FB-1504	6374b646f996c58c1e63cd8e5571f00bfcef0a76ddc8ac851ccea006e7ca3691
FB	FB-1505	f98baa44fb91282f8a90f987baa6e26bab4ac86dadcdc24bbd1ccc02950779c6
FB	FB-1506	cad0880573632c5da459429ded6133a13f0ce7a9e423e3a778745a1988984cec
FB	FB-1507	4b92495d72dd886319b1bed30a3673f7f713c5d04578a9f8fb4686196341daa4
FB	FB-1508	797b0f46ddb7cc95eb1c69afdfd8f55cfd9b64571d4fce8e51ef6ac770ed474c
FB	FB-1509	ef99e82d3d76c54dd553e0f4d44b8e8dd860f880d9a443cdae9715603c880cc1
FB	FB-1510	b4a3b23cd3fed67680ae9f9048dcc07c0a93c9fcfe9a2926ed7ba9a1150f3b9f
FB	FB-1511	1d9efdcf63ff8ecf1e3e455a3ce66bf538196d60faf6e9d63afd309ca789e65d
FB	FB-1512	3182af4d940f81c7d972bc06b2c27e821dc021528c880361f8afbd5ebc6482a2
FB	FB-1513	73ad22985fbb0e6addec5cb969ed40f5a05be68050cd83f10331d8f96078940b
FB	FB-1514	aaee128ab1f8d86e85cae63eb97a0724e7e43db2716bf43a6e0e967db199b559
FB	FB-1515	aa166c4a7578d89ea94a26119adb91dd2e8dd7c2d8b1117e53beb97158ea2d9a
FB	FB-1516	e156e1fc5d82c2d8ba32d9fefbae1ae233560757d9d04da249194c3c3a280dac
FB	FB-1517	3c42aabee57317e158bc908996fd5959d699656286696d9cee3afb72d072f6fb
FB	FB-1518	929d290447b418c8c50a49d329a61bf9367fae6f69c1234028a2538f63647537
FB	FB-1519	8b9bb62db245f71546bce4eb7e275ba80761391a092b6df541a43073cd4b43eb
FB	FB-1520	20d3d7bc3350c3f5e56375a154e9cd39171090569baf61f4ab76b996670e48e0
FB	FB-1521	d0090b0da019957c061162f0612ffae203f3e0c5464eab6496e1c48c2d84cee6
FB	FB-1522	05b1883a374a0bd318cd0b4b0e910ac5de3c751d97b62ee9c4cd0ef5083ead42
FB	FB-1523	567533b8f63ffcb87a7f20cafda4ca5e4447bd47168acc68b4e5545a083d46c1
FB	FB-1524	1aaa67180638da326303887778cdddedde282284c83e7f7cf8b319ad58be077b
FB	FB-1525	f9bf5de79eaa29fc5ecfa39695f62544aaaa046a509bb6da76399c9ac20bcf7f
FB	FB-1526	b6f66546b349e91ba01605789762721a224a2c89381f34eb8a907380c34a14ec
FB	FB-1527	4160f27705336111101ee783b2b0cdd3229372eb8333c1fe641d34f92bf1f48f
FB	FB-1528	6ad637b6e31b81fb27e9830e6f4378199393da17f9e8399128e147dcb6328902
FB	FB-1529	4425972a27c977cdf6804a2e747a1b212df70ca4e497313bce1f505faae6144f
FB	FB-1530	4ee080f2ab3c5c0dd822c5e2bb30db15dbde590d2b9a6f8ed64dda48c487c4ca
FB	FB-1531	fefc36b2ec99c27145f60426466e23f10acbcf0406a75247281806329cc9d2be
FB	FB-1532	209e63cf84696c33b0bd804373baf1fb2fc245a75440dbfebe877cf579eeede8
FB	FB-1534	29c45ac4bbb580df06b01f6d8ece70b48ca131ff0b4720743ec9cacdd5245d17
FB	FB-1535	195d10f1bc57ba66a6c5995b18f058e253913bd5ab72a6a45c1674dd895c7de6
FB	FB-1536	0f544e6cc4e567a47f348d675f2cb55fb49fcc2806b86a41ad8dca824d942f5a
FB	FB-1537	003621d80a661d365eefdc3815b4e24381d5d6c764bb0575c85db03f06e6d273
FB	FB-1538	9f3428c9db704fc157218a278f2f19002339ac5195fc3ab635f28dbe01c8f432
FB	FB-1539	21f5e6ed48695c684a9020ec971ecf040d7a06c1e74b6bc744be1a547a727685
FB	FB-1541	768c5a9953aed9321e7289cc78362988808a276d5b61398154307be814d664b9
FB	FB-1542	111ef707390fb23f6cca79edadd07a35f20fb2f351b5307727599dedc7b9c480
FB	FB-1543	d32cd46d7f421d53a5eb26f556c46e56d6c3412378964a3f4afa6ad655fb8679
FB	FB-1545	2b1b40b2113c9f30a4ef3c5e1eb9cb337474bb96243fd9d8eef288d4865316cd
FB	FB-1547	cb6e27d95cf03cd19c12705510f7a2ba68ac6b743dacccd7a6e922ea4bba892b
FB	FB-1548	10764431fbd57662139ac9ba36ee32c4cca99c11ab493f7be4fa426fe3a97a55
FB	FB-1549	6943577431d0bfb522b2b7ef9b3630d03536b0e066964991795e969c4ed5694a
FB	FB-1552	afa1d9c64a50de0682f0a8c1f8be0a6c51a9cd0d4089d69d2dcffea7fda7cac7
FB	FB-1553	af89b7173ce436c5e0b9ee16fbc0d24edbb849211e518e6424aca49c13414c41
FB	FB-1554	6d05fb39ad974c6d1cb9280f5cfb8ca942b541a72222072f5363769bfcf4e21a
FB	FB-1555	935d4f55103dc9aa1031c955a84d7fe6f33fb6ba6fdfce9d3f9b9ce978b206a3
FB	FB-1556	c592a2117c7a313e6452133dfb0382934de7f1ea9bef4b7e1dd63a09c6eb3bcd
FB	FB-1557	182e146db61712c69a17f48daa013f99970c15710f3b60f77a7a78da9719dad0
FB	FB-1558	9e205e3af9ed68f706858e55970f53a506ee8ed358546c460ff0b8131b2b388f
FB	FB-1559	5e55183b5b222c7e1430ecb4050c5ee948e359410984986124156d3560437f76
FB	FB-1560	f9d06ea9db258375f7a63c1a1331dc4e3a82765c117397967d7533235fdea4d9
FB	FB-1561	4000dcb78ac421de5d9675668c12d938e4fb9894ddf47587fd9effebb5107783
FB	FB-1562	1f88094a692b45b42fabd06686b4fe6b75027e5d3f8fc9d35af81a49bd2e1d0e
FB	FB-1563	5ddcfac8861245b30b190e36e269ae5c01c4211180095b6a42d6ffec4735158d
FB	FB-1564	4dde353079a7b113720b528429d6a63e65802e7015d94e82734e353dc3b3102a
FB	FB-1565	7fc083b9cc2a03b0747665a5c97df3a6be1bf13474a9bde1c3237f91fcfb8c05
FB	FB-1566	ae7e6453d4c711446c0ca67372afc494aa5f95268006d96c18432eb73dc99ec2
FB	FB-1567	5c64c8debe4872d677d232286e823e699f2725103954775a7b7ad364353890b9
FB	FB-1568	1692698f86161d3672e58945b10bc80bc8aa28d34aa9849202b8b2199718b3cd
FB	FB-1569	dc26f595a18ff47fdc9f96b33276eb583be313126da1484093c5fa019bc7a0b5
FB	FB-1570	174060fae869f41930af27b53c6518cb87ec0372c4ed67d4995bdf709da8e7b2
FB	FB-1571	4547531e30e383f90c586326d52d8107eb25965908039eb2036facc58b1355ca
FB	FB-1572	8a6060689733c97681dd272575d09a62235249d0bcd275c5e49870312956e413
FB	FB-1573	2f23c36c440fa20727c0edaa5ecd07852f9fd68b0dcbe1867fa02d4420c7c18e
FB	FB-1574	07072124015be2077c329b43dee474e0346066a87fd9fd98026fee620728ce4f
FB	FB-1575	8df651618086b1145f20e1669db7b3512b68d20405acb54289a2e1f823a617f9
FB	FB-1576	0a7a95754e0141c83fcb60e504ccf9c2e913bb81c22703f9d3e4f7c409becb46
FB	FB-1577	25ff202f61c65d2563254bb24012578c4f297d73bcb129db000298562ceb5238
FB	FB-1578	82d8dc2e3e933bf98a83e66abc2d517470374f68b3a92cfec83275b9b147ce05
FB	FB-1579	5504a0816044a1ac41c5910cfb77d0b157e1b22de017a6f4032e171fcb107528
FB	FB-1580	50edc149b846b1d33d0e5c6a84e1d0ba367cff880558f4ff26cd45a705f51e0e
FB	FB-1581	85ce8a8d24a4cde56bba8fb3d0323fad351cb576ac5c882e279d5db2dde20984
FB	FB-1582	6b7c7774e1c9beb783f28c15ff52f1aa37ef89fba5e3616eea44c034e2d7a5f8
FB	FB-1583	27415c2805c299a810b7d840e97ec90c48889fc9509c0a0562d9e903276c5daa
FB	FB-1584	88ad0d12d2a8beed3fee545d95a45fb1908f58b2a1d0712b4e04733dbcee8dc7
FB	FB-1585	775ecb9b98c33522482b84247e2fa471e4cc11d260faa872aa8102042417b3b3
FB	FB-1586	6ad9346929a60c428b38dcdc45278bd17a5b232f4fdccba202199bbaf2a80ba0
FB	FB-1587	a77f0517bb013ea9ab1cd526cbeb1da522906efd77f851a4c91a5ffea634ba1b
FB	FB-1588	c08072d77d301152a58964830e95aaff9e8b09355721b0010b6b7c9d5f4b4077
FB	FB-1589	3010175ab24ad6b8b51f001a7917d623343cf301bb22fb5959724f7e98f5b2c3
FB	FB-1590	73f54c88edf6dc7436be92393c99300d83f08d2d528b48d7fb1e7b9f7bf1fb35
FB	FB-1591	8b4dd2ea7ce354469bba319ca0c9e068599c3f81b15405c46f019375a3e058c4
FB	FB-1592	4ec8ee7eb72ca6edf942ae22ac745fd4064c0601b080034143baa9843dd12848
FB	FB-1593	2b4583916c0165dbc5674cf6aca4fc8a190907c5a65401283325e5d4ed598bcd
FB	FB-1594	3055326f84b5b1b88a53a397c92dacedb316dd047d2078d3073962a3d9078568
FB	FB-1595	512430fdd9ea666d46aa975dd8f64a29827e49d76785c8d677a69a25d1aed76e
FB	FB-1596	a34e9c01b2158fe046561bf7cd6e0ff2ed6dc3efe491a9dcd86094890a717f18
FB	FB-1597	d39b7675cc0b704832729cad0fa0009421eb79144dfd756bc9ff47e17d8fc7d1
FB	FB-1598	c82a3915c6997505da342a3701a36465b7e7d99b7529209a2e6dcd6a9627e2cf
FB	FB-1599	4f33ff82a54a36de2dd30cfef00237759de1a7dabdbddff3a8cec858ecb6727d
FB	FB-1600	4a79927c91ef72e00f20ed771c43ef9e348d2c862abefae64e205f9cc87edbc4
FB	FB-1601	4fce89806c69a516ab24e415619b5ae1b50ad32dd478c6e2e477e307944b9b21
FB	FB-1602	88fa6ef6212283ccc630a120ac37fd3e8494f4d888c3b7be7f32de2d32f3e95c
FB	FB-1607	7c47bdba92185697348ac47c306779d73b0352a931c13bfb081571e229ef5297
FB	FB-1608	c96793196619c695451e90c2573c21d791e67c051ca5859b69fb9372ea10a11b
FB	FB-1610	d96ad9cf86ca03e49b4d8bfc57fbf4e0fcc8a5c580b63dda83b8adb4df9628c4
FB	FB-1611	4fd2b3b2251a8d44fb975dcc226865c32d9c5e4c93e972d198b98c05fede3613
FB	FB-1612	55de04d98bffcb0c07359315da137a3c302c7bfc6312fe7b27b69918351df8f3
FB	FB-1613	738f9fa68a266015ed61380b268101aa04054cf2568727a4b1d53bde9aacb29c
FB	FB-1614	0d40f769e6d02309977823b22cf43b0d326d2dd1e48d39fde5637be5a1a1444a
FB	FB-1615	b509548ca1d1f8ec61bce9d2619d509ef3c7e190b134f5581d6ebcc1dc101e8b
FB	FB-1616	da0fb467015708026ce74b78098a7af312edf7431239c1e79d3e3e663e85dfa8
FB	FB-1617	7d8c195df669e3021b7465fee136dbcc7fc7e3ea14c329ee9f12dea231d3b119
FB	FB-1618	4a1cbf500025aea0d2868deb7e9b48ad42f2479ac646a77859f8f8381e6fa494
FB	FB-1619	5ab531d8f9a76358688221784e88dfd285101dcd1ba0ea64831b8c81bcd8752b
FB	FB-1620	5d5c2f9696db0d13bdcba9084edd832f166c2040972508882bb1ade31caf768b
FB	FB-1621	f89a59fa1072b0dc5b125bdd012f50645daafe40ae6197754412246274a3af67
FB	FB-1622	3208de920465cd9c1d0417584636fbe31e584fbc376d68f3e07c910b5b5525a8
FB	FB-1623	9776914148233c7aa1afc03198f5b8ce0adcb4de70ecb77b57384c61c18b6ed9
FB	FB-1624	38a4785caa5c37a667af5936639e27fb3d3416036523bebbd743d423eb512ea8
FB	FB-1625	abb2ba69766b8e5f080c00c7cd826d6b7ce1ff22b53eb49399997ef1d334c17f
FB	FB-1626	b75e1fedfdbe765977424a006f38c18cc7312f8c734b6a03a59f30705c57d145
FB	FB-1627	2b18d1cac6f3ecdca07e79737b9553d01b1e0415cfd47d2b690e494719176d63
FB	FB-1628	af2ae6d9fbbc18f4cf43a79d93aa48ae9a5679015295c4c3e2fc01212bb52242
FB	FB-1629	5f1090241a19746147bcc23f880eda1e65dfa5bd21b5b3293250cc92c8b059da
FB	FB-1630	2cba03dd12dcd978f426da2782ae8f11662678f6572e41018ca0e3653d411e4e
FB	FB-1634	2305058e521a4352333db7a8f27d6c4d415b01ecc9d03df5b7586ca194cf97dd
FB	FB-1635	8f08ee938c8f778daeea50fbb45fdcbb78523a61528e108cb35e9612ae755732
FB	FB-1676	829435aa9aaf9553d3f07f922b15be2aa8cb4bbd492b152c3d2ac03a7f8a90c9
FB	FB-1677	79ca2999a8ce321175541d0f0757b7a5df8b8e5422b7ab7b36873d5c9cda9fd5
FB	FB-1678	7e006fc506ed4b4c01f5c947870d3d46c45f804c73d1ca63cf09653f6065e805
FB	FB-1679	a926b81b1861aa64455aed86c8c551dc6dde1d2c75b47c488c206faffd282dd0
FB	FB-1680	b39d0e4648b81fbeec7c7b9bcea5f66c9dea9296532c0dd4b35cdf3e551a3983
FB	FB-1682	99ee727772d4ac3f5de41d7273e5ac573506c20ada886f4335302451cce16652
FB	FB-1683	ba70f7036671baf61ccc9fc7d9129e6e56150d59e1999a3ee6c213178387e222
FB	FB-1684	8afda9279296696c2a415a5492e65570132bc7f9466a26d20ae36178a669ec95
FB	FB-1685	a84a6da4961bf15bb8682426a091f633f05ef02b949f195cde5810ea8d92100c
FB	FB-1686	cf1ffd98510a8f02df29a282583afe2a77aac43b82477ba9013a1aa2dad39237
FB	FB-1688	a19948de3fc7a58102564864d80458dfe9c3f42d996bda025484ffdd036ebf4b
FB	FB-1689	2b5599c6a52962bbbe459024d648a652a3c6766ba070eb4a9adf2896abe340a8
FB	FB-1690	aa1b8aa8c67e53f8b0b670c98365bdc98f225d092088292a1fe179f8741b8f80
FB	FB-1693	e8da511e00ad19283f2bad83b43a755eb120c681469768caaf5335b51a0e893a
FB	FB-1694	a827bc6299001f4b109c68c066356cdcba61cd0b15cbcbdc14c0f5f7f76472b2
FB	FB-1695	ede426574d2023812a6d8666d653f245b7e61c56037dc12b00cc206c5c993c5a
FB	FB-1696	8ec842122d2b6b1b0c21999fe913a423b47a9f92cc3439ca94fd8dfad682cac6
FB	FB-1699	474c22e42a3c88878661f5cde7b5eefbd47372dd186bcd49d4342fb38fc18394
FB	FB-1700	ce4e433887ebe59e403815d59284a06a2c733b25f893d58aa86be39702c9a40a
FB	FB-1701	cadd65302aae72ff55ec0a1ed2c8809f3ff267778e974c6be8b1457c57274606
FB	FB-1702	762c215ce808fc5ef7ce84b0f21ba284a49038cd64e0766af29ba06a6fb0a1e9
FB	FB-1703	4ab6e80c61291c491e4feac9f85c8a1080c132dac7456f1f6431ac52f96de6dd
FB	FB-1704	3b76ed1029315a43be5db16ed9e1a9ec4fff5a7e8577946988c891b1a6e422b0
FB	FB-1705	92a192af78bee263092407cecdb7024f7b12cbd3fff797cc8d21f7b656b6dbf3
FB	FB-1706	7d4db1339b29c35d2b0af82bc40e5570e499cf3ec7434e91dc106cbb45d612db
FB	FB-1707	cd668270fe791597b7a77fd624d4f5e678569558c928b151ad9b2fb958ad8956
FB	FB-1708	92ebe48216c035754e0e60ddb3b753907aa42359c0bd4f07599ceddd67d7859d
FB	FB-1709	8301da663fe40809cab5e7c92c5dbc3e0b772d6138537e3e9c452c0c113c7b68
FB	FB-1710	1f2a47a269477a5da43e0bf20aafd518f8f5a4b29d9cf5e2cbccc545b8270c8c
FB	FB-1711	70ef8b9a4afc59e9c397e70f31379dbfd38d9c70178bb4f3ea83f963d16810f7
FB	FB-1712	8b1d806c9a5e5bcdf8ab00d312a446c8c4b4690e6e28e3deb0b2aa4aa0c5f731
FB	FB-1713	32c525f0cd11cef51811d0e29c418fee0ee00c6454fbd2bc07a596530c83d04c
FB	FB-1714	57dc4b1c4e583a6e9b73302d62d0023cb38bf4ce072f2e9ffb6f9d55eadc47fb
FB	FB-1715	02d37471a5b2213c6edf8ca17416ef0183a0a7e0fbe27c023d6748d97a96e85f
FB	FB-1716	45a2a021a21f32f009bb292384bbb8c55295eb3386023e4325ac39d416c625fb
FB	FB-1717	84a45777f817d35267dbc987f1d17bc450ce212e187dd89ddd60a8a2a963fbad
FB	FB-1718	45f14d9addf36b456852be83249649ebf20723b485dd2bcbe54e890da1eb7f3c
FB	FB-1719	b4eb33a41df509c85348b4479437a4cb3cba298510f235c0bba7d924497ba9a4
FB	FB-1720	edf75573b0fa8da95f0cabbd3f1b408c47b3863adcbe6f4a670c70f39e566d00
FB	FB-1721	c14482f11a1fdf1de09fa3675b2865a149c29c19cfaa707f27fb7b304175701f
FB	FB-1722	653b90ebecaf49fe86eed02301cea0d4be0b1b5cbef942dd4a32cc164c1ed901
FB	FB-1723	f408fd3a0bcdbb2da9120a6c187616c78e14a640fd218aa5f2bca2ba216ec921
FB	FB-1724	eb46dd707daffb3cbdd82a3b9a8f9fd3b4e8a7e27df33f4bf7f18cab0741115f
FB	FB-1725	be30e9bf49fe20573d249e7289a1d5e5d69032ee618b8961f8a8df887b265a3b
FB	FB-1726	9e0597eeb17987860db881006bd91516b436f23d1a141cde638556d6f0f97ae5
FB	FB-1727	52ccaf6b18072acc5426ab0f7a89597dfc81a6e492852ed2db78e8321a47ee8c
FB	FB-1728	436b6631677c9d84ca81ca19999ecaa4eb4f817c8ba76fb72497678474b73821
FB	FB-1729	d5923ed1535f633d3a15d0935970183e9d0ee4bade5fde2745ea045595603459
FB	FB-1730	27c1eb49a543b7fc6ae3f09170f431896eeefcd46c84678ecdc5aa6c6a7f77ae
FB	FB-1731	6872d30626841c6b0b7bf7b60d1921276f73ea089b9ff0ecf21a7cac758ecb0a
FB	FB-1732	cb0974a6cf577ad8de900cf8edd4a1b4dc2de8f87c47eaa9d58cd0b5249cb776
FB	FB-1733	c5314405ea37ba3dd007102be0937935896a58b82605954a3945f347deb14aa1
FB	FB-1734	90c1c13a297d6ef74d558a6a114c26ff4a77553d601ad417bef194185e24ea2c
FB	FB-1735	5297df69ca5af570547546574e4bc79e311a178820760701d5b8fab704828a4e
FB	FB-1736	bfc54c3609c909b37e23db93412340b6257c5316e83c2a14fd4071b5b4c8670a
FB	FB-1737	a1582e90202cd14193c2f4b5cc23747314755e77abbdd1c908d26bf91d767b55
FB	FB-1738	0670769d13ab49d14d99952b7808ec53a74f624bc87d631442fd8f144438120f
FB	FB-1739	e768b4b62af6de9309e4b77bb6ef99541130202540a37bae189dcb2da364587e
FB	FB-1740	6b9a377d850412e94d513e6e43866d86c0e5e0c9dcd50feb8a3674a1be570be0
FB	FB-1741	75547c9d0bfa62c1ef676e40f2c678ed5cb26019e706b0477353d3d480375f08
FB	FB-1742	e7499c95af055296caafcd84fe39662bfe407cac53b7df1f361cc23f3075ba92
FB	FB-1743	edd3298efa9771007633835c39faeb8f77c1cd8bdec6eb117c04470dc5b7d921
FB	FB-1744	b5953a909be4b3e751c5fcda950f1058ea27ef1d8f267669526c5bbce377aefd
FB	FB-1747	baf0b7dbdde19ba2d2e598995b8d4c14f35827487f76ceb20bc6411a53872cd8
FB	FB-1748	a1b4a59e0354d8820a47d08d64ec638974a780379d4ddf2674110c03fe4dd85d
FB	FB-1750	5acc261e4238d0ac891f6dfc72b20f28b7db5ca7d3c57594c95822c80204ed85
FB	FB-1751	f0af177a4cc5680df00716e3e8affa0483a1b510afe4cbb79112692eda2944c0
FB	FB-1754	0b0b508eaa38bfdf37a5a1855a90d57c01403816cfe7040e3d90b618204391dc
FB	FB-1755	197da0d060b3814208f16a532daf986d7b05e932726767eed17efeb4f13da8c4
FB	FB-1757	7ae60dc6fef59de3cf1d905579b55384ca36e47e566c0ec7852453322e253d5c
FB	FB-1758	f810146734fedd1f7c59cf07c1704309a8eeb1187a4227d5fe768277228667e5
FB	FB-1760	0f9929dab172a37bf6d19e9df9b9c03a2b94737ac47811bfad2c8a1ada936bd2
FB	FB-1763	6e420e04104f56095857d303b77a8a6f11230a24efb5c9ea03bc327ae471e28c
FB	FB-1764	93e5e371db7415bebc4eb65df35371d406e5e135dd7025026bce9d203d8d8db8
FB	FB-1765	ef39dd72e6f0348c0b8818a8ae8e0feb0223eee0e9895c6080ac93045183c3ed
FB	FB-1766	37e1f4350a3d65e685308a8b98730cc1e3b3c09160f61cb1109532be4cfec588
FB	FB-1767	e521297dce667137187ffbe8432f703c4449ea2913029205181d10a72079a9f6
FB	FB-1768	a2a5bdf4913279acfff908df50225c93a20224a66b621bd4b2c8ec159b71ca12
FB	FB-1769	33dcde5867f15ece9de1500c00aaa3d020345ebe367b233f6f958f8983084fd4
FB	FB-1771	4908684cee3f180f945af72f018d732a8236db5d9bad6d4fcf7876b12c4f2a93
FB	FB-1772	73841779d6460350ae168f4ea4c975450f4385643b2a5abfa6ca24d496843244
FB	FB-1773	f378dad40359cc08e064044eb1a8ca065148fc62c0d7576e083715e30fbf9416
FB	FB-1774	32f2b8a0862410b235e128419e1eeb49655648bfbb39a2038fad52416d582dde
FB	FB-1775	31d93daba35e4b4f954a321df13676c0dcf7d7d754e4df0292b12e76a209853c
FB	FB-1776	22dbd01294f2203252f2b13d2026365fd685f7c10f706b3fd1c7c9b87a36dfb3
FB	FB-1777	816ae919faf4919f0c75a866f93c728ada316e4773a813c92c0a555d46ad0ac8
FB	FB-1778	ec4ee8b200bbae8466ef750f7295437ad8de6532d4a88183889b98e209a2a8ae
FB	FB-1779	ea1769dba0b39bc8cac823112058128acf700a3cb68518975f17766e6eaecb57
FB	FB-1780	67d98991e92cb91c13d21e25d9f4dc04f90ec60e9c7e183031134a641ce743d0
FB	FB-1781	2c36eaf215aa843ff5423b320e098782d2296b8a90eba0178ffc020ccd13e4eb
FB	FB-1782	c4259d367cb63b4fa8c28b98b2ab8905cda4f19983428b7f40c78a7f7a87062a
FB	FB-1783	0da7a259a1eb6fd3d4c005b58e465d941d688e1dace5b7743b6a588281a7fee5
FB	FB-1784	b06f4890ce261243d65297bf85eeb252c1b40d8e78fbd86664a380f18f09f90c
FB	FB-1785	39555c09dda40fd43917e82729730bb94a6f88ade363c6f6cef737bfd027864d
FB	FB-1786	7ad119cac03d41f0e6f96c41d186e95c98b2467ddbb70b22b019f3ea7ae1e09b
FB	FB-1787	ffd6641b13fcd37ca4c68b00513765d1be30dbfca6a2b7034d827e22cd6c28e8
FB	FB-1788	88cbcfa395106506cba3bec1fae482463a25cd736877c0c8ae83fe014e73207d
FB	FB-1790	717f9935b4d9ef0bc9d2cbc927e11ca2ddf780a4e9e8b55c7f7512f822538178
FB	FB-1791	07e08105973bb3045219976a641218e1692d36cdf161cb6857aaf10b59484bf9
FB	FB-1792	1316d012178a96b3fd8ac292b165fd3fcebad19938e228ddb66aaa0a41ea6b99
FB	FB-1793	818e7ff5d6e863882a58ba16ff13ae1b4a59ef7c0dae0e4c06bbd59de89248ea
FB	FB-1794	6eff60491ca166fec81a685c5707104e5cb9d0402cd4a106971a0f4b556c825b
FB	FB-1795	d9559e90c1e1f6e8e16ec34b0c3d4b18cdd1eb015f1056cc7fba4b728a7ceadd
FB	FB-1796	9e29f21a9b72081471763780b734795b5421cecb67bff5ef6d8a7fd06d7460ad
FB	FB-1797	3e0db57e791f9a8bbf6dbad92b6ab8a7196d4f4dad928a766adf089ba8a344b6
FB	FB-1798	65989e2b80fec7d05a635184280790e527425d24250056ddd9504d72b73c7390
FB	FB-1803	b5d2da812b60f3d7f1e2a40e2cd19988f1b7e5114b0d3e1b3be5e1a55b9fdebe
FB	FB-1804	2b01696a083dce9878c7cdbd4bc1999fea7f20e5b4b495153eede1f8d5c5eb8a
FB	FB-1805	cc74e1f6fb496cf8cd71f3c2cfb66c3e6be48a8aa390ce5f30d993c0fbf66835
FB	FB-1806	fdc87557e9594110ff7a9661890433ed4ab1ff9ff82a2024ca58b4c9db358991
FB	FB-1807	b8eb28ea548d71f72c201b60fd90a3caf23e46744a84277506b90b746e3ee82b
FB	FB-1808	a107095f3b87d5a5af8266e7e83d2ee4d5c5c5275bee9a1938a216bcac4a1951
FB	FB-1809	0875fec44a4ef1f541ccb0ec2890e33974de9d756420e19dfb9cfcf519b46c3f
FB	FB-1810	ae5792abb02c442d9ed9ebc4ca76e9add5d08dfb2b3365243db63b473d720969
FB	FB-1811	777784febe058826048fe56d7bd35e96073b14ed55f16a3a205fa4714f890e58
FB	FB-1812	661f4b5ae5e4e18dd61d1900c42fef2ab4c887921c106fc7c22bbe5c9dc57ad0
FB	FB-1813	ce8bff5d88c1af6d38d8667f521c3f0950096bca4a1a8394d92c1da773b0110d
FB	FB-1814	90ae6d349fac4c6e91902f197a278046ad44af60e0af5ee11564848a9887b03f
FB	FB-1815	a7d75708d32ac60197f50d486ca7478e66a736062b92cb97dbfb58fa73817518
FB	FB-1816	e9026709ab2c0ab69ca62b37a91c7aaef94f645a6e9c675eb6797fbf01d53166
FB	FB-1817	7f1b5fe946b3ca656a21d6351d400321b0ff21e9ed3b0f6629951f9932c95633
FB	FB-1818	263d9e6c2793940f649d9eeaacd0730dddfe94d0b4a6902f0bb91cc4afbff522
FB	FB-1819	5dc3e2541aa264b4ed3d4e75f9e5b27aada23695e3ac2f9c8b8e79b3b27e5b79
FB	FB-1820	e9ccb81671e9a514f52c7326a7535b4ea9b15daa3db3e56ddbdad61e0941cfdb
FB	FB-1821	6d060c252dd743d2626da2cac471f17beb7f6619b9062c970aea4a85384111de
FB	FB-1822	e4d90be811b389d8cf718988b667c21d8d4e91807a71ae0de46e66fec4a72a34
FB	FB-1823	afb4dc1d9a7c867af54f3f9b9e5265b383bad70a5c3c12027681d963741068f6
FB	FB-1824	23aa0e532f3da6405434700b288c62af8cf493b74e496da307acb52e88d65083
FB	FB-1825	2686d800c8e7b94838ac8a46fcd1d46f99462ba3ddd6574bb00d389a3d9c32e4
FB	FB-1826	3655c942b159fd29323d8905ac9b6d5bd5b3e21a04bb834273e39d38c19eb19b
FB	FB-1827	34a1444f813338612ef95d371c0271cc8d35cec8aef027dccbd46b4886f73834
FB	FB-1828	506d9291ceb54c1129f305cb383f1a608ad70c0ea05a5d9a14caa086dc9c1b0b
FB	FB-1829	ce486c79f35bf091826b295e1226e740191b988b6ec97c737919f9468a715867
FB	FB-1830	fc8775a756ce5e848d55e4c8b69845bf6ab073c15790d3f5aa251316ac79b84d
FB	FB-1831	3a2485c3230e187676ac93cedbe83473ac0a766638893be3261895fe45f08caf
FB	FB-1832	a6f7498a0a570879f025a8ab821cb4a95ff6bb79f0e94f662cdfc8c1f9821d40
FB	FB-1835	c35eb2ad98eb3807f39f6888978e182d2ddd06488ce6b6494e3b980c416b752b
FB	FB-1836	4c5c88b15491f9b69460abbf9fe2ccf708e565edb11e5ccbcf98365fac27d994
FB	FB-1837	d7fc31d4238fd3bc40927bcb4b285f0a5807c8ba629ef35c3a21ae5f453a7c0f
FB	FB-1838	55ec9c5a4eb2e9a921d5eeb1c369633ff4a4efb8038012903d4ad188844c18f9
FB	FB-1839	01faf65e7cc0922200e232fc9ecef9fbaeea9ed29b1ac867daa3aa01dbb99e1a
FB	FB-1840	04c861763b39377b4ddd95462a7c2863f6f271f6d5d0af85e32b25b194b51e2b
FB	FB-1841	f60ca345a0ba0fba75c919771f9c27f1905cdb6bd0ee79adff9f675030184cec
FB	FB-1842	040558682b9632b0639f602f7bf9cbda23921a2496c77af53ad93f199bea5ed9
FB	FB-1843	47a47d0165cdfcd5171f4fc55157671aaf6aea5b9cd21779c978a5dd709e9de0
FB	FB-1844	0f78e809d2b5fec01d2d86505aaac596e36111b52485b051389336d0afb02939
FB	FB-1845	2173774c0f217031450757a6bc2aa5c1f640564e230243e8fd8903b8d98a4dc8
FB	FB-1846	63dcd66b5c6bfceec0e3c4989930a3d3eda4cd2d57ffd3aeae9ad6843f6f7893
FB	FB-1847	8a719e0906c9c009a0e06026f882fa57bc0cb31aff719a56d23baa6c61bf93d8
FB	FB-1850	074bfc1521d21dfdfe89da203d336dc27aacb056002dc720d13946b0eea26945
FB	FB-1851	dbeb7dac58ca9c4b05320052f2cc4eaec403392d4305436f6ba12ca8bceb474a
FB	FB-1852	858b9375e3c15835f533c42ae30c98ca1dafb891f51395b24b32a17e979a05a3
FB	FB-1853	093b03b083904df020bb2f88d672533ca9853e063c980778a2c0d1b0bcabc746
FB	FB-1854	208a513a3511fd546ba1a01b23dafcd1cd1c28f063ef9f672f50d90ec0dbb579
FB	FB-1855	f12a0ba8df12f40d5c215d195637438c28e91b1e50be58cea2ae720b5a7bc5bf
FB	FB-1856	9054cd02a6068f3ecd1e0f1d6db21724d6cbcf6b2725925d9026052c957e6668
FB	FB-1857	4a47ae1c2aed4a9e98b4c9f35ded7bf4abaf998e63052d2fd6dc0a090fdd3d23
FB	FB-1858	87a98c6b52ae4727de3f38072676bc215b5029b4a182bd99157b310b81115855
FB	FB-1859	b05eeda91a47e99a3694f3e9c6843bc13cbc5719d466848ce93d687eefb7ecd1
FB	FB-1860	148b8cd37e9dbcffcd57a6b532de52ec83b1c09285c6e1c809ea3b824e3c2f57
FB	FB-1861	ea46aad0ce53ae3cb6cb436006744c7e59ac69cf2ab9b05143eaf5a15de253ac
FB	FB-1862	09a26c42789baace06b05c41ede00edb913716f48cf90bc6bd78ef199638630f
FB	FB-1863	20c197b0caa756521949ec6421f86cecffb71569a25cc6251b8bf2d0880a6262
FB	FB-1864	025c2de80bcf354c82acf4d23c3ac7bf93b25b2033d876bf90b5d9223446d43b
FB	FB-1865	8ef73a849d503e7c02cf6e13965a67723f8458dc34d68b367fc89d98dbac165e
FB	FB-1868	de11f1e2832f626eac4cb0037de95bfa54b05166709a7e99ccf444c97dacbdc2
FB	FB-1869	1a557a1911ba004db71adffa1336adb07110992b8f1ddc687d866184ab6a0ab5
FB	FB-1870	a11b6dbc196b22665cca8128a93c3f470d51a3f1c810f44ea76fe7f96bcfdc3f
FB	FB-1871	6b68878659b1c7b519711008cd71e8a57f61423c80215ff07b76ab5b45b0cd45
FB	FB-1872	3f3627ebd0c09520fef40bd640293d7d2c0e542ebd458e48d8b97ef716a7e016
FB	FB-1873	8fc80f409246d74867c2e9d52a72228bb7a93f58d4b6b28fbb1f4e1a0b03d143
FB	FB-1874	397c74c238a9bba1ffeb1acd83f4724c13c362315669adff79ad1b57dfc7c3c5
FB	FB-1875	c24fa0ecc01a19a586b5294a0d596dbc87e249cd212dd2df0b68b9b49ab3199e
FB	FB-1937	9c8e6efdc8230c66afc4c0d4788f58f77f640265be098fba627ca702c24a8841
FB	FB-1939	aa4c5fecf5394f75c176dade7efde5815dbe29edb62a43f45f3acd78f2c95dcb
FB	FB-1940	464b15d90b0ef8e74644dd4d7f02d952fd4a872817c848544ea024804fcbe61d
FB	FB-1943	978d09b1856c1662b43bc99fe4e08907ae4f5fbc8e33f5eb8305e4dde1801922
FB	FB-1944	ca12a98da8c47643fdff09988c0991e4e184de576cfd589b04596f8f35a5ed4e
FB	FB-1945	e856718e73b53cbd939b4ad56eb7cfe12b555bb32829710655c1c156effc926c
FB	FB-1986	27693f66e9867f7cc9ab00b266abdc8c8759017c1a4359065c9f5c7c3ccf5e08
FB	FB-1987	cdbf7533b3a92515f563dfb2c7c4a1f316e2c4b66a142d6daf8a180e9064be45
FB	FB-2019	ac96c2c3ff5e7f899d984285ee9d7d93595169d7fb82dee1aaa4fb42ffcb0556
FB	FB-2020	8584ecbf96e16db3c2fffe0920c1ed574567d6830fe81d2a21f7c382bb1d4f81
FB	FB-2021	48ccbc7c298f00fa4f1a76ff84a5d2cd3001e2e6452095b5d2a8e4533d82bac4
FB	FB-2022	88fe5a6705e521ea986eb26df30d189d3ac40cc1df9853dfe2f0d6c8aa6e34b5
FB	FB-2023	50139cf912eac3df183121caa91595437aae0e3e41f0579c1c525f61404dc543
FB	FB-2024	e15781cc50560c8752621dd29a7fbe1c5d46d2358db21a3741b37732a697a779
FB	FB-2025	b6b7a62ba58510500323ae249ddd00a942ff324f87fb92b6119cc775a2d7f825
FB	FB-2026	00ed1f2b74f40c0ead889de85b69dab3d6b95804079d27d0bb419cc925e8e80b
FB	FB-2028	7a1f5c3c4ec38fe24e85732f2a8d72f9f5ddd83e8ca1ea4d09ee2152773495ee
FB	FB-2029	cc98aa37b09de6712a162e335560d4a71bec10ca1f1b11e7c8d7a39610bfa058
FB	FB-2030	8e1eb5d723d4260112b4bbe914e781fef1328be600ccea7db32ce86fa13814e7
FB	FB-2031	0468db23bd6e90b5c748ca0ccb49e9b2ca06f7559b266c039ef3b8eadd197e6e
FB	FB-2032	a32d4391b48eaf03f3b6da2cea23b4d33cd9acc0acbefdf862deed07ac37e836
FB	FB-2033	ea901addf95637b6ba04d1457b6e35ab0dfca8a841334a8ed7c0e0984123c514
FB	FB-2034	c3cf94c6a3b5187212157fc380b32a2e1e916e16ae2b96ca298d222b3d56ea12
FB	FB-2035	dee533fa3170ee61b08b5f28d9ee1c446b7c21ceaa0c24a7a4ce66df9daabe95
FB	FB-2036	7955c5dc946574230d70806b300cce24421cbe0c6dd8e6a189de15023d0a82e6
FB	FB-2037	b3ef58d08295b0a23c253bb1025d6d893cc95736305a725de4e874fb1ad28f4a
FB	FB-2038	4af04fdf7678d20a00b8b7f52fef8b038240be1d1497be57744f4b4e7d9bcbbf
FB	FB-2039	ba18a2247b22fc3f37bbe49e0d9aec1d442fbf190d0f64fa6cb92b9d58c3efe2
FB	FB-2040	9beb538d319ee439cfcd7ee4672ba40284d9e23c35c335892d2ccf896775d77e
FB	FB-2041	33b616b2c5da731c159d54b90f9f81a21f029abf797a14be7446ea12ef40ec37
FB	FB-2042	f230d59f043a4bd397d0880d3d40d27113defaabd835796955c1bb6100956dbb
FB	FB-2043	d186db958706662422fd025cb2e3220e7d42ea1d93c4d25ab10074d5f9421930
FB	FB-2044	f394f35d829f539bb664efc476c1b4c45ae2b2526ac990f45741570177c777bc
FB	FB-2045	4770d97e9ac88631da793610d46a02d83a2023c0303bf9767f4a49f3d5feadd8
FB	FB-2046	e59ef29f85a051cf4c516ae67959dc7b2769704bd1b973bb2012bc2c5e74a511
FB	FB-2047	1070c4cbf26cf892f6f3cff639d59927d954e58c94322c91df07eb7094302561
FB	FB-2048	a79a66eb61dc8acac64d5fe13b927e1b6080f0aae39f1dcd8e94e1a453350833
FB	FB-2049	e519f9107edc7272deed8fa3a506000625517383ea468bbd2b73f13892d2d5e3
FB	FB-2050	5ac020d5b1cd3140387b866eab244b83a102c17603e05028a382c39b92b84872
FB	FB-2051	29813c0fdddb9f4bc77fb7a1dc4e1a92f9e08087790b1fab7d9e05a6c31fc7af
FB	FB-2052	e9c04977aa50fde340820e86350351b47e291c7d988aa292e481911e2e358962
FB	FB-2053	eacef58cc26ad97b1355d2167580f931ca953e28fe5306c868042aaa4c82d754
FB	FB-2054	6fe659ed7148cfb84259b3c6f2269855dca4048653cb3e619aae2c2900fae364
FB	FB-2055	aa99f7cf0128e047e8ae2da7ddcb9cb9084ab3baf2184c11385beb6841cd31ed
FB	FB-2056	b8006b7b9d3fa9c97d936cb4763f4ed676399560e15e41f703ff36a895d0ab2b
FB	FB-2057	a2f6851fc8c8cc74ea6596c05ac9dbe4fc5b7e2d9b8059262c71ff48fdd9eed4
FB	FB-2058	5cb332b762c92376f0561347d075b491d39ece95730c30cecff7f09de840bc6f
FB	FB-2059	18a1219a3393857ce35a27af0afa9b67e51091c75cab505a7ac9c21660abe7c0
FB	FB-2060	13957dd55765f398b66e784882f080a858b8ce6d8b53792ef391d3d27ab64735
FB	FB-2061	ffe4e758c9e07ac80a9c5ae86d695667f33f7f6e1062eeb507f7c9a401ce9919
FB	FB-2062	0af050eb2168346cbd15ff30ff56ac119eabb01f872fa5a11a87c5e82d3324c6
FB	FB-2063	b40303f2b26664d3282bd8ddfad8430b79a9cc8493c1e8873689d8b37d544728
FB	FB-2064	dc696c1117737460033efc4e547a2c8f9284646c4d09fbb8d10ac2f9e52d7472
FB	FB-2065	21b1467300786f518c5f9980b0a07a2aea8334092e3f115b5ff7fdc9e97507bd
FB	FB-2126	91ee86017166eb28e452c8462981880aef9c844bca8c55a18dda2e008c267561
FB	FB-2127	1f3cd158d746b8ed0f2938cac9730b3c96446926e53434667b05e384d02280b0
FB	FB-2128	7884cca059229065b9c924b90cbf29a061509a3693e7f9f14817f7e7caf13c36
FB	FB-2129	fac736fe36acba3d5aadf52d5025d1b659bc0594f2192bc16264851f02355192
FB	FB-2130	7bef76e2ed6699c3b4f475ff2325b8a7b46625f52c0f42e69d7fa65d5290ebc2
FB	FB-2136	e4ae4f31c8a306967f3d2a4b1bc6b704435256632abfabe370909c214227b2fe
FB	FB-2137	3c96164d581bcb68b76f9b5d3b589cbe2666f0f3e7ce12b20c64d79dc95ccf57
FB	FB-2138	ae752a79156405db7d2486932d02cb6b639017ec069c80926ca4a402d8f6f016
FB	FB-2139	e5e02bc4eef634f1f4932fa07d0955c94ced9e8bb6379ebe6ff4b4750103ca46
FB	FB-2140	d5286192355168e03f9ff98f330be9c3797d0b20bb1d83021950384a34d14ff7
FB	FB-2141	a19f1a870e06099fb879576e74a1a3058d0ee543d155fb85ea0c25bd6b262a91
FB	FB-2142	f69c71a5830062814fa44f6e432111ef32e91729f65c8bf8e337965a5ab16b06
FB	FB-2143	04f3e5ad91d55932a8744c2383b113db00d795b3d97799bf512156eef0175bf3
FB	FB-2144	59183e9278afb2abbc0fbbac9cdbd74e8c2dee3b684d0bec6bf2434002a9c7bb
FB	FB-2145	eaf1a5ee76afaf31a62176a8f8be5541a81c8042a5fa433bf7aa4e49a385b1a3
FB	FB-2146	a13f14115465a61a2921d8af9f663e39e4471e690b6a596873b4d5657cc12193
FB	FB-2151	5d27c65ef09509dde97463f53415015907d38ce94f280b36d48d1c9c1caf28ce
FB	FB-2156	bd59a234b22b259854526bda2ba84fb759cfd4ccfe9828f72bf008512bf5fed8
FB	FB-2163	e7544a288eb03c457b69bc570a3e863cad27765f5824793d4687d0cdaee74171
FB	FB-2164	c6e44c2284defcd65d5b2b2a166a5e0c70f31898d2b25a766c325f236698f18d
FB	FB-2165	5d50bcb250ef081e52578708f4583fe8fc43b7713b0ac079a1f84b5c5c7f794f
FB	FB-2166	88f5f19e5a8eba24ef0ea9e15b9eea68dbae384fb409d441fd8ed328c6dad5fb
FB	FB-2167	b55626a9d95f329cb9d92fca9e078e5f60cabd8c3aff20a31f39c1ab396fadfc
FB	FB-2168	28fd034f50b73348e36acf17620d604f3b6e12826b549829a19baf470e6f56fe
FB	FB-2169	8e572229b3e35d7a7bc7c75b5fb6446794d732de79461f2496fa19e4cdae11c9
FB	FB-2170	4a2c72a71a3342a1ec84ef373ff67603c7eab3ffc37232cc9d3bccb21e3003d6
FB	FB-2171	97c13d93e0808e19fb5d1f21c83ae431386959293efb98b7153d052466433f90
FB	FB-2172	4a60b1acfa111ced4dc0345573aea53f55d17dfa0e99f78ec96005d746371fd7
FB	FB-2173	0afc70f8d3e901a244c72663239eeccff4be8c4f1d7f47136770ae6a74d5c97d
FB	FB-2174	4b5ed49b5d82bc79eef9285f06da57d1d1f86338294621af68a6abac87b7051a
FB	FB-2175	e4039e336aae11caa3395aceaeb3cc811c57340d4411d8145900a4ce88a00565
FB	FB-2176	9a051f0110e42ebdc3bb8995a71c4195163031fb63af1551821ded4b947f18a2
FB	FB-2177	ea286e2297ccb1c43333fb790426dea400b002d1901f96b49a6520287a2feba1
FB	FB-2178	ba5de6f2d9b7c02defedb26a126aff29319aec144b33aa163c4c41ef0d555fc5
FB	FB-2179	33eb93d35daf557b69f21e3f6d36f1c128de0671a57555924530bc02e962e999
FB	FB-2180	7f34b57c879042c1bf56ef63b7807b474bc2bbb1680b9d617d71763d5c576f12
FB	FB-2181	89f27498d22e7a336d6fb5493f67dae9eef0b31e25b8158e32ee8c78371cf00b
FB	FB-2182	6414b150ca2e792d21633410b09ace66106b47b6668fb9bc66d70828dc91e79f
FB	FB-2183	18ff6972ae7fdd875028e29a1d45f4226630bb3aee0c4df027ed942e52efae7f
FB	FB-2184	30f859f4f49ecdd5f471182bd4c7acf4a986ff0642299ba487996329257f35cf
FB	FB-2185	a745b1b8384596f4ad1c636caf746769d18c5c36330ab9906b651d0dbf6a5d40
FB	FB-2186	4c0f703d990313c5e356aeb1c5c688f1540d4c90df4b517b24d734933e8ad56f
FB	FB-2187	12bec345f8211a2c1787057e2aea9ddf35d0cdec86a6c4b7ae1ff658220c6730
FB	FB-2188	8db1d5df3c782489b69436eda9a3414dc282e6c896ac8786a128318093c0ac91
FB	FB-2189	d067a53363733ca6e1851b136ecc063ec593a8bee816036bee3da475c80c6fe3
FB	FB-2190	fb6ec8195bb5c8cc49629765b1e874fe17a1be67bfce40abbef8515f93332ead
FB	FB-2191	6e87f627f1172389f1a3f7be99835ca949b4d0d3d6652fb8e7fad4d5ca9cce3c
FB	FB-2192	b3c2e8f1fd1cb8225c745a577cd46d6b396688098ff4615755ce9afda886de56
FB	FB-2193	67f3e18cb0474aaec793c19c0d14f0c26233354b96b908a7db978f9dc04a8802
FB	FB-2194	17790efb83c7f6e795b65758cb3dc665ca5592097ca20afd251ea8fc92ae4b6a
FB	FB-2217	7bbe3883afb921e36df809161c64d8a768a19b69f10282dbb7b5747e436c561f
FB	FB-2218	ee08c830aa5ddc07568ad4df8540128c064fde3d9e8fe6d92824bb963805541f
FB	FB-2219	4f72a71c403aae4bd001b6d59395b3349f68c4f38d9ed2024d695066724f37bf
FB	FB-2220	424e3290914185fca550eb91c04a8dfe5c2015cce03197a069ba25244908bd21
FB	FB-2221	00e66f21d569587e75abe8ece1cce33676fc6f91d0671a81120499986a84b5e2
FB	FB-2222	02b81320771a55bb0d504fb1aaab2a25807b2b9872a8261bc353beda6e30c5a2
FB	FB-2223	67607dbcfa1d788f56efbf1d186fc47773fd4d8a6c40891860078c96c54a19ce
FB	FB-2224	428e4ce284ade8ab155b2d1a59c90f6addee318637253270e9854f307b6a7357
FB	FB-2225	437306e354c9a070a94c82e4cfd9c94b1e4f109f5ebb3ce0fa5b9438c8548164
FB	FB-2226	ef93b2e8b284454ace34133df8b78b091cae709931410aaad8bbe1e310139a2f
FB	FB-2227	5f18dec9bd4305002c8356db12efa0802018c2e5b217af2d3e36114a088c6230
FB	FB-2228	1f5ad7c5664fae5904e330e9ad5394adf3900fd827b94195e8fc1b94943982fb
FB	FB-2229	c671ffdebb9e05140f65555e9803b1a054abd1b4882c991a394a5cf8d376a600
FB	FB-2230	44c5702e2148dba43e31f03501fa224121c758909a6758e030b66152c52c2c40
FB	FB-2231	1a2b762ab2bd8a78d955f31fd59a2d50d82d419e1fb6e5c8e2a394d025a9e90c
FB	FB-2232	5a847e34f912e3e0858883aabbafcdf466ef5aa86a315090cf2a4090f1c4823c
FB	FB-2233	8ec4986b4bbd51c64e47ff64d99974365bbc3995a9897c1cd31e8ae4fa4436f2
FB	FB-2234	d0a0dc89a1a2b33467296814ab4120dec30b91557b7f0027fa1358fe743b262a
FB	FB-2235	f48f36aaadd477c30a51b523706dee8addcea98634befb40fa20ba3d89741ae2
FB	FB-2236	2a47be5542873b0ce722ebb83850b05c29e0a4320ac9b0cc9e9cef4708ebd164
FB	FB-2237	05a0a74bd88c66f957a283733c70b0d8d217d98d17b75ff9e93cf349172a721d
FB	FB-2238	1a725478cc752ba44efd90fc1b327f959a197a126ee7f6dfe33b0dae87352c0b
FB	FB-2239	3fc8f585203202340be2f939f29084f801b1aadb20bbbe4dc2bacdbbca1ee500
FB	FB-2240	059c9fc5fde7a73689364de333b4a402ff2fdb7241ac14f43afdbfb9fe94af22
FB	FB-2241	b72b3ad8dd326401429c39d7862bab43f971af55024ef656c791538171d3ff56
FB	FB-2242	de104b0eaf7fe432493b0e114b73d03f59d7c3f5f811531d04023211d86d7c2f
FB	FB-2243	ad39a9d2ee65a759a7c5a80c11213c3bc36a9bc04e39b427628861e2b6deb78b
FB	FB-2244	a46a53ad9123e6ee566208f4bb14922e8b3b15eab9a2c254faf85f118d41b208
FB	FB-2245	8943aa2aa50e8b5633d7744ff710072fe707aaf78c9786cb7e41a298402166fa
FB	FB-2246	378a23e2924150720166fb844b5157e28271e4e83badf826b1496c3ecac17524
FB	FB-2247	46ccc2170686e3364901cdae876d31de1110a324b0ead7d15b88e3f3c8d7a980
FB	FB-2248	3c0530ec8b0af6069e0c38de8f34c97835ccf91fba0f774f472bb338986c4893
FB	FB-2249	3594cee2fd1fa4cbca6ab58569800397f8096d364af480498caf6acf9e9a6046
FB	FB-2250	e9eba98ea8dc0a0c33ecd06f4fb1eb9518f64ced9a2d734a9035bef7937502e2
FB	FB-2251	dbf3f5462f74c16505a0aac621f3015f628a3dbc7f6675b958792419996c1aee
FB	FB-2252	d5f8c9147df626ba0698f9e1831aa6b328aa39cfee7afe62c6c1e5422e70b402
FB	FB-2253	2a2a05a89579c0ab04aa965aa90d4f6db379c5d5479172a3c260dbd10feee82a
FB	FB-2262	0451f3a973c82cabc9ed02383be166b5a6aa2b00426ea8d3466926319022d0de
FB	FB-2263	58909ce8a05a086ab0f99eee9dc49b7eaa837fa0a93f11a326854f3d50b03231
FB	FB-2264	76418692f9f34cfb60b62cdbfe85e867462549fa1eaf9e6f1473ac68013e50c6
FB	FB-2265	b75003cdeaba6106a9a122d343038c330a04bddba54822645ed1f976ef951a96
FB	FB-2266	3b31b537fb615a05ed50a0120c897df81108547ff2851df6145314ba41472bcc
FB	FB-2267	1425c273582254e881f0477d978737992fe97be582b91e95a7352978fc765f6f
FB	FB-2268	343e09600279a32340c3d3ed3eefa7726f33fffed71bd9837e78caae5e947451
FB	FB-2269	846f6deed10caade398160bf59ed3cf1458767e8fa6c5d34f52892ce9617c442
FB	FB-2270	9e6e2858ba26868c4b69d813eaff07f58abbc307569f6a3032cbfd8e41d6ed65
FB	FB-2271	78d0014a9bbba964823d03a7ecc367452e4faacc7d2cb1146c893a547d7231a5
FB	FB-2278	99e04cfb5d65b2b01aee1084a9167f3b3966ce963281825342123a36eaeeb650
FB	FB-2307	1a749c48af2d28fedf43b0f6cccc9da6d496eac293915be3d70f3e38460740cc
FB	FB-2308	dff713aed47fdfd9dbabe7a74f9bfb6f4ebaaf94bf1853b83eac1605bbd6c58e
FB	FB-2309	47b02a19c6f695f7e592822489b291897b3f4bfcf9ad40e570531dd08bf6b3a6
FB	FB-2310	7df45b65e11f418d4c95177c408e08e464850164abfad3661218e93fce5870e8
FB	FB-2311	47941cfdcb4441b4e5e903efbb24666c57c94373bc03ab297784e26227efb044
FB	FB-2312	12aa0399867adc2bd92b4d2428b61a3e7f950e0fca74733f4ec2a8a784da3faa
FB	FB-2313	c8009a17b2cd2255230b8c7bdcd06a694617d75da7a95ae8d1ee69a7412609b7
FB	FB-2314	a81ceac5a944c03c823124902614fc1cc2440eee17c35483cea4ddb41c125c24
FB	FB-2318	24eb6d6e59f753f0689d4bf1976b2b58fc3810d1a46fc1ffcd57c4c042547807
FB	FB-2322	f2303927de9a629a6a1f91d2eef8d0cf6327c285ef26070807ded8b2aec83b97
FB	FB-2323	64b2e7752b16420e75f5f895b46c77979db0b4f76f5e8b8e6162aa0749239e55
FB	FB-2324	21e2a96d7d1b3c88261003ed27db77aa826623e6b3ea275085d54f0f7f8464b3
FB	FB-2326	cbb2352b120165ed17292e46da8437c493bf501a7adc16a4a2f4f5e300f4cef2
FB	FB-2338	23919fdf92bfd8ae9c0a92c86c322d5b7bf19d0ee38efd42154d09ad399bb21b
FB	FB-2339	3d7b5f23a7a0c9ca90a2cf6401207d8ad2521356b9b2be84a1a8026833d17663
FB	FB-2340	5744403fdacba4527ef0283a1ec9f8a3364a734092292679ea56e4782c045120
FB	FB-2341	425377e9fa5491a96307e34541aa5f6e8990679f87e4dce2e38399833f30302d
FB	FB-2342	707ec019721b6e32a84c18c07188717558a453fe3be76dae16c8a92799fb0d80
FB	FB-2343	1822869f77416330e7d57733aa2873dee904bbbafb7466024f309ee67e703c8c
FB	FB-2344	4cc02cd9da0441be72a432e05b5991d77a69168e18a58b7e4b5e7719899b3790
FB	FB-2352	f165f9d00835259f6615447c96baa5a6b3782d891250ac28e1f970109e20b710
FB	FB-2373	0105fd090d95fc93090c9a9fac8f4408527f92697cd38f114ce8bcc96b18ebfa
FB	FB-2374	4394939f3c78fa4b9e38348770757e88ff1b26f196914b25950c5b808805147e
FB	FB-2375	6c684f48434801f40a98689b31b32228833d9df56e3fd0d97e2571288329bba7
FB	FB-2376	9065030a03467381ac8ff05d683db371bd9c59abb262b1fc16c9c9ebb1828bcd
FB	FB-2377	d23f7ffb30c016ba05dbed0d39fb1a7880f6a4308827915327d04f0ca57fca3a
FB	FB-2397	653aeadf522588573d54fd5072285ce8e960446b59eef9046445edee9b11fe1d
FB	FB-2398	0369eeaabbf1ab6f2991e671eb995926c9a1b324ebf88860bf81678385817a3e
FB	FB-2399	e8c17616c7d3efd3bcb7634ccb064af5f2df058ce251edf587b3d4979a17d17b
FB	FB-2400	f775aa01f1816a0602172b4b9c32952bf0f1b75354e3f6f869dcdfb393373945
FB	FB-2401	a0593858b9350031d7ef411d966b5c8e665d8bb2a2eff4fa2e51b80b82e11b26
FB	FB-2408	7b53c3faaa37a32aa7876cc8324301a7e63d077ebb706f766a8f58f4e8192425
FB	FB-2409	0415176ad392534fa961d2fb2928f380d6a8b7aa3996a13f78c73167ed7ce522
FB	FB-2410	3ac56a0fae22eaed6a1e8afd89deb537ee226ea40a02c609f207a0844eba7ef6
FB	FB-2411	3cd21b66bea369ddff08e17fd10a7b00309bc445f0080d7569ae53290c6553e5
FB	FB-2412	82e8c8508eed992e4d9181076ba8b3574fb4b2daab75d9e4ce1408947d5e283e
FB	FB-2413	f9324e8611b64c433cd29de846ad5a20e0cb970ee2980d0d15b470ca410a10c7
FB	FB-2414	22d7c4364e725b8b0855df2e3ec799ee455454f4f5dcd3fe4918931acad3ad64
FB	FB-2415	908c9518da4794a2350ee8453737c3c156aee08bbe6a2af2d8979f7f20ea12c1
FB	FB-2416	264b05b7b2f37330e140fcd274c14198065aaa51572055c9aa20d9d45fdb0697
FB	FB-2421	ee96179358d65183ef263109790336ee999b580ace3e7e3cbc23f37006a6358f
FB	FB-2422	b5ffb4d6bf3e1dedf2dcf79393a4f38954659f3d1fcfcd732e137f5b9a6e6b6d
FB	FB-2431	9b56bc20cb974d520a6c1040bd6d446cc0c9bf2e0f6bc0b65ece36e6b59ac44f
FB	FB-2432	8de4b9aab06e333b6d96175c9e8437011dc9cff48c1020da7047b7312e763623
FB	FB-2436	2fd003df50e6c9832d588431ec4446c4a32390393c4b3177f7754e7c143eed45
FB	FB-2437	d7440c15e675563db1927ab59b1bdfcba08f2997c7c58f571cec9dd26dd26637
FB	FB-2441	a0bce9cd196a8064b2026cd63993f96258a7aef49e5915a92127b5b8f6309eeb
FB	FB-2445	448db8edbc0ee331d281748842d3f2d4de328204d71a777b35af8db285c34f45
FB	FB-2446	4a50b96cebd3b0ab43873ee933404b7ddc008c06757cf12d1dc7734ace66db06
FB	FB-2472	4003ac6292ab49dd04175f1e4da36311256b6378bcb2040a367e6522f6f89cfa
FB	FB-2473	5e6856beaa384eca141b7c44381f4854426dac97b18b77ee4cde9ff7bdc02650
FB	FB-2474	c2c4009e3247df284ab7519a76d9612a9aa56d0cfdca26cf76411a95021b72b7
FB	FB-2475	20604f442477f10819e85f8b561f6da7968991f6b78fdda669b5fdd9720b664b
FB	FB-2476	dc7aea0f12461bfc0abdb948726a8afd9db2478fae09ce3818c9b993268cd841
FB	FB-2477	c92e0aeb186ec5658c6ab3b0b0c4b04a0154b57a2669870d9820650a603a88cb
FB	FB-2484	09996240991ca04f44011e12c04cc71d351d6c06ca0509b840d1b2b6a10b7526
FB	FB-2485	8a47798225631f487f290295facf51a4323d934e5dc198046b3d167a3ff641a6
FB	FB-2497	6a85b1eea61c1b8a4a8491303cadb403f6f68cb66a3d008fcd5503e07511b182
FB	FB-2505	0c58366fbfbe43f85f1492d6f9ef4fa3c3c14a289fba3f4721ddcf19e80c9cdc
FB	FB-2506	d78e908cda24627fbd3cdb9c9995a89a773f4885d3a3b5944011bcc9fc25cfd2
FB	FB-2516	fde4924ee4a7480d252f702e08280c6c80091cd9b9b415d586bee64389af2d30
FB	FB-2517	7f6e887f40c79918df79dc5c09516010266e980e09aeac4603b4b60adc4ed595
FB	FB-2524	7114394135846038bf10c92d0d19d644a3461f9f586c0abc3ef752c21d612f7a
FB	FB-2528	ef5d7ed81fd88b6f72ee4d74b0bdfb9f14f9c0f36192960a67dfe9b057d7ad75
FB	FB-2529	5d1c839cb873c36fe881583c79620847a8e4fa425bf0a0ccf79febed59365b53
FB	FB-2530	c8a17f3fb829aaf7c144274bd56fd9941db67217936a38f538594f568035086f
FB	FB-2531	6a68a78794219c39db3aeb3770c93c72ec58bc6099ee368f1f4a8fdeed73cca6
FB	FB-2532	21648361e5afc3c5b9486fd7bd80119523bed0e14ab39c15922a9e1246dadc87
FB	FB-2533	5e7b3f2d8bd0fb7255ee378b5e729f21966eef500953ab605ff2d11dca8372e9
FB	FB-2534	2eea6b40fb51ad0fea2aebcbf8818ad086465151b30c923fcb2fcd5139117cff
FB	FB-2535	01129c8072535a722780a74a043186be282f05e8fe27cfbb8477da67dcf95a89
FB	FB-2556	81e466ca4340aca3db36f3c56e75e999314eada2a8540014a9f960ec9d1adef9
FB	FB-2557	04ab665d9f773846e603aca7d02a86fbfa594d6c1299b518fb79c66211803194
FB	FB-2558	0286149ffc0529a916ae0830fada9730a1cdaea7faa2f38a498991bdb755e9aa
FB	FB-2559	c1effe71823ba6deb1ab56e09f5a1f688a417477ad46c78e610070f32c3b2799
FB	FB-2560	e715d3022911118ec8611aa5117625cc0948c755b30d2f5241225722ed31cc6c
FB	FB-2561	380b13123ea16301dfe2a1e77e712340fcc7e92aac41d8b39251b6b6d1062504
FB	FB-2562	b07c9f2b9530faf0be1412c8a9b0e624df0492acda45c7aeb2b4cf239d07ce7b
FB	FB-2563	702f45dbf0010ca46af700384d9631df135384d12b725186461cbf1996f553fb
FB	FB-2564	0938bfd7e085b282fd26b251f7d9351d40481b56fcbf48e078558b9afc565005
FB	FB-2565	101a80ab79d641c9495cffdf650924bb57de9340865fd1e53cce3d7fb9c3af29
FB	FB-2566	aac9e3b1d6848952eeb74121445eb31246ca86d5ee128b1b591031b82dc59892
FB	FB-2567	5ebe6026d32935011b73e0dc9d8dcd8bbb7d0fb166110bc63a295d2928db640b
FB	FB-2568	a915e6a67a2c422acd6533ec04082f6c730c1ed05bfd9410fac5ea2af5fe40e7
FB	FB-2569	12ac656cdf14287cc04eb792ccf5ab3bf965299584b65a9aeb4493d0996c75bc
FB	FB-2570	fdd1eaae45da13cacad712999b8b15e44677973b36251f91554d784e4bf39d76
FB	FB-2571	1ce6c3fe38704a44f2490e5d3e6f30b953eb88121b0cf6cf29207ff8a8490033
FB	FB-2572	ab53720544e4ef9d1caf7aefbe52402dcec542bbc13d2178701f98873d4c2088
FB	FB-2573	fb49190c6ed3898c04202b54d210a88da91b20a6585f2adb7e0fc077e94fcff1
FB	FB-2574	e622251fa5fe09f2c20b645dad6f5026e0fc694193ad298bfbbd4814f7fbb11e
FB	FB-2575	f1d72a939bd8f916ba9852befd2e0eb30ff00d55555388c8ccb3f7caef0cbcf2
FB	FB-2576	314cec88346a43a6bc630c3167c3610d1fa86b3d8657ac49877226215e5755c1
FB	FB-2577	415c98cf4b1515bfbd5f66fa9b2a4575d91223647ddaf5a944cde1a7feffe343
FB	FB-2578	e9a0308bfb522940da877e9298574e7644f9d407c5d14aac4ca1ce0598e4c0cb
FB	FB-2579	a6312e9b4689251bef8ac39adcbeaf603862c50973dc06b56e432ed778a26503
FB	FB-2580	e11f55dd6ce4f538ccc932fa098e5900603944faf68814b0929fb8022a82fbe6
FB	FB-2581	8cf0ab66c3423f37c7d91246735ab931491408a8e30c3e7550a4bacfcdf889ef
FB	FB-2582	b3957225543e5571424795b669cd9c9019e4c187bfab4a7eccd941c2edca43f9
FB	FB-2589	b817b83f311e997da486ee106a4aaf8b755331ee26825399ad91ce35253afd53
FB	FB-2590	404880339f5361421c37018cb33d77b9bbac60693411514103a6443089d244de
FB	FB-2591	2a7290eb933e6a8358405f0b3e2a39a0364e1ad6f2a1918d6bcad34f7ea6f278
FB	FB-2592	a97e459ff6e5438637c6c74a4623ba6dff68fe48bb0fa4287634a49c6406059c
FB	FB-2593	fe4cb51e58cb0b001d759411ede9e85cf6641107ce16f842c923592f67d4b7ab
FB	FB-2594	1350a20d4fde85f377a5e58be4aa5c5e153d4d9f828b3035dafd87489a5ec781
FB	FB-2595	c8327789441421b0c5c4e4733be1c22bfa83a282c0e7e39f10d7c88ad59f9303
FB	FB-2596	ab301adfff23e896254e4da3d407784847ed595a3e90f95b7bed6b11f03ebda1
FB	FB-2597	07ac516716c5513f0dc059372037caa03ee0f80295fee17b88cc1a27322ac530
FB	FB-2599	0e25ee2e19ef40c8b2f8f32515583d00eee1405a29f3483cb9a88898e9c0c47f
FB	FB-2600	21685ab906f38d6afc719213b48c4bcfa59ebcc1f6215be48661d7ef2aa570e6
FB	FB-2601	1bbec28237ef01aae1752a4bb44380bc5acd246c973ffd8cea301c348a54ac3a
FB	FB-2602	acec8f4825f0ce2b2179cd27502ffc4fe3794b5163dc5c3a3a49be68290375bf
FB	FB-2603	c4cc05d7b87a1dc9386414a1dbd62d57039392a0ca53a9e0cffd66d668b0cb06
FB	FB-2604	18ed785a936b7b1736a9cf62829e1b5af653c89d1fe050d4f5720a5646ac38d0
FB	FB-2605	5f479d86928fe0375d435ff55261a1b79d13a920f0855a9191c98f30b12f071d
FB	FB-2606	d8fcae3beffea1cab8af795e9f87d5a0c27dda2fbbcf9fe3a255f36ebef0df47
FB	FB-2607	003bb28c47733e319567ad1c5ff4c332a742d5c20d21045b41ebf903d0f7a616
FB	FB-2608	1591c7b5c45f60f26bfc41ebff49ed785f8c84986c52dc62543a575db462a8be
FB	FB-2609	b43e297398e9493cd46c8f7d4f3e7b0a12a3881fddd19588be59670d0b7c7412
FB	FB-2610	8328482c1ef270ae545087474c017ebeb25b187ce7840a4ba0f61bb8132d7aa4
FB	FB-2611	6ab874bfbac9e18ecb2dd4236b6de43331d682c35380ae0ab6503609f40df38a
FB	FB-2612	a8983bb0dcf7186a272540021bc3e8384c5451ff4d88e869fc6ffaff5a9d2394
FB	FB-2613	19b38752cc3fbd230c7ea97281d2fd5ee153ae6400b559f14fac7761532a8feb
FB	FB-2614	c37d605cc4463f586c56d4310ab4c88358cc05b12005846378768f1be52d5653
FB	FB-2615	094c5e70f6b684137600687135f3e85380e6544eebac6c630ab6a489edc7887a
FB	FB-2616	8fd1dcbc473969baf841052dbe4ba0da1af76087b79bd79dfbd1502f9dadcdc2
FB	FB-2617	4295d57a2afd6d42b103e076add216188ede13127a31c29c899bd4c5b69b3ea0
FB	FB-2618	607ad43bdf7ee4c4550d2859157d19c1deee4e84fc8061e1bd1c51091bf037b3
FB	FB-2619	7f1f481bd5e8c461001c13f4f7be2534938edfb98d9ae35c621e5e87b6edcc76
FB	FB-2620	96cf4f8e974249d73a14cfbd0e01e1d3e05287c964ceabe9284f85a0f35c669d
FB	FB-2621	cf702ea3c002993822dbc56c940c84678344aceac4d2d187f5e85377f446c6fd
FB	FB-2625	8a503d5b951c69805d7d8bcda79e604fae22a2b120178f7e76ccafd08ef8091a
FB	FB-2626	5f1f3c7f5f9ebbb592bc7e37ae1ca30b87971e6c378b5cde054bc48fd39f3c4c
FB	FB-2627	7c4fe8cd4da5890ce2446e72552a92f0e963bfcff0b0b860e58867992ce29067
FB	FB-2628	8ceeca0fdb20056ff17518cce144e8b1238bd18e8c3b551f6ba151809e7ac89c
FB	FB-2629	24662f84f982839528413197d4f19a14120b7c4b215df44578626620ba873181
FB	FB-2630	0e4168db282e6e9d810af0a676c902e7a58f626646b5a355d3049b46cfa50061
FB	FB-2631	8029fdc119914561acd6745f253a60d6308a38a385668fb3507917bd313e5f60
FB	FB-2632	da765c73a5f714d3c43cf3bbfc97c1dfdd09310d2209c0fabf14dd6ba0e6c824
FB	FB-2633	de75a7a08a298cf75a0b2d2cd2cf1aa9aa92c8a69327e8fe601965be0ffb6518
FB	FB-2634	b90db2e6781ea057e375d99d5c6d9f82f9a6af9ab106b9d4242dac5f8efd9857
FB	FB-2635	51bcc0125b53d7a324c6d36dba4c670cb2e55f2478be8ed93fa1d6b34e21ef27
FB	FB-2636	55ea41ea2144a2b1d1c8d1e07301233c5b9302d44ca7e3051b05fc204d19d481
FB	FB-2637	3e1a5bc8aa30bc3d7e4020302ea3c41800f2f84297bbf87be0737c9cfdc884e5
FB	FB-2640	c276742ce6e374ab598230e4f17e2a215f191bc32a0bf551fc5bdab09e619a1c
FB	FB-2641	f98c0f1595f2fdb91952992b91a890a5999d34ed5c5593224f7cd3eabd5126d9
FB	FB-2642	401cfc94585742da76f05f4ab31f0c671311c00ea963abb44a1c6919d48960a9
FB	FB-2643	f7c131bdb9b72bfaeb489eac7ab9cdd5e85b5bd9452d1587cb70db689cdde1e1
FB	FB-2644	abf28b545ca60319623bef175c52dc97af1330a5f043937a0c83f0b818df979b
FB	FB-2645	1046ecb477defd84507ad529dab11ab008f2c3778d689c9ab6dbd84e3acf6bc1
FB	FB-2646	15affcf75101ee6b14f101694bb6031f1f5e57751eeca6f71b8a69d4d23677ce
FB	FB-2647	c21eed2d9ee211df89e317cd1c4518cc05ea4ab1be779e45e7a0d9c0bf8888a0
FB	FB-2648	fb4352994ad1cd04b76e85060527d1a1f7253854932b9d72d96009a4335393e1
FB	FB-2649	922283019e3e9960a4b953ef2b9baa22d77bfb641332f1a442c0aeb47058e917
FB	FB-2650	a982e29b05206dc22ccc20e6ff21361797e8f782124f6ab76a8ca41cd40aff45
FB	FB-2651	4aadb6c8701e22a5a50b9a8ec3f1c81634cf06cc7d71d8b924b8d869381024e9
FB	FB-2652	2bf51cd8fe18d125bfb14bcc52a7747ae2e6184911fc4a2f35f6e61b7e044375
FB	FB-2653	a6cd80156f14f80fbe70dd6b13141ae710e8bdc88dc1ac3c112ac2436468708e
FB	FB-2654	5fa8f89c2d77bda0d60ad10c2c78252d66b77da5fcc245f7418de724d78ebe5a
FB	FB-2655	7cb2442e0984b4410ec2ac42543f84918d9561c5d01eacc002ff4bf43362437e
FB	FB-2656	41c642cd4ccfeab7e465d1f2e4ca4dd7a85174804dea5cbcbf962c663e3b804e
FB	FB-2657	21194ff322f071e79f720c8a12bd09f4d5ef15d35ad591cfa1bf65af927b717f
FB	FB-2658	a508127705d576eb6a907a9480f31d39afb8765545329e330ad0433ce26120d2
FB	FB-2659	b6165eca24cafd30da58c42c045963523faf76cc5442ddeb6c68ae1c8840398b
FB	FB-2660	e6bbde556bcccd5041949ea5f4f67d60f83cf890e7a51822735ced1f449745c2
FB	FB-2661	828f6e9a315d5f7ea61e5a564dc5191d8cadf9bf74e54a6582fd96f2f310d1e8
FB	FB-2662	62066d58b63e092c0d4a8fa847c39d41cc0a878113bf1220eca1561bf9d656f5
FB	FB-2663	bfce080105a2b306e3c33185c9f071ac4e42926d81ced8cb8d6be21eb4b82326
FB	FB-2664	17cba05b4a123de92d180a218358f5db99aae3d886f3189dd8db35f93f4fa151
FB	FB-2665	ae42afb1bd73310f490bdb6831ba5a199210865ee212e3163e1911f45254ee09
FB	FB-2666	92d9aeee5d53b0756c082c12baaa838f99a2c2f14b1c20bf60355d978cefa7d0
FB	FB-2667	a2fa9340f5d00b9b1cc930ca83ed7f11ff285a763cb72dc96a33499a240dd924
FB	FB-2668	e33d61c250c8fbe9f9ff780f9f31606ab2b4d37d1c2cc1b713b85c18ffe0ded0
FB	FB-2669	40aaf6089b3c8f8690779b32fffc67b948657db4f9b387ab15200777335896f8
FB	FB-2670	5694879c1f020b0e4a3bafd788ce1567bead1199ad867c8e47cf693186f01e5c
FB	FB-2671	219e9d270f4ef6b7b629bfae3996bc4e3c3df46ec4803c6b1e96d59a7e54e306
FB	FB-2672	3b5c8f8f7208618531c6723b58acfd27be6330977db711d69ccf8d2bb9e45c7d
FB	FB-2673	e624312a30bed1562324819525cc446874c25eeab8524b9e51ba517013b04d44
FB	FB-2674	b8c0e344e4a850306cfbefcf87b0bf498eb05a932805ed06ecf65682735e209f
FB	FB-2675	9d6c552c61df06536213c76a40a141c938e5779f869497f0fb1e4750dbb4e214
FB	FB-2676	963a4ac5a4a4607cda28a73a620e9b9712c6525b3e14d3866aa851e0de88a1b8
FB	FB-2677	e7f44539ecbec41a80ca632ad0af28e8db706670306eb195fdccd73648dff163
FB	FB-2678	1505dd5dade282d8466c5e9a0584e9ad16549083db693d64ae2cba6a779a3348
FB	FB-2679	5a6343799039ca806dd68d8b781ac5f6840db1184477c7e4fd72f152912b9ace
FB	FB-2680	340d502746e61bb2daefc18372657a47f1fa1551b96fe01e5bcba4034ed09b39
FB	FB-2681	987bbb2e68fcd3c7991296c4b0235a70cbeb3a7481d8fd9fb4cf9ccd647626c9
FB	FB-2682	6cfa642f28a2b7e845ef3753e7147ce4cff0ff2e7b2fda26d35fc0d7a8b78de7
FB	FB-2683	1461b16fede20af374aa3efac03762cd0adda672b132851ec0423acc951cf595
FB	FB-2684	dd1f0d5709dc2290b140eaa8b2e52409027035e86259d89d326ff6d4c8784c75
FB	FB-2685	a04f108acd0365dfd9ced5da413ce7e016330fc05732ed1c6d46d7035ec70705
FB	FB-2686	e45cdca1bbdd962c9a82902c8d847f6398798cc4ac4be904fec98fa8712da049
FB	FB-2687	717db3f320cf696bcebaba99f42effb9f012025deca32bab759865851b3aa3e3
FB	FB-2688	3f144cb8097e3522d22edbefe0a05d40ee5f1e3257a9fc1a1e271ad2e0908d2b
FB	FB-2704	89f09b4370d6e8fbfc2fa35dc43ec77177c47124c1669393e276335940ad4644
FB	FB-2705	daae21bd12fb0cf0e5f4dd5b958f8070c9ad2fcff980b4f5d71c95096d60740e
FB	FB-2713	f8f5200ccc5fb013799ea96568ce1f3debdabe9694e23348b3744152296b3c69
FB	FB-2714	98a4f63ca1a861df1520ce223d13e690c1c825700fe9d00fc10cd8fb44c5208a
FB	FB-2716	5ee865b77a526d2bd713aa854c95752abd5ab61e655751f2819404f3e9a0f1b3
FB	FB-2717	a0949ecf15215bd542cf347addf515b1ecb9a88380ce1a1147f165540dc52604
FB	FB-2728	ed1dd75bf0e2b01e9a878408c7889585b82882f532019f04fbb52d5534832efd
FB	FB-2742	512d9a0d843d17315134b6a61a4bd09aaed185a40c6cf512b19068a7b5f3f971
