NUP	NUP-3248	62c96bffb4ebc6aa0e7d971aa47dbe5ba7d5b1c239cecdc1ada0f5596b8a367a
NUP	NUP-3249	9bc206683069e429cf7c9ef9f78a5210e22d8e71e21893a9ee7e85c141bf9e91
NUP	NUP-3251	75460659cfd5e6828db4fd3be4b0a2387414559bd75d080da142370c853d69f4
NUP	NUP-3252	54aec9e7f956228be5f0420ceda8a8a4ac7c516dc3f34c0be74f0dd8f5a5126f
NUP	NUP-3254	4b93ebff7dadb70939cb1b9e7b1aa9ca99c997194deb2a20ff3c12bbcc7699ed
NUP	NUP-3255	295e71185c51053c819a3d91f8480f67b789ec3bbfb998d8ba03625b18b7991c
NUP	NUP-3256	42057a577ef1015c97f43ddb140feff98f7f1a72537df1c7d768411fcbd10406
NUP	NUP-3257	9a66ff6b8280f96903c18b6268f26c9647ceebfb36165a9a6c75e62c2244c2dd
NUP	NUP-3258	174fc797846485da7360e7dfaa42c82c00813cd61230ba1341dd80155a06b1a1
NUP	NUP-3259	a9d112abb8ed7f26cced76301101bc5cbddfab2853161c1d1fa634148debb3d2
NUP	NUP-3260	a1e638a076c8f8a28bfd7ec208d960d849c2419e2f6604ce12bb85b951b4b75a
NUP	NUP-3261	73a6dffbaeb4c2b26ef44a07b38d20da78e9f344039652a24a6c14553623023f
NUP	NUP-3262	2b9289b302f7e37c2a18c7bce3c8472d0c786805c87a8c932822bbc37aa4a236
NUP	NUP-3263	c55f6f8e19dd24af8d970b1471127cf90f6d5ecfd91566b3fb2dde67a08192fe
NUP	NUP-3264	f4bdfa39285000c87093e3a52308ce243ab5513be16f593e51678ba36418e295
NUP	NUP-3265	339126c22c6b5df42faa9b3b441800e1608f45abc2d6e250cad080b2f3db140a
NUP	NUP-3266	e76ca35e4416c31dbebc3a89aaacef62fd5bc695c041b1dc20685e027a840a18
NUP	NUP-3267	40602bab7de5da455e1fde936a38b0d713c835111a155da70545ecacbe5516a6
NUP	NUP-3268	c6e6266cdaacfe4b56c418fb84a2a0e21b28fb7ab05be433fc4c6d6db015ff47
NUP	NUP-3269	a9b745d8f659c379f82a2bf9b04ffb60488c33357ba0ec54bff149aea67b34f8
NUP	NUP-3270	255ba8c24fae4e651ea7b930433ae8d4b17d728066dac1a335ac4b2cad25f973
NUP	NUP-3271	a3290cc04ca0328c4c64ac3917f0628a16aa06c5e52c12ce39c711a1a7a43bd9
NUP	NUP-3272	5933a13da9cac11b1c53edb7667a22dce7071835ac2a511ba9c3f0871d6913da
NUP	NUP-3273	44bf5c1128c1cf20de6d0d818a3d3b287d0236c13014b8027c63558def694d1b
NUP	NUP-3274	2d4252de2a95861aa4cba5e0cd1e2fb3fb51b56fd1f25246d763504debf28364
NUP	NUP-3275	b9a438499017d479711c413f15f47f35bdaf8755572f36f6ce35865b3411ec84
NUP	NUP-3276	85b069bae4d217f88dfd51d5c2375b8c8f314255cd804011b9d3f21bbdd11672
NUP	NUP-3277	1745c2f517a9a774de624b42e8ceac2b601d4a30351e664e3d52b965b62dc4d0
NUP	NUP-3278	8f9643b4f25b13a914c1f44ef1e72b8160bf7001e1429fb1ee4e8df00dd3497f
NUP	NUP-3279	2bc2192eacfc2488bd556454e1c68c7c13e7ab4b41d5863aa7b75790723da64b
NUP	NUP-3280	075828a22d0fb4cc60c97bf373803ae31ed75b49d059ef28bca36c557b2f1e81
NUP	NUP-3281	07e5324e2d6b8e36762819cc2d2a4b2adecf00603d916dda6c0a8d93270b88ae
NUP	NUP-3282	7ad41a2ffe9a792f18746f3037773487a23bb3742975d20824eb07e0fb19cf7d
NUP	NUP-3283	92b2853b0580467eec4ee3db498e2dc980655a02340be774d1d0c2d32c043ff1
NUP	NUP-3284	9dcffc4194c8734305ec08fa855131ee9d6212a7ae0996b3cbf41d6121d06b50
NUP	NUP-3285	0bc5342aa27281df3885bbfa7eb63e4a28365c87c7d305ce3e3e9377df3b4cfc
NUP	NUP-3286	80f566272de40c4e6707ca0a5e01561b6bbda70bd9d958ce045a73dadbb7e9d3
NUP	NUP-3287	1dabfd195570f654b2fde906021a127024ec07d36ad8ca481c4aab661b8acc7a
NUP	NUP-3288	e96f05965b11be6e1f9390973e92ef1670a605e7f6e40af0d765d7905f55bb5e
NUP	NUP-3289	9bdbb45afe305f2d1811ecd61b0a00fcb102e68b48dc42da5e27a7311dbccb16
NUP	NUP-3290	a543b60a14436851ada9fd95b21240cf82d0f1ebe2dc0d1c18f65729eeb9ef7e
NUP	NUP-3291	6006344423602957d88eb736e91e35e80681452a5857392db315e1b0a454dcef
NUP	NUP-3292	8de2cb0f8dc892140fcfd4113f50bf3f0628e81d55b4af54ca6f5d43a16c8279
NUP	NUP-3293	0c8033f96814bb8bd22d370f3fd5cee8e7b0ddf213567bc6b0bf2bb57e4a81b6
NUP	NUP-3294	efcb659c9ecb3b34c12e9e874ab20b6cd4049c5c01316bfd780146f65f59cd1e
NUP	NUP-3295	8102308a925b67d2257bae766fb83ca5db46067321877226c4148b12b997cc71
NUP	NUP-3296	aee3fa38768dfa478e45c97bc0ab25d301e49517a6b521accbd48fdd9484ba99
NUP	NUP-3297	45dea802a5ce491303d2c72da79dfee11acf937afd599265bb8043b2cd5f6160
NUP	NUP-3298	601b7ce27d07b4bd4877a39025ae9d25472c5f76d96cdacd180e235aca68da9c
NUP	NUP-3299	d51aa03137c96a9d3482457b1150cd7c94f3f5d8dcdeced6c8dd5fc13f70af4f
NUP	NUP-3300	23ec6b9fb0c6eeedbf72acde5d6ef1d759b153a5fc10cc96be2f7a768d35d654
NUP	NUP-3301	d59d3fb41ff758e2b8b163f60b74c7c2747b6e1200e2a9ddfd9098e566e937fc
NUP	NUP-3302	88444d270930f8dc2932c2108e2f36a0e1aaa9a94d30b23cc5d307843a1d0cf9
NUP	NUP-3303	20fee3775c80f25e99c3dd32cd3de9909366d9baa54111f71a579b2a8a0076be
NUP	NUP-3304	631a035d8f7b75a34e69d0273305d0c2769e6e72b927362c6580a45a70a7952b
NUP	NUP-3305	83784c40ca99de95504b7f127f8842b57f3f3513578bcd544f64384b25af61be
NUP	NUP-3306	b45a537b84a526d95df8c8ee3734b238d06f8e7dc4e940630a4b5d6f7a2c4b25
NUP	NUP-3307	7a728ff5a9946f5e58ac5eb02939c3559d80c25518a7de71e92e3a00479382fa
NUP	NUP-3308	738d0b353224491e46250ad8f30a76a06b4ea18fb4215f86cc92ca4d92031873
NUP	NUP-3309	ac20bdcf42a3db326f78d894c965ae1386ae2824d9baf70a5786d7a479720be9
NUP	NUP-3310	4963bcda3b41c5d98eec8c125e8a1957e6c602f1a1bfcd0c4bd39500381342a8
NUP	NUP-3311	f17880e25304f140be42dfe85311e5ca08ba02f4edf54a6fbf4f6f15eaea7acc
NUP	NUP-3312	bd58df76b3adc80a9215f9c3aff6c9b64016a97536cd4f0da0ab0a08a22c7e80
NUP	NUP-3313	7280a72e99aa87d98da20cc616a27fa6e62f3cb71f71d40949cacf90696aabc4
NUP	NUP-3314	1d04c23667263de4371cb669121413c3647b5629ca55d89a936cccacf6ce895e
NUP	NUP-3316	c6ee66ed50ad4c9e23b1f70f02bd6845261ee2ee4f33f02666faa371a89e9182
NUP	NUP-3317	b4f882f78ca64bc026020892a421968bc6332772e601161122a07619ce72a48b
NUP	NUP-3318	2ec475a868a3ac6ad9b660bf5f762d254d044003ee2084ce16d35d9acfc10e4c
NUP	NUP-3319	43c25df2cc703d41a8b570deed4d2d2086430bd623a8fae0f7a27f4bcf362323
NUP	NUP-3320	f9062986a7f896ff6b98e4095fb28ab50b6e5716d27c13e26e443fa704a291ff
NUP	NUP-3321	67ccb8e20cf54a2015223c2328e4190604a5f4c1e0dedbbe06d8aca50b08d2a0
NUP	NUP-3322	690a55cced45f29adf3b28ab5d1e85834935cb6a14c8465fa1a6270072799631
NUP	NUP-3323	a734ff2bc32b9534b0aba2a2e0a251ec711353e063391321895bd62ec0d26e58
NUP	NUP-3324	d213226f06ca9455499d2d718f261696a7367d0206e48871ab41c639aa1774f8
NUP	NUP-3325	229803393933fa1d4f2fc3f95157d85822d5f37d25577a3399b08db645794d48
NUP	NUP-3326	f7001ffa99b91099b87efb3ad8102e4a367fe8747f5aafb9c6c6566b84967623
NUP	NUP-3327	674b806a35182973efd85bd8296a1c69f7d807ef6a4f180983dcce36a546570d
NUP	NUP-3328	3a8b487bc7f792556d8a72d338fd6ee9dd106e20259805e9f1839a5a151038c5
NUP	NUP-3329	c817d76b662c39c1a4100e233b5b74353e03a218d22638882ed4105569810f44
NUP	NUP-3330	a3845371b9589f26eaa4be365f8d1caa9f992b980e578bfb5d5ae2faf31dfe7c
NUP	NUP-3331	01c411d7e5bd11a94291ea3f58c5a1d255343fc2a61c2baa3b51cb14d5f894e9
NUP	NUP-3332	cf60eaaf84c69f8c18832a24877d9caef2a54b63ad6947a5f6d8e407720f7488
NUP	NUP-3333	56ea104275448e50965e8ea5dab9764efe387730140796c069846aca460df795
NUP	NUP-3334	f273dce7bc00d584be88d5049d5c58fda87a5a835a01bde627c27c9981007ef6
NUP	NUP-3335	48fcb30819e45362c84b4323918cb4be577110dd9b8f9e688e17395344cde8b1
NUP	NUP-3336	bffa87ca7f66bc50a671c1f41b1a124efa88220c6d2945afaadc62a9ecb2fe8c
NUP	NUP-3337	8899eed1c05dc5f329b6a233c37853f410bdebc383d12424f00d6006b67ef05e
NUP	NUP-3338	1d275dc19c10b450c802d67fd58e372f6452f90c1ba721580ecafaafce70f9ec
NUP	NUP-3339	71cfda09dbe35f4c9bedefb20432933663acc519d42aef47ce607cc798df291f
NUP	NUP-3340	543488abc2199dadaeafd1baae45438ef61f60004dba1195bcdb0a7108568bf9
NUP	NUP-3341	241a2af253daa85980aca912a3146da2b194a5bf696b85d21c7bbab8c2aa3fa8
NUP	NUP-3342	0cf3c1077584aca174356c9b870578a5f3dc92763b9e3bb02bfec10ab4a7dbef
NUP	NUP-3343	aa1a7a7a9749b1b396c33c8846de6fa39add8c23f419bc7dd030c33dd950883a
NUP	NUP-3344	6832d8b11c5756553c399c85196a9b6faf4e7a5ee9daadb79bbb52b8a8c97545
NUP	NUP-3345	05fa6e7ef7a9277ba6e05127724240065180e51cff59e0d3b22d6c8faca1602e
NUP	NUP-3346	4307c3806852a9ebd33479f9f5ccc898eab1cf3b3fc8f5e83861768fc1932eac
NUP	NUP-3347	70ee5e21c8f93953895db0bed6403b6868f81301be382ff67756a0c8e85cc565
NUP	NUP-3348	0e4e2ab0a3a3c54bcfffd138f5a76c8795c857147e6da25d9456aea141ff87a5
NUP	NUP-3349	3739a07d8a01b0b9e1185a04efab521774ea4d3a8ddf8771b7fc11f01634afc0
NUP	NUP-3350	6fed68a0e80dc5fb7d74e5dbe489c7fd300f11c67181a81148d703ee5435a446
NUP	NUP-3351	717d089167cfa66fe02beaffa996b37ea932fb70acef046a67d4540b68951cb6
NUP	NUP-3352	d2964bbcadd5ac70e6f16a6cd08eee7ea7d2703f8c632038b58b891590c7eafc
NUP	NUP-3353	e668479df2b5073d3aa505c59b29bddc69d972588932b37352306b0f6bdb760c
NUP	NUP-3354	d7bd3f58af50e695b70ecc1234c51cc1c1c381dda643523f925dcb72c74dbb6d
NUP	NUP-3355	5f3cb5b4c6ba0e57617e62627242b377d085b410abc3e9e6bc49215eea4980f8
NUP	NUP-3356	7147bac890ca2d1bd19906571e1be15baf40793a6e296c65d6af3a91962866c6
NUP	NUP-3357	8ad8f016de9a476614712741cde88e6e0a96d153d167f7a9fb5847c74b4c9c7b
NUP	NUP-3358	3b0757f92bf20dd69d2fe4e7b4df511af8ac23822fd9c5c25196e926808bd013
NUP	NUP-3359	11a74d4c12842754bce13a5dd971cc6cc24c0789c33000810f476a0ec2174481
NUP	NUP-3360	27162e1b6f4fad12ac4b7b312bbf7c6f1db8f01ee690249847da271e43785fc1
NUP	NUP-3361	160f7ca90dc27f7c55aecf297b28ffbaa98fb9edeeca40e0ddca678e53dd4f12
NUP	NUP-3362	b8352159ae4fe99f22720f2d1df50082ca04802051b03f732f365cff9d1fee91
NUP	NUP-3363	0fd322ea8e19d4abbc788dda6cd8cb58516843da5ed5367597c2c04fb0254b6f
NUP	NUP-3364	4e6f7c5ae6fbc0fa9cc137f85261f390a256ed7fac5bee24bbfc3c2392f39257
NUP	NUP-3365	5d792e7968a92f66ae2a2cb4fdae90ad7985e2e043ad333ede4e777ea5d88af0
NUP	NUP-3366	fcf757a37ab244df8946e04b52912292a8b87983768301f2f4028e4dbe9d75e4
NUP	NUP-3367	c7ebe7200a5ac12827efc2b86beafb8a39d4a8f797b4c93eb055f4af7a5f0d42
NUP	NUP-3368	1ac6aff131112f06dd15261a8897fca093eb9b9bcd53af942ce99a8f6e79dae9
NUP	NUP-3369	fe9c91e2d77af89289b4a946e406bfa767b208f3a660239404b93658e68ba35b
NUP	NUP-3370	fbd3a572e369b12068b6dee0e6ee1c78467dee6f71d491bfaab853ffecbab262
NUP	NUP-3371	45387e1d832caa3ecf54117dde548e38fd4e87f046fb1ebf8187b0479a8fb8c3
NUP	NUP-3372	df1ff7c525ce07eb104d0432d744d9fc004dc3e934bde9b5d411e09a7c694dc9
NUP	NUP-3373	1eb42ad8eee83aa903ddc02797b45f289efeb28f0ee43f6006fabf840c7b7e3b
NUP	NUP-3374	4c8b1dfde0e0883d4f15fa0a79adc9a0f7989ab0d56b22ee0d8c3a6c2a722d15
NUP	NUP-3375	83e79857fbe9c654e1530e1aa79b9e4130b89114751572b196159cef67f1b816
NUP	NUP-3376	4a213d5b530832753d6c843443446ab190dc6f899fb5b4eab3d2ee3fa8995e15
NUP	NUP-3377	5c86aa5093c2975e0847d7ac9af6ed3a1f299da098366dbf64ec4a84b81e3c36
NUP	NUP-3378	80aa90f82a4e29774b82090dd5dbf52b43c61550080835063f85e41598b185d3
NUP	NUP-3379	ab253d18d49de9715289cea827dedab90957aac9c523bdbfcc1f2a0b7832d286
NUP	NUP-3380	6f3c0b5665d3dccfac86f23c04cc98f338a39edef664efaceb07bec7aef6575c
NUP	NUP-3381	b12c09edc635d80c2fe75cd30e7e164befe305228f7fbeb2e48e7111d1d88637
NUP	NUP-3382	c6396b598ef11b4744a8dfeb0a5752d0af2c75f351c434962173b38184ddd834
NUP	NUP-3383	f5a57427d00eef21f588bebb61172fce117d0d12a3ac06457534d4a5a98e6e61
NUP	NUP-3384	bcf866a7d7d1fd4c4a320c47f6eca6c4b4bdbc29707178bd06179fe5bb3dd29c
NUP	NUP-3385	9133223474be8a6694afac38388736853ffba7ca5070e413b55982666632ecd1
NUP	NUP-3386	b49a95294560f1788a0388f5a5f0b17c89294a39e4dae1db3e5393b77924849b
NUP	NUP-3387	8b25fa43b7b66e89d70dce4fe250f3081179f02450a5ce56b5ade1ecbe36cb1a
NUP	NUP-3388	ef949218f94ddf9570d0a23ad1e9593b991401ea6740eaa2d7d6268e4cddba2d
NUP	NUP-3389	a6a8a2c48215c606112e5bef638cd6eb50e143c090b4ef2224bffeb9233e5f64
NUP	NUP-3390	bd14e67a018f07b1d814dc055506288da4504a27384c66b9107ef44246563b35
NUP	NUP-3391	58203a37768743e99e3433d522b58c2cfe48c2d36b5a09d4ea05ee863c11ca0e
NUP	NUP-3392	2c62e0e16f52af9099a01fff3cfb27a50e26a7899c29f001ee749957c45e238b
NUP	NUP-3393	d4d863df335664618fa4189d8571a70acf1222543c963113b890f8487b68d785
NUP	NUP-3394	f9370ff47db6f137ca4d8372cece492ce992bc619a786a4539ff75cd151b4276
NUP	NUP-3395	78a17802ec3127f475d96f53a07d49ca2143d5cd4fd116a4feac24a2fd6e1589
NUP	NUP-3396	44d21a31f2d9202a9cd89e94eba8ba00fd72e3d8dd11c857ab3055bbb52ef356
NUP	NUP-3397	0496c7236ac9761931f059cfd1e47a22481c89717021988c9844819857fc6435
NUP	NUP-3398	5b4b6e72d51662845abcf4889c782c9c745561e1cb19f1a52179b958f9d0d204
NUP	NUP-3399	41af33c2c467d232ca6be185a93d0be1e603b425e821c078c569ecd6ce98bc14
NUP	NUP-3400	b49f34ff70aa659ab9268176b28799be7aca90608ca846724ee2fd6247965157
NUP	NUP-3401	653de99736667297f56128bb8f59b9804d9e83d3db1541ccd888f038e0253b4a
NUP	NUP-3402	64d93a1f4577f8fc0caa72ffe2cf3ae82cac22ad53e2259d646814b555a9d135
NUP	NUP-3403	0c2d05f4ab2cb268dc38e6d17e4623f7f7a17ed56805cffcb5a31e5d99e2ca40
NUP	NUP-3404	eaeedefabf514acc8663b68c581bcbc5401245a850ffa69420776b23776a693d
NUP	NUP-3405	3ed334237ee694f26e403d8533c6f9b691b936cf9cd383dfe6ebdff1412103fa
NUP	NUP-3406	bbb7ce5570d149e1cb0e0076f6937062da56c97ebfab3de90e13ac0ba8cf976b
NUP	NUP-3413	aa07f383bbbf63c348940590bb50fd857e86227015fb31e38219ebe2631de8ee
NUP	NUP-3414	69e71799db241fa7a5fc741f5c8cdba599d18333bae7f3b566c278bdb8104d7f
NUP	NUP-3415	5d55b884801f4a857c5a604d6b3a2e577356c834ba88acde0cef278fa53e6710
NUP	NUP-3416	0c23ff0786438a18756d07fe89b1df2d6cd06724ce30abea51d395ed15f44c61
NUP	NUP-3417	19c775685895e33779c5002d1f8a384b8d78a7f8ade6080cdd1e9a9a7fefcf95
NUP	NUP-3418	83cd84af2ba612293eaa0d0122065fa5c34a57f2cfe4f73637784c003799ec84
NUP	NUP-3419	eada109aefcb6c04320d46a4a2d0bb77efadf09588b3cfbaa826259f8d161987
NUP	NUP-3420	0ec4376ecae5fd604ff3f6b45b732d7e474de5b18268879829eb4620184d16a0
NUP	NUP-3421	a8874e6c61562a723c2d91bd41731fe4d518c8495e68bb257a39690f81ba6627
NUP	NUP-3422	67983330999027e22dddae7530073a30445cdaa9280da14df70111ba50f20ea4
NUP	NUP-3423	9bb67398e74542c62879b9ba1063e5b397732ecb47d85f4a422d47de4a7efe43
NUP	NUP-3424	db5f6b548b95ac3d0b421b7b772d794e251e4c171d494c5ae777859009418e79
NUP	NUP-3425	bb2964eef788fa5f2fa2910ed671bffd2a2252d410f80c483266d2fb51a659a1
NUP	NUP-3426	2154a29950a8f705ccfb6403aaf2535e72725b9547daf87eb59633e60a0694a2
NUP	NUP-3427	7291378f0730f01eba74f7f258c0683f25c974803eb90ec2cbbb7f23c2585030
NUP	NUP-3428	b366ccd3da4a90978c1eefcc34b14dfab9b754898f622eadd5b1d622a29aaa3c
NUP	NUP-3429	52f9a780795b3225f76c954cee8a523cf8f6ba284af4fa00cd9a72a18307ae50
NUP	NUP-3430	e942205d0bca550ccab5eb2d697f0ab19d959dc278a8ef1961e46cc98e6709fd
NUP	NUP-3431	78a7f9c263be25e163ec0b3bfaeb2f032867109ed853698639d704c9bc72201c
NUP	NUP-3432	969dd6abad5cd5dafc9cf7db704c6ce2da940408b44cc1b85539fb31b22bd52d
NUP	NUP-3433	4ab50e022254276ed6cbfd20f38676033d8cb05271428b98b024a423e05a98c6
NUP	NUP-3434	9fb747b73a0621ff5efd96d3a83f42400ed413d5320241d4eb7aac5e0892ecd6
NUP	NUP-3435	e01ba87f99766b954cb23deb45ce70a5159b8cddbcf5190ee2576fedcbf9251f
NUP	NUP-3436	4c810837c0791c53943c18ea37bd3681832231776e6fcd8cdad361aa4486adc4
NUP	NUP-3437	5667a9c6734540637dd3c098aeb10a589ad85f677485ff35227971834aaa3453
NUP	NUP-3438	9723c87dd09daf30bab85e41eac507c9804f7cc9d16110f1733fa8fb571c205b
NUP	NUP-3439	0361ffb7074ff11cea9d5dfcf30dcb4579623216543a6e92f7848d8cf5c45b7d
NUP	NUP-3440	30c8c4710fba817fd3091851686d9a361a3662a17b30831ae69833f5b9b55b37
NUP	NUP-3441	d6dced8760a4938355fbd85fb5a21937420b6427f2a0b633f6e457fc2253ba6a
NUP	NUP-3442	9ff73abe15055f2b74560f3ecaba0cc35490a449a4a5d8930c5a49bd5afa0dcf
NUP	NUP-3443	805b824a3c72f1e7a2c46e3660508025e688ac7eb9794af671d276b78cde69bf
NUP	NUP-3444	3dd68c6dc4ae7423f6a225f3c245f3fe82e1a494a0056953eccc5da649a68943
NUP	NUP-3445	a7ee8d5fa0e9c05c34a9d0d8a6a6103aa4e3d4343a2dcf512bfbd375d9b5499d
NUP	NUP-3446	a443213636c9e0a5fd2b04bebb8020f68d2d1db7642f7b52307a781759bfd745
NUP	NUP-3447	120e0500cf285cff0f8cd5ecda18703caa8f691b330bcde241adc5fb81422269
NUP	NUP-3448	8fca784dab565680c57ceade04aba47e1c065eb2bf800e0f526c54bf29e9d56a
NUP	NUP-3449	17b75e51bbe4af761bb169b404e8f4ae81b2ad43e46fa3b97c926c5ee7d30708
NUP	NUP-3450	ad9cd3a7787f5724d6c7868d98ccb6ed9d06de92bf4c4d24a8811899782b7649
NUP	NUP-3451	78b803e19c1d07c29c6d3f8fa0d05f8beb2e83497fd6b08bc6dbf1eea205885d
NUP	NUP-3452	28a36e4463e17db12490068d14acb024dcc445eb532e996cf6b1caa8c31569fc
NUP	NUP-3453	be899003b02c69284942851070b6e700ab8f62efd784589fdc3f0b5dd8a4a011
NUP	NUP-3454	127c1b36243f448aaf7568fbba3b62f0de6c0f26af5607b9c8623310e0f6a46d
NUP	NUP-3455	95b4017e92fc7c79031f604d99580f152e0ae403f1c7c1fac04b8ebad1243089
NUP	NUP-3456	6072fe206bf1b4cb22fd649298aec99677de4cf8352d44d1dd7959a6a2171d63
NUP	NUP-3457	4a8b06d80f4bd88cdc357d81a378052ec013b76e3016180eae55ebc02a1bbc3a
NUP	NUP-3458	117bcee170735493f6f5e091999f08d9e1f5dc6bd336e3b2141659c80dd72091
NUP	NUP-3459	eaf4336b6e2b737c609941111dfedf39d4f7f5fd35b6dbe84871d4dd997b5d39
NUP	NUP-3460	35009aff037759b56762df1b230cb162676957491728d65461093403407f8635
NUP	NUP-3461	d7e6588950cdf4c15148eb89bdc6bbd7c16200f59ca5bcca6248d4c1a739a281
NUP	NUP-3462	4a42be4aa73b67ee8b37548ee93620e32db5bafdb3eaa8667c984724fa143d78
NUP	NUP-3463	74b8c814899fb8da95198940078a48f438d7c9f0a4da06b5d017839b3b50e597
NUP	NUP-3464	37f03fcadcae0ddda507634ab35a2bf07e7456fd87d687859af321263eba14ad
NUP	NUP-3465	676bb84b2bf11468e86c5f7e0344d9d95a5a92af2a74c308a3386513f85798d6
NUP	NUP-3466	48148aaf61b61f1ccd5f1b7930be2254d7b20cbd27b13951254007e41dfe6a00
NUP	NUP-3467	4531062c18f728164720e14a8624ec375624d68a44278252001a7f43f2fab69b
NUP	NUP-3468	f36ab05dd87c53f48d2120c0aba02542f17a0c1772680e7f1dce66ae4f7102b6
NUP	NUP-3469	ab45698b52dc7f7ad9ab4b54c466e9d07b67595e69e524c8506e8997984f18bc
NUP	NUP-3470	f597dc698d92d82cfe10d2b889f7bec754b511b28f090783aa4981c4d0037619
NUP	NUP-3471	42df8f472d6944887c9af96772e9f5f2f80098f51ea32603874813918f829a39
NUP	NUP-3472	28e2c498caddc7d28a9228802e463b1e26fb1f5aed1e024a8211c474e73b8180
NUP	NUP-3473	be5766995c695c91398a2d40ac60865893ad86561b6e6e47850ccda8d77b263b
NUP	NUP-3474	c325d78d91dad4fe4b62f8772bfd0f9acef2b4b24980327f180565d3fede8b31
NUP	NUP-3475	28651a635529d44a517d9ba9f6269b2b070abea7b609f29be59b6e91f877e4a2
NUP	NUP-3476	9825b8dfb135bea223f38954ce0390d9d277a29d01665ceacb8e262083a2b371
NUP	NUP-3477	9c594b8d6af57f9f8f633654057adb310cd698bb4fd6871885fe4450b707d091
NUP	NUP-3478	ebf51c8523a70ecbea6af622df2a02fa0825f46ea469fad778cbc8210ffd9f99
NUP	NUP-3479	66f5deded168f609a65d2b779a44144e5bf0ffed239ffaac7b1581e0726261f4
NUP	NUP-3480	b34172f0018a89f2022080f0694976a2354651ae865cc0336a59b6b96ccce91e
NUP	NUP-3481	e9a2857469991bbe0468720ec619447ab02dd35d04174bcaa35efaa532af195c
NUP	NUP-3482	d2ceb9a8381121b94484fa6fd9e8bd48ed123fe988ae15debd922cb5cc891d8b
NUP	NUP-3483	62ac22ca1c7811e432ae609592315dbf641371fe862209247699f8db1fe10e89
NUP	NUP-3484	3115c0cbe8ae1426a6f2bddea394bffd807484390bed7743890db3be28a8c526
NUP	NUP-3485	10ffe4291a12d71bc092a55ac991d8be44d4bf846141e95250ef1324ed0b2981
NUP	NUP-3488	82842889c4bddb800c3a41d352666d8a7892c111f20cdd3d6e222e7a3b6f82ec
NUP	NUP-3489	b6f9f3b3d6b5b987101a79a9c204ba5a70230e6ebe3895498a9064bb8cf8385c
NUP	NUP-3490	acfe93e06d2b60c96dc9d01ef6a809613cff0561fd34e6df7e809badb13d3478
NUP	NUP-3491	1187650849e4fdbf33919d5f988f1839cf2812ef9d65c308a7ce977a81803b08
NUP	NUP-3492	8b15949e12b6546fbf3f42b196f2e8436db2b47a3b8ef9cc0435c4bddc47b30f
NUP	NUP-3493	f7645ecaa5f634d6ede37e9b35949c3f43871beacf96d59a78facf265a5353ec
NUP	NUP-3494	817295d3cc68c192c986df02331286dace5839199d15cae96342a144a2bc7294
NUP	NUP-3495	d98d6ce0be19441082c90d684a9ab7d99bfaa70e7e141c89367e06711203a4d7
NUP	NUP-3496	ad7fd151efa7dcd7ccb93aa186e69e6b32398df32fc8dcd1defa467228a248df
NUP	NUP-3497	4ae44e90cfe306ae194f2397bee607727d609177a88ec1264a1eccabd81c01ca
NUP	NUP-3498	30a226ec147161336f9b5e374aeb3131aba84c90cde478d726fc12628d176f9a
NUP	NUP-3499	d78f4e97f0314fe4c381874ae409a42e8e5bdb0b0eb33509ea677772f3308669
NUP	NUP-3500	0e15633963f667c9c7493e396c74321f01e4c4f5a4386a675e14fea654f62708
NUP	NUP-3501	0e9081416b8ae498915d75f008aa4cbb06a313da081a9f2767294ba7d74c6027
NUP	NUP-3502	fb03ecfe53ba2825af4eba429d20eaae7c0f39e4a3689b82a9d7ceb79940b0ee
NUP	NUP-3503	5bf25d76d55c782dc510d842f4ead2cb91f90e58f7d6235452f7c8cb1f37c4e9
NUP	NUP-3504	38c4146b46cb4eb5a10b1e3ce6482b17466bc19c75cf2974b8c4118ca07cd943
NUP	NUP-3505	88831e6a246dbe48ac0375f43a1a9f56d3bc2cc16e24ad02397f56a053a8f192
NUP	NUP-3506	2203662d689c5527d48deff78fa5a7ff2fb9e9b9b1b04daa8f5729326b7fbdf1
NUP	NUP-3507	c0172d4c96265655d10faf02adba01b84bda8b7179fe207a56a24427bcbc1ae9
NUP	NUP-3508	5dd1e3414c445c4eaa513b232e064c0724a7ab800049661b061d94139fbc773e
NUP	NUP-3509	1d38624b1f6784b7dcc745158d991c6625f63fc60ba781012ce41a984b82fb49
NUP	NUP-3510	8be37445edeb69fceb65e85cb75a9f8d3fde1943013b0eb4be3f8bcee4003eca
NUP	NUP-3511	dbc090a9b3a46af35aecb74151f8a3166a427c67d5e54e1144732ffab1239579
NUP	NUP-3512	3f7ac8254838978666ffce45bbe0d4baa8a35487b92c62099010546a19bd84e6
NUP	NUP-3513	37c11ec627d5fb8d8ecd8cc3e3ef1f2933cba55d6f5d753c1eb9ffbfea0b0fd9
NUP	NUP-3514	7189c2e63cb3376d0e6523a43b3ce5d6759ee3fb92086c3480fcc3445ecf97dc
NUP	NUP-3515	957aafd3022149cff628d8ad75bcbc12c84128ae31a00b80d46fda7fd330e3fb
NUP	NUP-3516	a9aa92a85a5059a71e641ed5b41469bab6a8601a36177ebae9b64c37241c18b2
NUP	NUP-3517	496f622ed2f052cef640f1f523cdc46a5969474c7f9a25c1cf8369cfb63b7b2f
NUP	NUP-3518	6ab3ac973dd6d5b1badaf1175c01ffcae60aeaa4225d9e651ebdc5eabf4b20d5
NUP	NUP-3519	dc69deecdea0da76dc2b20ab68da1da4c828e8ff11beea2e72f5e08381bfc07a
NUP	NUP-3520	5a18d446602be73a79926d5f2eb7d466221842945938ee95636513da81998b90
NUP	NUP-3521	27f96d7d36d9fcdb0d46086c96f467c9a59f4e95387140b7175ece93d3ca56e4
NUP	NUP-3522	2e9ada126bc40384e21f6be1d73effc681efae11e3b5e15dd4a35c4ba26c7a32
NUP	NUP-3523	0bb47476083107d3a43d5cb851261fe36cf6252937133661518a30d5f5d0ac87
NUP	NUP-3524	5f4d55dd3928c223f2656b1ad56e4ef5ed753e62cf28f62db86297b44ec9dafa
NUP	NUP-3525	8ec5504e20928ee1e057221de6fc34029a5762664b8cebf7b19c076075c2b050
NUP	NUP-3526	8011bae75527dcb4b20c69694dadfef8c8ae0326d6f74a7d09623d6971402ba4
NUP	NUP-3527	fab87c9a3b2b54be44907a6d19f305458662d0295ebaba46068783f1c1ac47f2
NUP	NUP-3528	11e3c643754641151834a7bf9ac78aee1af8ffed336427d6f859570aaa922524
NUP	NUP-3529	acaa5eab22bd54b7a06394815e751a8aff542c17ead49cf574e0667b8f7eb7cf
NUP	NUP-3530	a2a52819be313cd4b129d007040aba83b8fbf85f2bb5160f7116b04b90fd4f2b
NUP	NUP-3531	4acbe636f7b72c71162f5fbfaf14171ef4b8484996b5311d3c28539318a77101
NUP	NUP-3532	f2890b4238ded24098776265393868056b54ed4543c0dbc2bd9a99d33a817ed1
NUP	NUP-3533	cb6f86acd0d28c55671b825b1a3bf62be32fa5e736499c8766b840d190ee8531
NUP	NUP-3534	89cd40dc95e21e1983e0e10f9645495402f6ef7411355fe4b9e040828ccd67ef
NUP	NUP-3535	6a343e40d3bb893c0cf76432beff2bdbdf8cf249ddd93772aa25cab479409589
NUP	NUP-3536	986ffc1d4e8e4d56207cb844a71b77d28ff1e8476629205334aa024c1c2cc7a4
NUP	NUP-3537	500eb6ae035e4078599c57bbcf4532aa15ea89aaf91c35515cddc0d0f4cea242
NUP	NUP-3538	79a890643b5bcaed73175aee1926ab6fd2459ae767f39578a5ad12c084f07180
NUP	NUP-3539	45bd49be3cedd018ba6fbdd6ffcec2eb816a4c3e9e7178e079743fd8401877df
NUP	NUP-3540	907b4334874376c4c75076071ea8d03f24d243d5a995e16705eacf3a322c0abf
NUP	NUP-3541	70ef593ad560de9f4b15a819bc7437f5332d89765b22a89740b14bec17b6f2ab
NUP	NUP-3542	4942ff22416823bf6bf8ea64df858e2383da166452945351f206db74369ea370
NUP	NUP-3543	0cb469553fbbc9fb403e14bf4f289ad6c6d5ed903536f5c1043a2343fa382c4b
NUP	NUP-3544	40edf65bed32f162b380570b4c81b0dcf8e682264b11b4923c4f8fe2efc79c33
NUP	NUP-3545	4dd5370eb573d8cb28c674632b62c9117a619b1adfc5829824f111762cd0f7ec
NUP	NUP-3546	2c4e1bb9905d56f8e8aef72649d4098a97513c25e098c0512fb7095be2fe8703
NUP	NUP-3547	d58ac64ca9cea4ef6d222d9b147850885d3701dbcf6ba1dc1b8798af7cb93c43
NUP	NUP-3548	78dd64d7d449fb9298ad3d13da0c6a6be3ac95c819b9d3101feef8233196d6f8
NUP	NUP-3549	faa3f2e3ffd82d81487b2542db012986ac1fef580bde0f07b2a7df13f26dc734
NUP	NUP-3550	6b132d6daf44674ed3e0f9f6aca2aeeccb1f66fb159d037894e3577a71e71ab0
NUP	NUP-3551	9ebff679d993bdc01765e334f09fcc6fbe21b6faeefbf67a3d929b39cdcb37fe
NUP	NUP-3552	948b38f73f99b6ebc016c013c5c852e238cf13a3ba113c4fbae30aa15c967d15
NUP	NUP-3553	6197fc5d119edd4a509a7785ec03e7d38439849c3bed43d9fc12474edba3a614
NUP	NUP-3554	c9d9856b3c5d6dc14685eabeac3d8a876519b7b7de9ec18bbfab1653dd523f9d
NUP	NUP-3555	8e5e4425e21a32fdaf4e9a8cb1d808ba97fae2474ea77a38e1e36197aecb9b91
NUP	NUP-3556	1c680365aabbfecf041cd076595ca630726e25e7d60ba4d7f8e71eee6a13fa33
NUP	NUP-3557	97357a2283f03f44cd040ad5017773bf620ffc45b9acc9190912162899c7bd56
NUP	NUP-3558	6eb6a84e8eac8488097d4f2641dd18d80bee3a2609617fe4a2073f1109693906
NUP	NUP-3559	82f538736cc5bfbb927eb3a0742eb5935dc5bb14cf553ae69f5f225588adde22
NUP	NUP-3560	a9bb16148069370bf26ad3d50fefcfffd0e903055d5a9e26aae290a349bb30b8
NUP	NUP-3561	d879162d43676c531b7cb643b40dac48458be3891f826109e76d16e58189a11a
NUP	NUP-3562	112e7fec435ed528bd5c92b4c69df6e3e274ce9dd17b8c50eedb670dc2c8220d
NUP	NUP-3563	faf49b3883d2cb3dac8080fb4e39a1601aa0767f717da04003c6e915e6d3cc27
NUP	NUP-3564	0cf88e91eaa95e1099c0da3ff194a25fed873932c088f63ab3e3a4598a3a2794
NUP	NUP-3565	1a6c969afcf96837151fb64449029697568c091d37c4fccb047857e88e18beb5
NUP	NUP-3566	cb444c7867ef9b5fde6ebfe96f7e422a5260aabdbcc40ab61212889483d3e2f5
NUP	NUP-3567	481a2999104afff7b536471d0abd2f06f1b4f29effeaa2bd7e719787118ee2b8
NUP	NUP-3568	79105291c8b10f9c025b1364b9e785dd1bae0366efb504a257d60095058183ba
NUP	NUP-3569	2a0a831525c5c244b2829fd74914c8348efe324f036f7fa66170d2a1b74de7b7
NUP	NUP-3570	ffeba87bdb61f4f8e08793be162d5be795195b04b0ece97d9a7b7f32c18cf43d
NUP	NUP-3571	402b6ad8349d486dc586971c20c56ab0dc6b588e04b91817bef6d0341d0ca9b7
NUP	NUP-3572	c51456e30464b5c18cd24fd27b207ad7dd799508c93428ee4f259d3ee23fa239
NUP	NUP-3573	d43f6cfa75057675ba46ee3a786e6bd55cc69c2496f6cfc58c4276991a5a2906
NUP	NUP-3574	f495206fde50e006731440472d461a948eab1784a5bbe67f29310722a667b6ff
NUP	NUP-3575	bc0d52b460c1c4d34b0518dc621aead2fed4d66154679eae160ff9b2d5b5c90b
NUP	NUP-3576	0bf66b2076133413ff4fde95a773f328c44a71bb30d822b1982530f6070e2e2e
NUP	NUP-3577	21abce0ae5ddca2f61041c1a397836c17c83b7dc7bd3536cda98ce90c9f2780c
NUP	NUP-3578	4cfea7a84ddb7e1957364c53b37aa3de0605fbcf397962c303388eacb8b99d19
NUP	NUP-3579	37eae17fcdff694eff21257343719728be01495ba0865b81e7c937cefe0a76a2
NUP	NUP-3580	6e8245d544496679b43c1447cbfef966b5f7b0826c5e0c0918858acbb10ca895
NUP	NUP-3581	dd0a32146c62bfbed03f607b97214ca3e5112b5c2ed009f8a3721a4309dfbabf
NUP	NUP-3582	12d566202130da9289261eb5fca2643b0db199414a491eda01a983942ef2586c
NUP	NUP-3583	d09619454ea2bcd1c3ae5c6b2f2783c4f4ea8b147bbee178bcd82ab83614937e
NUP	NUP-3584	440bf185f8080adc0649bc9f2b3a163b2e0966c63b3ac49fb42636b8bb53843d
NUP	NUP-3585	cf6f7c13ae2ebc3b62b71f646c843261ba05ff96e362b1297304fe8506a3a57f
NUP	NUP-3586	dacfd773a939db2643c7769a9bbfe9f615f782b46fba6848c5aec7d3aca14dbc
NUP	NUP-3587	322cd70b41d83120e498e9dbf65681eba8461af9549709578a0b581cde55646a
NUP	NUP-3588	0eef7a78739b6de58a3984ebc0c2f0feaea920dec785fbcdeb19e0ed002742cf
NUP	NUP-3589	d9918943b7a4046e79d65b36272c76d13cb8fa46c724e99c8ced54429c0fb2b6
NUP	NUP-3590	09693dbaed834cc07dad739a648aad8b7b2090b486bcc783c729e6841345554e
NUP	NUP-3591	06add8ff4c27eb84c9891691a93f1a05b42cbe929ff0f51b27ce4cb9104b14e1
NUP	NUP-3592	3b7c778072e7e4af586de995e4bc14635c91965d15cdc652620d15c799d6dffa
NUP	NUP-3593	311c8c6bf0fc70538d18f3cc90512614ed694831e32fb46e3dd20d367d264de9
NUP	NUP-3594	1d3348a1a71197febd0d7f62c816b628b2d9e74efaef0fb4269227a38f5eec0b
NUP	NUP-3595	6ec0ddb7b2bc847ebf950cff5862df6cdd167d42759f9fec2f610a253504dd67
NUP	NUP-3596	9a80cbac171c56767c85f1f0fd0f34cf2ee44d955eef69fad8b2f8ae2a36aece
NUP	NUP-3597	fc531e47813a8ed8474a9eeb551ab128ec33ec892775c6eba7134f96752290df
NUP	NUP-3598	5dff833b5f6e5e1130bc50f3c2e6e705b629d6595c36023c33f8559596a18129
NUP	NUP-3599	a0519f38f9377aefab56982795d15f483ef383c5ed5d3a59f0e596557a12222e
NUP	NUP-3600	285b87b868dc04d12d838d5de145b419868ccc84bf0e783e5eb74292be1e96d9
NUP	NUP-3601	f4b6acad1cccafec280213f4cd95afe8dc38702dfef11b6a5a89d7d19c391a87
NUP	NUP-3602	a3b19c8bdecc3dd4da754099d6ecd39f4478bf044da149bddcbbb7d46472682b
NUP	NUP-3603	d8233d5c310681b595fd8dca44018fc52af129b5cd5335e840cc740ccf9c17aa
NUP	NUP-3604	e3d731657a73cb3d79cae987a2248c8a021f1726c6baf269957d94936b3db437
NUP	NUP-3605	b97f0287a67d6f2fb45f5a076f89325acf9f6d4ce2d59f5031080f22ce4bf5b5
NUP	NUP-3606	2601c2bb39c8817d821e4460237cea79627c131d0ab05cb14e842ad42e982c30
NUP	NUP-3607	3f080b81b3f5138f5bbe2c4ddb9bf5fc081a3103a4ba93b0053b434322eebfa2
NUP	NUP-3608	7de43af1d24ad4aa76a7252aadcdb5ed60e4134d68dc9222e6c1905d00394564
NUP	NUP-3609	0fa5b46e00efa978973df722b8f46570b812944bd05da75d2e4fe1034918b1ed
NUP	NUP-3610	6c36712f019e70776b2c151ae4be75a34a1c18c7110ff81a07f3495552a7773f
NUP	NUP-3611	098f676aa2dfa1c07a19232503c6e61d96a15920f4592f880c67180142192ded
NUP	NUP-3612	36c8c94c24fd62cc9f80ca591252bf6a8e535d81e195c39b1febd6dfcc706b25
NUP	NUP-3613	8b6c811a034f81784a6cd3c3f39ca60c3680420a17f4aeed9b79b3310fcfdbc3
NUP	NUP-3614	0b22c1d2e998d03e1d87ccca913cd2eb8d08dea4e267935f6444ecefee4d8b48
NUP	NUP-3615	e1b303429027865e478faf9e9cc6c666aeb5a4d03b93dea322b5a68537722873
NUP	NUP-3616	eef89a4c315963c849a309ae2f3717d2573439812d901d8d681705dac1447490
NUP	NUP-3617	9dd0d5a151929de656bb05a7678a825a0b7f5114606dea9a801ca77ee20f91b1
NUP	NUP-3618	05a9111d81073850e5195d6e31a7858e3d40d81c3e49c7e57a441562d4d913e8
NUP	NUP-3619	320cc6b5cd444e08dbec89d3710b8935d8b74fe7f1c9443387e9cc8547bc83dd
NUP	NUP-3620	e9919dea66efc838b361abdea285f9eb1644b9a13163d832d489957bebe5fad6
NUP	NUP-3621	63f2ebab1b7cad893db12d6473adf0114d3ff653395c7f8d9a4c8dcd67ce6c8e
NUP	NUP-3622	3883cad8aca58f2dbdf575d0f4184793b993bbf699c0b31f7f2f358580dce984
NUP	NUP-3623	d876325f42ae82d0d5923de30f97d9a3759a2eddcd5cce9f428976c5825b09d0
NUP	NUP-3624	ce5816472e698f76ae4a9a6d9bd96adedef7c025f4c3f1c066668c09093168f0
NUP	NUP-3625	74c6caf423513cb1f71525f050f0ae27b2813314565d007269518656f115fb7c
NUP	NUP-3626	ff9e5eda5b35f675423e7407aef01e5ecb01a76595a4d0dd3b9212c15775d678
NUP	NUP-3627	90b2608af76cdbbd802488b4018cfebd674c36b5f79955afe39d517c0b6d149d
NUP	NUP-3628	408e66904849df534d88c68f59bec3bc124b069f0796ea2962a72c5711e54289
NUP	NUP-3629	f7c63357a48f66c0d20927f0289e7dd00f482bbb7b32dab61f01d65aa06d9b2e
NUP	NUP-3630	2d8483f658317485e312d3d7b52a27e4205b2fe2715193a212b025abe2f35671
NUP	NUP-3631	5b440379bc75ecf7022af7c0772dbddd6bed1c761a65f358a365942977c888d7
NUP	NUP-3632	da9a5602686e33d2b63d8373c47a51b880b61fafe92cbb23478593879f157af8
NUP	NUP-3633	e081f4513ea12f05abc035396e26d0a50f67a51ebc61014736a67c5ed8dbc0e1
NUP	NUP-3634	492e5714cb430c0afb893e9745f62ddba405cc84559d329d0ccfde16b7e9ab37
NUP	NUP-3635	74eef1d50efde1e0b4a95c989a296e20757d23a12bc5eb9c9fdd20f3ad8d38ed
NUP	NUP-3636	332d712ef8c481e7448052316579744f794c52f3ba6b0439303e9c8544b6ce6d
NUP	NUP-3637	871257cf9311be141d164ab27edde47ce6252d7875881aefddc5dc8211f5d47d
NUP	NUP-3638	7e22a052203ed3157bbca415069c5e941ec4b88841ce256cc5c45d7d57fe8859
NUP	NUP-3639	d34681b2c068e009db9d719197f51c852fdf8be5b0de5170df8cd52b7a515158
NUP	NUP-3640	924578e27af63795460667e2a9189abaaa02464d223cd0efecc9b8d4d8f90dcb
NUP	NUP-3641	939bdec7f29bbeabdca48ce1a2c616c3147ef37ba3ca0f717011338cfea326b2
NUP	NUP-3642	53cc0b02af402c27270b16fd2f3e2ef352f8a1c3906b47894f9ca5144be0eed0
NUP	NUP-3643	1b27b05f4b5bb5a5f8ec51ec848a5889fe751cf6cefc2c2b7f01821eee115c89
NUP	NUP-3644	ca1e8ed160d3e99169ac94324ca3ccba6c17436f9bac44bf8a9b76a5ec64b55d
NUP	NUP-3645	636c6ce95979f212035418001ce6a19ea8b06e9c39551b3c7e019c99a0c1f282
NUP	NUP-3646	3be019ec24497f01edd3ee5805efda2026050b7cb548ebd7d460cf381f3dd446
NUP	NUP-3647	324d5c3d429324cae3371f91745a5ead2635b465d817766099dbf1b50979f9a0
NUP	NUP-3648	a70fac298658e6d488c10a62ef0cc479d17184ae1740378b2f1b9e75b4351f71
NUP	NUP-3649	7633506a6b59c90f345a71586e53eac1efffbee47d4f61bba9b8999fda49adbd
NUP	NUP-3650	00318405f0011235df3390902453f64bff756fe788c58a9486d4662dd7c0fa21
NUP	NUP-3651	bf21dc59e8f9939ad09e93bf3d6b0378e0caf8506d2a0e41fc5c76dd188743c2
NUP	NUP-3652	b4301b0d18490158a753fd0005d6fe79602d957b36f631b8c5df5058c9e0966e
NUP	NUP-3653	ba6471537c03d19c750241e137c878d016cbf365e2bc3687e48e9dc2fd84e14d
NUP	NUP-3654	f53aba1a15ef53481e7694918e9a5622a42c0ee2b77614595b4a13cee2d422da
NUP	NUP-3655	4ddb8f9875d76feb5cfbf9c7efcf9aa17067c683845bb240c92b112bf1daffa1
NUP	NUP-3656	1680b84d8a99433a511314499d115c44ec9ba2e586c27df571bd7d544e1409ae
NUP	NUP-3657	e8bb0455bd94ccf44daeeac73e7cb88960a010ff8e34b72b783d5f6e4cd4ab5b
NUP	NUP-3658	f04c0d87e0347534e15fac609ae97876cb3fea00d1962ebc7269eb23d08459a9
NUP	NUP-3659	98a8872b1ed5a975a5ac8540dacfd864917695715f6e77420768948f5c07e430
NUP	NUP-3660	0c7755a910d14aa917ffa7bba15618ac8c8487325e046f40e53683f40fd3dc49
NUP	NUP-3662	66416fd680a484b1de18333e7f8d3889907d9a26c935098ab491ca4816e4f23c
NUP	NUP-3663	eeddcb5806063aa60ca42ce812a48ebd3b853c43bd3816452c4350ebadd1088e
NUP	NUP-3665	72772b182a9c5f2e71e08b825ce3f4ac4a6f89c000b4ca7364aceec665825cfc
NUP	NUP-3666	4f5df4a3200e50453f2ae71a33a6697700befce9d1816484825e61cf52cc7201
NUP	NUP-3667	c016742f519cc79a54a7fd79b6b62114bf61913c52679c3ca1dd2d64bbbdc206
NUP	NUP-3668	6856c5468d4f2d2da1b0bf20c8dfa4955d7ecb8643c173d9932812fea338870c
NUP	NUP-3669	f5434ca94a3722999e5d529a30322a1ae4314f6eee7a2e36744ddb6578d5c4a5
NUP	NUP-3670	b39cdc99fb6ad22702a42f59c1da8be5b27880c81cc7342201dd421f9745d070
NUP	NUP-3671	720cdc38216e7bdbbac8e3717ea3c4538214befaa29f6905bd157f02cd3ca914
NUP	NUP-3672	f864704069a8a5fb29f9091dd673af2d13960fa37aac3a07570dbff54b17a893
NUP	NUP-3673	1ca852df4b21e15e8e6a6cbfcb8e1e1bfd171e12969ae81189099af5ac96b8ae
NUP	NUP-3674	55c4a91d9aba527f149cdf67246566b710fba3fc27e5441ff5f4bff73f2bb325
NUP	NUP-3675	b9a62b894f1507bba49252a136f8f1a0ac02f7448ccc6ee358df652cdb6de7d5
NUP	NUP-3676	32ee92672272a02c16e1413e899229ea41331cef80ce2bcf0788cf08df68eeed
NUP	NUP-3677	9b94461d7706f36d44a98f49d2f0c82ef6498356dfc8b165921b92227768a221
NUP	NUP-3678	7a07a912f2c17e5d16172c652630f4e70be0bb404bbf15571278cae226a04cb7
NUP	NUP-3679	e400e30d596339dc8c89b6b8c9d316e8408275f9e03cdb254a74bfbcb66dcd9f
NUP	NUP-3680	9d0532144c0b23e912903f5aa7670265683a681bcbc2c5a49d35337145173705
NUP	NUP-3681	984eba92a7e5f02d262d00f5737bf7e0d2629d64f6a18607d2197572345edadb
NUP	NUP-3682	94c5526cba857fe8dfa2c82cab34551d44fd93f0264786a5736cd34f0edae047
NUP	NUP-3683	525719ab636d3bd0d0eb12aec9c36a8be75ca36122218d89e8127554ece4ce7f
NUP	NUP-3684	26b511b6d401d5ce1850c92d2e823c88791746cf65f00854b58e9aadb863e091
NUP	NUP-3685	6b4b440d8898718f0bcd5d2a84e456ee19db63b184a39a2f5a11c0c06158e4e2
NUP	NUP-3686	1be81018ddbfe72626d89595e6c6e71c2625042007d52b81fd799af3123b1272
NUP	NUP-3687	ca73d5dcfb30cfffe1884cb840cdf8c585e388e89853e3316544c0cde3113e47
NUP	NUP-3688	5f6918edc9c7873a8ea2dafe637f6a0f4c729914350a49bece518808fa9d4041
NUP	NUP-3689	63e798b4755a0ae251888a3244132834e046e5beb6cac02fcd550bf049a90197
NUP	NUP-3690	b88b5412e25d3e6d28a5c688998613aeb89029cb2d460e79f9a9aef671cff119
NUP	NUP-3691	59757a611cd4f83ad4196b8645372b90cc5679185386d76218c94af295ae377a
NUP	NUP-3692	f50cf17e11228e07a57ccc736c34c5ecf2470597e700de1ddabc6d650ad7844d
NUP	NUP-3693	e100c5fb4de465654fd29de5d84a5ada8e9c05c31fb63ce541d129cc642ff255
NUP	NUP-3694	d2134edb9c3450e318acdb8028c6f969c9b782b599a9cf08806d013906bbd1ba
NUP	NUP-3695	8a1365ff619a0275b208686820c6cf5437e923dc8d274b049d2453dc98fd809d
NUP	NUP-3696	91a3d94b2349144412f4d1d289300f35147b1910b10085665ef4e944c14a294c
NUP	NUP-3697	5c4a565f1c40a2bd079630b31cb1107f7eb74f333a5a1e682336d89ab4fcd82f
NUP	NUP-3698	83dacf3649206af825a74fc03643f471e9bec0b9a888cbcc552fa439b1ee1ea1
NUP	NUP-3699	c10793ec8ccca80de3cddc32e318c9472bdde4ecbe10a3e926caf2ae99e63140
NUP	NUP-3700	1534e07d8788f2b7c7c5c109e44a8d9e9ce13be559694272c5e761dce161cefb
NUP	NUP-3701	130e32d994fcb3c1ea5ab42fea1a8c8c59cc464d8b8c5700c8ab5c59c6685ad8
NUP	NUP-3702	d524f9218254f774e03f90ebbc7351122f2a10166d65f8a1f15da327428dbe8e
NUP	NUP-3703	568d5f576686a8515063757d4c873619d4c4d6784d32afb91fde2174a203604a
NUP	NUP-3704	084e68d90159ad862a65e9858718e756041f9ac51184827402126d62b2919ff4
NUP	NUP-3705	4e4243a1a0fac8f4aa644ceab276be82a27fc4a0af6adebf20b5803480bc3466
NUP	NUP-3706	0dc8383a8eda5865e3f596acce5ec24d88486eac4356af7f60985b27777c3157
NUP	NUP-3707	c5d28326e6be76d071fca7d47411f752290718b4abd2164fb294435cbb4db890
NUP	NUP-3708	297628207cba636c4f8d293dba753693dba53aca32db3657ad6f99779949074e
NUP	NUP-3709	fb396316f0ddf8900d69ac101d94a08b132cccb106af97b9525f32826f0a52f4
NUP	NUP-3710	4b520b34ac7f464fafd794213a9b8cb47508cd3767caa67b49b38d437ae20433
NUP	NUP-3711	71cea35818e508f5eb74e1c682e8705fa27a89fede718cbed6a1ede32604b3ba
NUP	NUP-3712	a348adda962a4bcd87b1dbc6ab715ba521cae9cc131bfe2384f001fe57ccb3e2
NUP	NUP-3713	f84ab219d26c909d9b41755ed89a1ac7a09a93ed62596c2a33ba3e24f850dd79
NUP	NUP-3714	babdeee337a31595d5aa28841a33ba6f265164187343fb28b423e6837065202d
NUP	NUP-3715	11c6022b211f62c005ac1b5ce093b3e7318ced12cdf16ec6df85d80c52f4053d
NUP	NUP-3716	789aceb6fad4ef89359dd6776cef98d32753ad5716981b4c9a28d42db9e2895c
NUP	NUP-3717	7eca0d8dbe6b585569d60d7907ae6c225ba23ae7367ca22b82c0b00933484e55
NUP	NUP-3718	24c84185d0561a0dbec81dbc663cee951a28b1784eacfabefe6081870e13d032
NUP	NUP-3719	eb35eaec68d32cf515c95444650eda9fb43971106e6b2944051232333ee1922d
NUP	NUP-3720	f9e63d8821303efa95431488e60215cb542276de19bea92addf7e7cea2e6664e
NUP	NUP-3721	ad623abebd85ed3fdbe1e7a57d62848d38586a6de598066a3639ec7f10710e47
NUP	NUP-3722	841e4af8576ea5829e33304124577aab08b43745d5055ac146fa619d0b0d3bab
NUP	NUP-3723	cd01c734b58a993da203c62a39a00b0292251f31d56a8287a34fd79f4de72071
NUP	NUP-3724	a81546a9ce7476915a35fb684b431e023bcd4df19c33ee739166fdf5c3e053b4
NUP	NUP-3725	191502732a37c3dccd9609b51701ce5cb6234d92296f7c59a8e105fba1a3356a
NUP	NUP-3726	2d7fe6e5111c4263ddca4baea9b21e1bca0ae0a61970b7e340ca24cc181399d0
NUP	NUP-3727	053d427d3e9492ea1b796787bc6554b479f2a1eaa107040ac3b6ca0ecbc949e5
NUP	NUP-3728	cadb57af77cfa2b94934c33ed70a931cbffa87b936014cdfe275b7a355824c8a
NUP	NUP-3729	06ddf0371373020c83a0eca7200c838d2305ad3d4d9cf7336e0533ecb1d13536
NUP	NUP-3730	dc4e45481e85a0f714141f6526d9f9222baed149ccaccc74de93366d26480ca3
NUP	NUP-3731	f8be3db06332411f8f69b5d95c3a82faf58d29b9a595617227b5a9a4bfd53d90
NUP	NUP-3732	e9ad20b87ce60bc98699a642fdac535f8d70a9d5b4e720d72295e0555b9a51e9
NUP	NUP-3733	81f843512c6b832ebc4e9cc94d9b45101fcdb4a68b846e1f8857cb2b1a1ad9f9
NUP	NUP-3734	8df725eb321f6ef8b6bbf7d695effcea44bb26da18d8b09998c9635dbe1be139
NUP	NUP-3735	f85af11c25b96206a765f67d8f5453438e52782024efa6cc11d46c414acfd290
NUP	NUP-3736	fcee30895670c6a0c1786efa5e9b08f5c8d7db263e807ffa3ef90adf7c6d3fe4
NUP	NUP-3737	5fb047fbcc8e16fba426dceab2382a79f38bfa7ef81d5f6228dfb452c0455642
NUP	NUP-3738	22c54eea21ab68492c37365a8172ad751fea257c6adcdc13178bea5b31249c28
NUP	NUP-3739	8ed46357ea4ccec9d49cfac2e2d74406ec8bd814fde6b567f1c2d66826e33cb7
NUP	NUP-3740	58425026264c804c22b4dbe145d62c0dae5465dcda3d51f79c93abb73cf12cce
NUP	NUP-3741	f2520d5458b46f70f82535064cddde8cc19ea31bc3494ef657d456f37999736b
NUP	NUP-3742	6cc679c00f44fd22b30113923743d3cf35a2a8e4621e14bd1dc72a934d24ae31
NUP	NUP-3743	84e105017020ef35ad225be3c67edb5c8fce73076f7a8496f63c00245cb3ce6e
NUP	NUP-3744	20e00066cbfef21a9d8bb0e6a8c0283716be69e8f045b5b7d1298fc626b83b2a
NUP	NUP-3745	53bd2459a31d5b77e9f4bfecff7cc08cb7841d8b555ce43d7b805a1d4ded3aa3
NUP	NUP-3746	6c09df8481d3ff5e275cec71d974552d1c5bf3bb1e6fe5de70421c674a2340fe
NUP	NUP-3747	826f716ade403a64bf0a0848cd7b23f5fc204684ff33e0419d69369b2d0608ce
NUP	NUP-3748	e02d868adb32959f5b79945c9269719451b9e344dbc3691105926cb31751e4a6
NUP	NUP-3749	8004c1ad4eaeb13a8a3fbb5cfe0415fbc35cc4d78bd3e4888fed6d36339bb877
NUP	NUP-3750	1cf2c39d0ab88ce58f18c6a27e8f8970d1cf15245cc434af943adfcdab1ede83
NUP	NUP-3751	34b4454310c8e70e3917114cb0c79535f0f6d79e64577f8fdb1011b6ba8baeaf
NUP	NUP-3752	44e87582de72c621254cc76b998fbdbae38085467958e6cd93196c8cd9aef564
NUP	NUP-3753	e76efa5fb202efeee406a4573f93e069a451e837512435a2cef85c869661b8c0
NUP	NUP-3754	1a91165f8c3e0aaf61033382e390b09d57de4ea28ee2f63f806cbe0cb6d84615
NUP	NUP-3762	a590a63931d636bfcd8e1714d1bc899021418a6867243e035a17d434d8ba26a9
NUP	NUP-3763	1d2c897e1b65eb4664629b88475875e8f7de99cc2e4cbba6cb1974420fd434d4
NUP	NUP-3764	c72f8ae978c07fb496a9c8a76be0009ef9c7c46131f408cda5b5ad4021fead23
NUP	NUP-3765	8d5919b39fb77d2a2a9c3cefb9894694eec118219e198272dc989afc8cdc30ba
NUP	NUP-3766	b9420e09c97b140dfe701496dabbe648ae7d8555d5e9c2ccdbe0f6aa3c1c8dda
NUP	NUP-3767	1e118b58c6e79a7f29e4dab505d80957f6362f05f37bbf2967b12fd53dd06eaf
NUP	NUP-3768	daa6ceaabe9c11bf5f36e1516205fcfddb6ba3b45ecfdf1c13c663cb416dc8b7
NUP	NUP-3769	43177caf0759aa7aeef2a01d599ece9b1fb847c4e7b47145731de89f53a4290a
NUP	NUP-3770	4877b954c8036ec2bc4e06cb3391a53ee96de11b35a23ce686a55843de3fb7de
NUP	NUP-3771	97d63856ad08a49a639fb229250dd8e88be7d0851d029f05d6594523d72c3e8f
NUP	NUP-3772	f75f1f3c245f3731e9c9b399ffab7d548d41a0491ea852cc55d9d90623ae2b62
NUP	NUP-3773	518fd7bb362be34de84715e1a76cd7feaa6695a974dc9ad03ea8cbdc0c7a09a2
NUP	NUP-3774	6e5e77d0388cbab3f628d8fb1153c39b540ba27627846c6a513fc347ff504864
NUP	NUP-3786	ca4654fbcacf4ba68884cbfe3f619e14d9093884341fd85e5ba01853be788a93
NUP	NUP-3787	79b9a041bfcf2ee0703d64de989887a9774a31a6ca14cc4fee03b7eaf3957d0d
NUP	NUP-3788	5f166938effb77c9b98414f8db5953d1115d3d74ccaf9a89b40582d43d3fcc25
NUP	NUP-3789	cccf57844fbcfa01f3a08f153cff6cab39bb8698517d6d917fe261bc187f84e1
NUP	NUP-3790	11f81b95342f3e6b005006f9b7b4aac6e2ace83f16ae19ce8ce608253833cb5d
NUP	NUP-3791	96adc9661ec6c99f7f581c5facd9cc451fa248171ad0ecd54cda68c94d648b4f
NUP	NUP-3792	e6ce5ca73b000794deec8994397020ddd6433e67fd772b759f059678934cc7f2
NUP	NUP-3793	263aefd3c7e6879ecf54dd8def20032f7ff33c5752abac708a0daeb0dd583dd4
NUP	NUP-3794	0832b7391eb44a3cee4433778ad41c731f149bff766d9a39577860c0c8048b19
NUP	NUP-3795	3d64e3bd78590c5ce9aab4c36a3abc97e08d24be9fa21fb70d2a1487c4fe6d67
NUP	NUP-3796	17eee52692da1ec433893311086f6a7e0c132ac975e58d415dd8e8e91eb4d45b
NUP	NUP-3797	1285cfb9ee76732869bf3000e196c5b3ae1b87f34e0c99e09be3cc2efaf8693b
NUP	NUP-3798	d28cc20411a7931d2c42999054ac18dcf0ae6de7fec3cc271955109e0e207507
NUP	NUP-3799	3fd6598e6f99d3756710576230dc650fe1ce84dd24efaf73f2766a7e5788104a
NUP	NUP-3800	5430c1497e455883116d71957bb3505abeb990191dc98aade994020a2ab25d12
NUP	NUP-3801	a2c1cbe9597c8d136c030433cef3fbba410e8fc173d4f0bd65b30791efb3196f
NUP	NUP-3802	5b696110039c932975a9eff7f5699a574f095187e39048087172a4c520a0a6e6
NUP	NUP-3803	453c32617888b0a8852c9fc82ae8f27e787cf0c3d87bbf5730e9afda02b17a48
NUP	NUP-3804	75667a85773c1e120198074c1d3d675c140f04f9b504ba4ed0b469e800e6b3e8
NUP	NUP-3805	155a4a557c593912e7d8df81518fc1b9e0d17bbd4d47249faf2d1c11d2db081f
NUP	NUP-3806	f702e32a52fb66d9f6c739b81e3a27274b62f8804a1b007865a3fe118b97eaee
NUP	NUP-3807	ac8897c039936665b178526c749910710c1336a79762297505241b7e89ba7cf1
NUP	NUP-3808	be001087b5b5e1cf4dfbc316638b111a5629fec2479735ebbafb81da35b29972
NUP	NUP-3809	81e7d795cb9027061a4b89c7c2b6e125c5410a3d2ccfe088bbdec6dfcb625a51
NUP	NUP-3810	46c44c00e871fd10674c157cb54b2ca84481d1989b8b76b88848ee2295a4c887
NUP	NUP-3811	928fccdc20996444ef75ae0d77d2f55168cc24ba3dbc23b0ce5d3e65d14076ed
NUP	NUP-3812	a8a10a1ecb971e51214e894d6abd2b0309952cac16825bd6065990fa8b6602b8
NUP	NUP-3813	bcce433fa417364511b048cb05c70217c885b76e4f95685a9610d552516d907d
NUP	NUP-3814	749c05cddef5e5bc79a398c4a3bd94d04c03813b3848f81dbafb9eca7553bd9b
NUP	NUP-3815	c07a975cf4b59045394acc5b75b97600da1468e5bf633a66916abd2477b45307
NUP	NUP-3816	29bb8ef9a07f68131f3b8bd6bf325d4ea73dd3751eb7576341dae3037c0830f4
NUP	NUP-3817	00ca05ed9ae960441118cb59f2db68ccb01b03090ed4897f01bae41e20287392
NUP	NUP-3818	e07aa61630a9fcf9453cac6fa2a5dd89b65e728a63a2b0d6adbfc5fccd09568b
NUP	NUP-3819	e544b66d95f3a47c67a08481493b0dd166e06285dc13a76b351ccea6ec7b52a0
NUP	NUP-3820	3410d95c7ea7144e1a128bf14a7e72d697f4548ae8d762a8dcc1e268cdb39698
NUP	NUP-3821	a68c2c2560177ce6fc17aed1da0bdd00c029e9abe8678d1d9abb53c04c2e9e33
NUP	NUP-3822	0125f66bcfda713f42ea0227a151613d1395d20b40c955148f186dbe224dc899
NUP	NUP-3823	9a9d5c86cdc83c1335a0f176eb7fa3fb302dd86373f35aab282bf3dc4b75691d
NUP	NUP-3824	837b8925529289a8cd167b0bc2e4d27f9d210dbda89ff11f6a346d4ed944e130
NUP	NUP-3825	cf29f8f64727ae7b8e8967f1398109c02af79ffd5d6a4e1d2889d6857e380ff3
NUP	NUP-3826	d208290b09c7192525d54f2478519ddf119332151b1ce8f7c78912a0d624b7af
NUP	NUP-3827	c2c516bede4705e71bb62f9b5b6286b89fd13a119d61b4af8fb1f1c4ea5bd872
NUP	NUP-3828	a416924c179d61a132fd6aa5274f640460620a15f7693c1e33d64ced085e7633
NUP	NUP-3829	ed6dbe02e81b1183c7f3280a690acd74a02caffc919fc8c0c1779659a83b793d
NUP	NUP-3830	b976f3b47ff03e8275cd83c3d6f6748b724687fd38a2aaad94b050be533108b7
NUP	NUP-3831	048910d96935131fdac6f746151dda2a30e456644e58c6b0ac3f59a6f86777d6
NUP	NUP-3832	554a61a6f7e44848e1a84cb0ba19c7f9cbac2560d8158d8dd7195f61aadd7f3c
NUP	NUP-3833	e8e1ee44b93f34bc332351034f0287ee141305114abbd992b6f8a61b4053d641
NUP	NUP-3834	678722f541830ff7b93e651cb2a7896a281554a942b0bbdaa47c2c5ab77500c0
NUP	NUP-3835	b2831dfe7a57b35b7d926bcb03b55aa461b1a77914ea42896f829c88038dbfc2
NUP	NUP-3836	324345dbc6437d38b996c50f9fd3f03d8efe79899c10d5d968f96e19f7190754
NUP	NUP-3837	f009ec6546f66be104fa03bcfd9733ac90e8b59865d829e8f67ea2357c1da889
NUP	NUP-3840	c50b08ca5e07ab66fc15db15698bf828d87f2048dad5830689662fcd79938fbe
NUP	NUP-3841	9812f64ccb1f8e83843393a02bdbb0f73b8a9ab8739e7c4dca763a2214bf19b9
NUP	NUP-3842	a5b2aa6cbb38046b5c56ab1ab2c16318016ee5af64b68eb4beaeb012f62d3af3
NUP	NUP-3843	475a70663e3cda50152d3fa41e355ae90c9b66377cf8b174fd46ade4dc44e41d
NUP	NUP-3844	92c8fff65fab1634b712ece27abebc73ba0666f9e7c90b6b539e0c33c8484266
NUP	NUP-3845	d49c3eed951069503898c63266a46384c885ed33c3f33a28fca4e2452222ace7
NUP	NUP-3846	0bf33594e203a340f245df08808b1ccd397cb40b9f589335e213bff09c8ec09c
NUP	NUP-3847	54bf93618b8ebd9af05f6a8cfdf013da2a98a9f58e102233ef7ed90397e141a7
NUP	NUP-3848	5763001dc87ec5b1a6df88b5931458b46a33fd94c37071b0db8372c8ae4d0a26
NUP	NUP-3849	aeee5a33e2218e6735d1e79808d56c1156d2ee8c4847234f771fa0e844f576d1
NUP	NUP-3850	494215dad3a26bbc787e880ff8d9c0ee26138941a7ced29a9157a802f8f9b89f
NUP	NUP-3851	7286b1229170af428f96accd1724ede44f2e6bca18e297260a07f20f9f6b063e
NUP	NUP-3852	d82921ab80dd381178027372b924d3e4e898794efd33ede2aeb57a4c8d13b258
NUP	NUP-3853	887454d4c2a5e444b0da3bccc5cf4cc33077d648a7bb31eb6f9b212c6492fc21
NUP	NUP-3854	a7552badb22d73ba1cab995e2a89fd0a237aca3c35954a79bb048219e8701cfb
NUP	NUP-3855	2b5bdcabcf510e7a3b6bfbc10e72ed903f57f37f5f2fceaf7fe6459ac0c7f79e
NUP	NUP-3856	951d09c8b642511fa4defd47b9fca38dcb42e4bd241d0d243ac87ef966af17ad
NUP	NUP-3857	3ad7c741bb01eb5a010e51791e60c4c08d638e06194b609f96afa45103304b8e
NUP	NUP-3858	9df23309d5a34cefe304f03f9e757d090ad13b7bccbc260f98a7eabb5c8427a0
NUP	NUP-3859	3319ce25d441b44a1c5fae4db9473d1ee17e9ee7e1ed80cd8832f01e122dc91d
NUP	NUP-3860	fd1ec4deffcd099f53d24393c6b9dcae9db864eb6e39d42f91a9e7f6188843f0
NUP	NUP-3861	548ef554ed3abe83d2c83028b769fb21a21f13275d11d8644b98b18942c6d11e
NUP	NUP-3862	44f3c04cae870a88b0f5dbbf6646570c223aa4d9ebcda183b4ab6f463147c248
NUP	NUP-3863	c6fc578bf8959b6dbf3670499476a374b82a567213eb8ebbeb69616b81a220b9
NUP	NUP-3864	f880b1f3f86ec703af8d98b2ece7ea27dd20aac1a2b7fc1d2e39c49fb8b0d591
NUP	NUP-3865	3db55c42f2a719c77ddb5532df8e5d548d2e993e0826e9e8cead958cdb0b2403
NUP	NUP-3866	ee4615a024548c1fb4ea08eb85f65a1db680d62f818c5abf3acb2ff962a62e07
NUP	NUP-3867	2e2cbf09733cc800a8b5e9b9c40fea44bbb6453bf7c422348a523dd58324b491
NUP	NUP-3868	bbe1a113013b99253c30562754ae5d9a2a9f99739bcc27b05525206ea90b0722
NUP	NUP-3869	e33542191534cd5d9b4bdb75815d7f1eb708a4f5d76e1ead1235f027db31f6c8
NUP	NUP-3870	eb3c5629b4fa0c12fd40ed94c0f1946ccbbef93495e7191ce3052347976fb66c
NUP	NUP-3871	f9cfcd70844ecd6a95e477c9a4592dbc32582ba006023a1f3abd7365c69e811d
NUP	NUP-3872	e48b31dee325fdbc423182c9e058bfde87c3da16760812418711b035a984e1ef
NUP	NUP-3873	52afc7baa179efdfee272ff08c5b202d86bf38184e6b50841ce2a47cd46f8441
NUP	NUP-3874	fc349f7c313a3569621703b981021b1943657523f1cd6b4839dce263eb3e5f66
NUP	NUP-3875	b875713a418fb4bec32873ef77255d62598f537233019be2fb8d874960c56403
NUP	NUP-3876	d01a5195ccee906bd550952f30dc46d36d76060530531b2ca15b8d7325ba3427
NUP	NUP-3877	ae1e6a5633df9a0559b66bac13a36758c8449ae92255cbabb0fe7597f0b28675
NUP	NUP-3878	c5c940fc2f8a2995efcc2eb81cebe690a233ec9c4026d7072176c402938ef27a
NUP	NUP-3882	9260576fba0a2cec516d47dc611842e1c1c88c4b7eb15415f99c25f5cbf3a6b0
NUP	NUP-3883	03dde488e0ebfcaa21ab915d6795a300e0debd029251f072ccfd05c43ecb1c59
NUP	NUP-3884	872784c1caf6067b78e8c621a321ff019b3828313e69bab484501cb7abf8778e
NUP	NUP-3885	bbefe1cfbd3e28b80c504acde88a29bb68d5052d07d385af4c66687571afe2ca
NUP	NUP-3886	8f496a88c694a7dd84cc585302d44ddc8a234f29e9a187c6c59fbc9b61ed6a97
NUP	NUP-3887	eeb6aa45d49a4e43347927be1ed1e8772837a0c92e56df067be671c25cf93734
NUP	NUP-3888	725a297d682b4adb08099893e43a9a5a4f56dc08dd47c4a53e8306d4660d7a0d
NUP	NUP-3889	fdac64a2d5b28787ad178be88d94deb120894b76248bef4999d36e95f619621e
NUP	NUP-3890	23ed93bb89eaeb6196fa4286437416132597fa04b8e323843ae42941d455b46c
NUP	NUP-3891	846a7fa3808fa8f79699db99a0855892b788d87d6c3b2af9243b3e0727a1f4bb
NUP	NUP-3892	aa5403588fc9517e91023c654db65e7bfbd4fcfa69bd91033c1d2131ccd77b0d
NUP	NUP-3893	a8718ffdd88f72f38cc75902f8bc0e4c287d07f8045a01e9d41f6a81507f2f68
NUP	NUP-3894	9658d2b7b31165e2986cb824d2b95c5ac73fdb4111d4cd14af3e4dffdf822d3c
NUP	NUP-3895	4a7d154c0b59d1cf95daf3a0c84e0c0ffc41e2646ec19512d19588616259b553
NUP	NUP-3896	412e0fefbee7d635fcca529a14fc33915126d1d9362d5303dad4b19cf4c6cbdc
NUP	NUP-3897	bc24ea7f467c64917b0afaa10db722929812ddf8aa9e05df4dd1f2c5cf187863
NUP	NUP-3898	a1ab571ca627cbf5ffd03759c6481618d37ab8bc7f0015f3cde7191b893b0ef7
NUP	NUP-3899	9833217aace1049026a4e3f91a221ffe0164a883531510fedd081b2517e1cb9b
NUP	NUP-3900	0c60d8b8527c0da14f14487db8d432dd7c2afd907b8038e2c8ec741731f560db
NUP	NUP-3901	4f9bb40fcd57d3981f9c8fc3017ab7bf21e8e8ba44ee3842b9483a79f9c4ab8a
NUP	NUP-3902	5cf4fea8cddb98e6d2839a3f0e883d9d02a84eb0615c02fdb39bf783e4145580
NUP	NUP-3903	1c9487597d0f2dda937b1f738406651d1151281462194868dffbc1f98c9e03c3
NUP	NUP-3904	17b964d32b6981ef804db2492d511df5e1b0ec3307ddefddc7e210a7ed62163c
NUP	NUP-3905	c1cc427885ba966b2abe27f0a5a51b09a850241ab95ea375bff6451c9a435d7a
NUP	NUP-3906	e907db898e87e384a8e299a07b6c9c4071e0f5120a7dbeca50ef61b263f61fe1
NUP	NUP-3907	c3670dd007fdd7f8915f5a776c193430fabb5d28f1abdd816406b58bb42e8fc3
NUP	NUP-3908	ce23155e4e06b52d3f8705dd661ce19c2fb3e1d9b65c62e18c2fa9e09159639e
NUP	NUP-3909	336cfb59a5c36e09a1a77a9412f5a7ca7fec8a061b1686147b56f9318e1953f2
NUP	NUP-3910	e1e9019bbb891775847ed842f656128880c585c32692edad0ad59d93355c084a
NUP	NUP-3911	0c5caa56626a2f82e34dccdbfbecee1bc7642aa5288e47f1b01304e2a25910ad
NUP	NUP-3912	a9799fb286bb1b00d471e0f8e4e2f7b4585e163080e6f55615e707a39bfc1ffd
NUP	NUP-3913	a0c44eedd71446369616fa7d1676dc0ced706e98ee207d50f29fef01d0b002e2
NUP	NUP-3914	71c7fd522ebb17e97f39732ea3920cf35ba4cbc85078154a50cd3f2e54aa6c4f
NUP	NUP-3915	7f4897217744f5485665da7b6b534ec35cd3f68aa5b68d9d1a659f10e992b947
NUP	NUP-3916	0648e995b0d276b7197b830ac696d8f8830b6a2698e55e72a031349cf0f3fa8b
NUP	NUP-3917	a339c400dc666824e976777f730125069f9994dada69a0177fbd408386d9ee9c
NUP	NUP-3918	231e025c3ec1bd82c48bc2b0077defb4906f8a44bff5a018b5a81f7fbb5fdfd1
NUP	NUP-3919	20dd7d65b089acf5ae0272cdeaa6a0f9dad29bcbfab004946d7ed9a743716b92
NUP	NUP-3920	2074ec090d8d7fc80043ec2a1ada1da06aa76cdaa496b6a54c7928d81faf1c00
NUP	NUP-3921	247a09c5e3b9eae40a8450d4c90b66726af6ef1de17e3f99dfc9b978afdea8e7
NUP	NUP-3922	a110927dc3f19ba23f295d14d28cee4791efcb434e56067c6555a33bfe0bc91c
NUP	NUP-3923	89cdf2e377edc60d2aded9f7d9008316b21161d1ab2b985596a8c8fa91584c25
NUP	NUP-3924	fa78157a169d911d2a6a0ba528155e63b272098a5218835007aa74fc43bd2c3c
NUP	NUP-3925	73bea33e393193a3e95787f06f03f030cfb64991fdddb394b9c130ea4fa209b9
NUP	NUP-3926	a5ea1f9842044adc8a42c67344d90eeeccb2cac77c26aa164bfc47f31c40d38d
NUP	NUP-3927	096ddf5a27a854a032716eef70e9e528df1bc79912ca6c946690c7702ec68964
NUP	NUP-3928	16b7b031c4b9983d3da44444f9199a8af25d0ff8fba1af2a885d6f77ef6e6aa7
NUP	NUP-3929	fc2d2d40ee51ef0766ba1826f65592e91b8c61fdcf28c7f01f4885058b754c08
NUP	NUP-3930	3afb1ca0507d5aa093ced71615d69c21c35437bc9477ca1f8865b1309100107c
NUP	NUP-3931	a98e7869900cbea64d90c3d8e32c149282c3b5063806e98825dcb30d9626ea01
NUP	NUP-3932	9c22513e214fe0295de9413d6d02dd1622a9df19a56beb5018a6d18097295b0e
NUP	NUP-3933	09ba97cd40a811dc9a9caf9cafeaf3eab4f4a8841fcdc5ba0a0a9d1f04d5db49
NUP	NUP-3934	2e03aa63c8d68cc2a1a5dc768e162ac527db432062c53349870eb06ec0f0f124
NUP	NUP-3935	2cc3780930d33e80f506280c52fd7a09b32f36e55bf08b60e44512bb2262ef85
NUP	NUP-3936	3db927108e6012a2e144da181c7ef79596dedc680196d1dcba167c6af58f9310
NUP	NUP-3937	25adebb3ab3b87b4965d4cf142e1ee120352ede9b59ffcb1439881868cdd85ea
NUP	NUP-3938	b95ca416c1080c8af83e6799d0b1f11b950446c9212119edb416b5154d3eeace
NUP	NUP-3939	e4a67a98b5e2db85969a5ea32646892f5b87e8454930b3675082042ec7dad31e
NUP	NUP-3940	4e83cd3ce34ebf7e95ec1ba5a932dac27737ace8d202f43f9571b210cd044212
NUP	NUP-3941	16cac708c7802f825a2e5c4c6c8813bbefc8ae17633128c5a1880006c0a958b0
NUP	NUP-3942	b13d10576864bd632f23f4a10ab2325d7ce5d961b5e2a997ccb8a00688412783
NUP	NUP-3943	ffe2fdacc212c6eb0eae7f29d68538ba63126395e55c452a028aae525a949697
NUP	NUP-3944	10e93cfcf4cb92cddd8b21d28e5c8b4b9a6cd012ed938e10abae889551034b9c
NUP	NUP-3945	64fd6c654f1018d93bf7e683a1d3ffe76b7cb15def72ed871452a812bc0c1c3e
NUP	NUP-3946	43d28f60702490d84021a0a5d60d918df76e75050921073d954bc359da6b2549
NUP	NUP-3947	b2289d07456648561da406fba6dbe2dd2e5c03a6ef17801f6c9ff1dc92994153
NUP	NUP-3948	c0c7e13028490fca142f7999c863a92e67c3f7e5e96eda8456f473b177d86909
NUP	NUP-3949	59ce0ecd08cc0e6c8d7d7a4a17dcdeddfa58fabe9fd6033b247de16e2bf8778e
NUP	NUP-3950	1814ef3da613cd381a9d32dcc4856c93af9407cb259aa29ccb89329b6d83b9df
NUP	NUP-3951	b3cae9b2b30d1e13652dda6fe6fcbd61f5ad7494f010acc767c5e7ff4c26c8d4
NUP	NUP-3952	c090333f08c588bc140ea9611b778b854293ea58bfa30b95135932fa538bc494
NUP	NUP-3953	a7f1f4d788396cf9058dfe00fdcc848857da730d53158d1f2b70fe5da10dfd7d
NUP	NUP-3954	177fe97ee0debb6f7c7faa0254a811eaaab4ae81edf03e1ebe167be44f25f1ff
NUP	NUP-3955	15402514144a5100e32c140c6072df92bf3c6dab24b743771f9ed2b90e3f4470
NUP	NUP-3956	32d79b2a763de8a548a2adddcec7441eb6da2ff9e8f6e1629a24cb2af1cea125
NUP	NUP-3957	b193ca3a0137442189a43712e7336d7b3645a6aca94a8e232aebe10c13f4e7c2
NUP	NUP-3958	12a1010f3d45ced01b5e7f66063459cd426d7c49b6bb65a12cf1e17d62ad3a5a
NUP	NUP-3959	a8ca793a580230d3482d9a5379cd759378742833360b7e3a424b5c871c8acb7f
NUP	NUP-3960	c2933825a6441872745fb25d9ff81456601f4fde0425355e3bda91ce924e41ae
NUP	NUP-3961	525f2343141e23b18551e365aaf362763c9d2a6639b5594cfdcd69a1707512aa
NUP	NUP-3962	69d7dca29b4e6ca71f48a6dff93dfbecf52b8920620d5d85940f6fbc1d23550b
NUP	NUP-3963	dc6082e3be185292fc5d1d28f7398e87d33bd8d3a26313809ace36a020a359d6
NUP	NUP-3964	00518dbbee94b2505948ac610b90f1f8c37ce65ff828b7a5187c59fbdc2423bb
NUP	NUP-3965	b406194375e5eee5dd2d8037b78cc8f46d24bf41125242db9491f6d463b1bc21
NUP	NUP-3966	050e13d003a2865e25a0e6185dc45edb2ac5123441e00a7b0c693d828218a31d
NUP	NUP-3967	256ed407a4c0397e5c0977f3cf90bee458bbf50d3ce3ef3e5a55ffbb4a52aed9
NUP	NUP-3968	0dc4f1f23a71bf0e633fe8b1b44be02f5e5d4b948c450b1a12081a31a9ae6248
NUP	NUP-3969	969025a98cd94a227e924329d6c3729409c63023d62e8ee973cb936ebc16ab2f
NUP	NUP-3970	aa6c6a24c2343d8d440b98187ef20b888064d4ec98dcf115e6dff56daabd2c8b
NUP	NUP-3971	53ffe1c43edd1905e0fc7c388b8f72d8b470766f2cb489739a6f5e7a8b3ca0d6
NUP	NUP-3972	4e33f6adf763aa33bde326b42d1ab5a72ff7105729402b10772ace1e882f22d6
NUP	NUP-3973	035c8fcce74d9b4b8d880670d2979604f8cdfd744c511aea0bd38071430d5a9d
NUP	NUP-3974	59be99ef69e14a8e7ef3450df14509a07f73ea3725cf6e6661edf95d4d01f84b
NUP	NUP-3975	9c409ceff876e347fc7efb9485497d83186c8829ca2d338d37e59151a44ee77d
NUP	NUP-3976	baa0c33f429b3800ea29762680b8909826600e6e8312a01deaa27f28f34f8268
NUP	NUP-3977	b877612f9d76de9394798344a7ac62235110ffc81ef1d979f3e5c00dd0a523bd
NUP	NUP-3978	e2e1e349a08b78718d1f45693c8f536ebcd82926271d261da4ac980c944fb3ab
NUP	NUP-3979	b94ce6c35f0a44a85767465c9754c9d06b69fd6f4c12515e22e5699994d25b04
NUP	NUP-3980	727d14300d7d02c6bfab2234c028f3e1648abdf94231e78fb2a622962e5d7afa
NUP	NUP-3981	d59d930af77ef6f7415742b2b4f262d88505e776fd7b87512c16784e31f7c031
NUP	NUP-3982	680936990d83814ef0a37b09aa79f0b42b2b83f6966b5f6afef0c290a4a49776
NUP	NUP-3983	92ccf73c43fce6a9b528840b4f7e9326eb117050550fe74f895979f7c31d9c3b
NUP	NUP-4022	3a5552f3e5a8494d92da57599b26cf0011ef0ce2d30a48b899876f9092df2b21
NUP	NUP-4023	da69dffa5399dcd8eb95a22fef9f829282d7898f746189d7d50811cc2745c608
NUP	NUP-4024	be8756e9d025e5784bfb0e25587df09e73117c8d33da1c0a0a9d19d7844876cb
NUP	NUP-4025	a80bc2ef4b9068230ac082955002218bceea412beb144abc1052c5c229fe77b6
NUP	NUP-4064	13828ad320ffc81738a876b81bbe5553f7da8023688bc735521a6693071446fe
NUP	NUP-4065	3a36551745eaa645540a2fb3d174883bfdac55c6158dbe61fbe42c33fd096ef5
NUP	NUP-4066	4e6602be4f33de54e7cf9b5c6bf61fe0be0312b6b2ab205ce3a48657348cbad3
NUP	NUP-4067	cbf5960652997510a33b64e6a2638d22968a55e09fbf0db6e9ffe0b22539c9fd
NUP	NUP-4068	d59c1a5cdfbb0b693df8d55dcdcedce156ca55446e11a2d96b5a7481ee7c7654
NUP	NUP-4069	4f8c1840d7874670d064d97c4427c6c106ac1967e78a7e4613c1e71c07e472f0
NUP	NUP-4070	b40fcd75640c21af8a4886a94adde0a1ac4f4ba5eec25fe472dfdc3515dd7116
NUP	NUP-4071	76868a2542308a6629ef486449579ef576a84607068a1611964863b87173f839
NUP	NUP-4072	5ef0adbf0aca20a60fd53ef29e1ca8b927f2cd3547e11c152f859db6de317c0f
NUP	NUP-4073	771f26d73685ee93884940ae3b0806750112992ba0ca81cf44a149f576b09dd2
NUP	NUP-4074	d1753352b969b7beb953702119e3085d70f26711fa8e9ee44037a8657bb1e556
NUP	NUP-4075	990404190eec4f871ad9d1e5d4d3f527d1b3f693099110abf5f6f9e0df94716b
NUP	NUP-4076	c7c61249f812b566812f16a6ef62aa3f7ed70035510a7fd88deb370cb0331e26
NUP	NUP-4077	79079022b6b5cfba6f8fb2a40924e395765b3ec95b927c69359db15625580596
NUP	NUP-4078	d80c0415f804aeefc67ed8e433653c0a416d0622f694cc9c3d64268d09f9635f
NUP	NUP-4079	18db99d8f5edd89cc7115989fd0515a22bdc8a5cb29accd072d7b16884d80846
NUP	NUP-4080	1f76e68a08ffac9aedd8e42382dfac192db77f111344f9b46611d0e42db9020b
NUP	NUP-4081	cfae376ba8ee36259c0ed2889ef5c15813fc88c19a4d574decda4aa8554051cf
NUP	NUP-4082	5bb3897753c0b81ef6c0c12287a2be564eaac9ca74b5b865e67d423de72da2ea
NUP	NUP-4083	12139cf561ae153febeb72a1efe96b4f82d60dfab517579d0962f1062784aca8
NUP	NUP-4084	713b89a476d82cb95c876ddbd947b1b28d23664c27470eb225015508859a05b3
NUP	NUP-4085	9a0441d97816e3f181e92b05b3d1c507931fd3836671f63034f0cab7f6f30dbc
NUP	NUP-4086	0f5d26218b329805c88318225d6199e993aa7ebd0e3ffa7d5b9704be1da889fb
NUP	NUP-4087	a8a7e100d7dabef25d4ed8703040ff3a899c31eb5a2e9f6b6b7862ef984a9a38
NUP	NUP-4088	b8d412b7bc153b30b96cb9c95a8a5c1e678a9b677c1d792ff57907c33eebdd88
NUP	NUP-4089	0154d54b65c078532bf235a77172aab1f10873315696840f08589a02859b491d
NUP	NUP-4090	875f05ff3822f9812197dac72004a5809342f5a1dbead3ee49ee24d6e5743da9
NUP	NUP-4091	6f96a8a87350fe76ce93ef937c13611f8f299815f65cb4fb58a392ac82bafae9
NUP	NUP-4092	43dc3f935fbc0436213663c04eb7694f7ef6d0aeb83a7d60a0c328c0856cdc73
NUP	NUP-4093	9f22f17386eb8839bc7f38ce14147ed29b7e5810fab3601e37f462d593d2c93b
NUP	NUP-4094	417db7588d425818b62d9f999e6874e02f412a287ce488c81fcb3a228d5dfb84
NUP	NUP-4095	2f9acdac9c66d5a307e064266fc86bd681bfcb287a40dd4e1a0325489d2d93b6
NUP	NUP-4096	b0968feb12ca58741e48984a6b748d131646fdc5838d2a4787a55478673c8827
NUP	NUP-4097	1084b4dd7646c774d5b874f322a5cfbaf62c65aba32e9d23499159ab76fa53cb
NUP	NUP-4098	649b7ab3e53722e737e3e74ddb15f33837ced24191308e58d49ff83ce04af9b1
NUP	NUP-4099	16de6cfaadfeb6a71d56b0e678d65ca82c23f8f17d3ce7ceb8ac7e1de0fa66d3
NUP	NUP-4100	7fc18d728f0a388777e3b6bede943ccb2d0a1824d93d40a2c914776c4ca158ab
NUP	NUP-4101	f99c4c9a922e3e28b15118ae125771f7eb9631d6664c36338148d5268f8b27db
NUP	NUP-4102	6e5f745d05cadb077017e4268649c20e574eb98343bd1b8a93df2e593c3cf67a
NUP	NUP-4133	ce907aa8ad33bb8f49c741a81b8f8fd8c78beb90cce626d1e77358858802333d
NUP	NUP-4134	3b62af21474b71a5b5d27d11d82763e1a6f985d1226adebebb2f4bbc08caba4a
NUP	NUP-4135	51be91d05ff1f112dd0d8667c04afc1a544b014f9c8ef8e20c901e64758840b5
NUP	NUP-4136	1adf897716371e9a599e4961173858d122ee110e9b5553e8a0aff9b4ef1b0735
NUP	NUP-4137	16fe21d93afa60bd68c92c11bcdc70104a6dc1df90913ace6058545fc6e6760a
NUP	NUP-4138	a35d6518115ca8c3b9b05b9d8d0cc6500322673690d05b92a6fb3420bde83335
NUP	NUP-4139	f21cf474dac806486e6728041e9102da4b55b29250b0fd5f342f07c14a560cf2
NUP	NUP-4140	249ddc870d8bfdf352b6db2f091509444907251c7d138c9a2b6d74c684c2b999
NUP	NUP-4141	72d28a916102e53265b49755fdd866aa32cc0e3622cd1b0dd03afb32dbd79652
NUP	NUP-4142	6396877aea673745a3873ddf2f5999d48626f6bfaf7777c8a4a6b34755ef65f7
NUP	NUP-4143	b573ff8d3cc939546104eaa250a369de8f4b8d8aa8b3b2a9303ca387f0098516
NUP	NUP-4144	37a5fdd6478f1298ca2dafafb62b77b00df0096596a0bd138756c5a88c575e7e
NUP	NUP-4145	fbc526e3e349e326042912d14715bee9d44392aa0c424fb30fe479eda93116ad
NUP	NUP-4146	ec22320404ca504398c3c6991038dc71e065d47f47cc9725be4142cf28b4dc71
NUP	NUP-4147	5c231dc4ab5bf7fb16ff031c288c11cb0637d0f84fee7754e198667ba63ba434
NUP	NUP-4148	2991dc42443f39ca01a5f52be69b5f9f52e921f6d8381fd5cc871216d1098da5
NUP	NUP-4149	3b3aed69d507d8b1884a1408a5e6be5ec241e7a3a92e5f6eaf05466581f00b23
NUP	NUP-4150	30cc346b022d8099bbcef61fffe3e1938504b90637bc0417d26fef163353c30b
NUP	NUP-4151	54082061d4429fbb58011a16436e39ef884168458b604e53a07aa59794258538
NUP	NUP-4152	6093cd3f3c518ffce7f56c80be2fd6a3236b20f9acb586f99159f2421ce938e8
NUP	NUP-4153	5ada16562ca0d1515732c086a8f51cc55538fb185b5015f29592a3ab34476218
NUP	NUP-4154	6a74ab7b4cfa87d70387d798c3a7f6f6c6339c7a95873bfbe9cca7476d4019c1
NUP	NUP-4155	2e2def9bd732568af9e2368eee50d213516f9d3b0e01464455698beeec3bfb01
NUP	NUP-4156	fc3f4d45c1eb12ee6a971f361ec78a1c773e17465e7f44af890304b057eebe80
NUP	NUP-4157	d07cab91287889e9b864f2964770f96aab4dd12f3bcf36076b95cfeab0785e7c
NUP	NUP-4158	6a32bdb1e82b34da097f34f8ed45805c3c77a8298dd941862c001adf57e7c300
NUP	NUP-4159	98927242835981fdf1508fc3237f8b53244037aecd53150136a82178157691c6
NUP	NUP-4160	23dee761255023a1fd724bfeef4505697ebf43fb8de48804f2b436fa24d05dd2
NUP	NUP-4161	51625baa5d4c3aec7691e9fc4609387bcf6f0b67e1aeeb9b5df12c854588e2d3
NUP	NUP-4162	a3f3c99059ed2a3a82eeb04f643d011e4cdc6db5fb23ce685e753c911c11c62f
NUP	NUP-4223	bba36bad73656284a4ac88fc17365c7a5053e06fadad2a9f120982df188c739b
NUP	NUP-4224	a94e9ac63d1832295c427d801d4b540d3408d0667cae4a154de1cbf39eaad327
NUP	NUP-4225	2b99819524ae7944bb592ffb0374a82ebe9fc7121bc88b80656e2462509328ca
NUP	NUP-4226	0283c5df85b9bda9ad7dc226564c5860c7929fb30693d412f6bff9567cc54f3c
NUP	NUP-4227	0de5aad3d649cd6ee8f4c151297be6e821cc9829f5d0ffb27a3ee9b93af0608a
NUP	NUP-4228	f7b4318972db20c044d696aee78de776f4a08fba0aa0a849e26ed0a35417cc4d
NUP	NUP-4229	fc062f2d370ae0e044b11dc9a6846a7095048125636b3777f64646e517787aa7
NUP	NUP-4230	7268ae5f1915f2a6147540ed77ad29e8fa1098452b4b1c081105f859cd5cf663
NUP	NUP-4231	ddfb9cede72dc44712bfaf7f92e5793fbda4b0019042d6f8323a3d612ad043e3
NUP	NUP-4232	c1b91a6859e7e8ac916753a1b6d21a6c27a3f3705b9d254e41724d2082ef4907
NUP	NUP-4233	b1a98d71b7768c9b719b805acb8aa14ae42a9ec1a84322050be7186080b8a69a
NUP	NUP-4234	ab11b1067604f4511f89ecfadcdad2160f973c38f5c60831488122e0153396fc
NUP	NUP-4235	8a1d56fb7b2ddabc46e9f248bab783201b3634a897c1af732524fe1da79bfbbd
NUP	NUP-4236	a6ddc2d10e120a37deaabf1f31ba0caee8adad03028946375b67db4ffb86de9e
NUP	NUP-4237	bb1531cd44bc55f4bbd43e42902f4ec8e9b7fc8d4ba0d3344a810193a64e19b2
NUP	NUP-4238	39eb1798380b873ee50f31114ee32aafe7e772b04bae9ceac749e0605ce3429a
NUP	NUP-4239	5e8bf9f7444de1c9e21cb8e6155e26e0d30530fbed4d0ce6485ee1411275b412
NUP	NUP-4240	e5541bd30160027d5eeeeaacc346cb4b83a3d4d6e8cac587784ca1b5cef04e65
NUP	NUP-4241	29549d5ab8554c6be788a2e19768237a782ec0403c93617a2d91d771c787f425
NUP	NUP-4242	1a9bb4eedd6d87f7fba21faecb26c93b5f84a4269101eca86cb8868750e2f0b7
NUP	NUP-4243	fc65df311a6d3cd11eb0242a1ce41de44500ae9da380ef8241c3452beb1e67fa
NUP	NUP-4244	67815b4993730bd688b170d5337f246741325ce06a3e8cfb6160c87c5ab68780
NUP	NUP-4245	914ad4409472f81ccc8970e5e4a22a2aee8a67ae5d79312b08af2d52a263cd4f
NUP	NUP-4246	7e08a9f3f7a59972403b52bd78898aa8c38b733d5da5f6d01c57a97c57a6ada2
NUP	NUP-4247	1c655606ad10ed283251eaba614e4f8446758f86f60b860ee86498ab519f2a54
NUP	NUP-4248	8d9e8a06d78f47c5fbb87a112c293acd3a6714bd0e75d19a1dfa42bdf6df5e2c
NUP	NUP-4249	b88a7fa75af310cc52168205b9bda9e72cdd60f54b25a9a438a6d6b4fe434cfb
NUP	NUP-4250	95f983f3eee168999136d23bd9eaf16e4443a14f079dcee6adef98c309651611
NUP	NUP-4251	92e5ebb17450a55945f030f3de53491a12b6914955f4bafc349bac73ad7fa271
NUP	NUP-4252	462248e808a23aa92de2da26cccac2f1c9c61aaccccaed0eb74a96409f245bc0
NUP	NUP-4253	7babbca47f11e0cc3b298751367433c50d573566588dbcf6767fecd951aae34a
NUP	NUP-4254	6b26b63b4d4d21c1a06e41099aee3c73e47464bf58fe80782a9b3844e760150e
NUP	NUP-4255	7b5ac527f0aae3fb5df81980f563431761a28bee7773f9e860816a296c540921
NUP	NUP-4256	c2be99e7ffdf72fda381d526c160c5b9e7c72576d77c606663b8b2dae0b1dd63
NUP	NUP-4257	e9aa4e5d1ad26b8053bf66c60d5fcf3278407d24c0b77e5f477a031f0976a38e
NUP	NUP-4258	0266fd52f13a8452e121e56983f06859ef662194b4e7e66a5c1aaf7a65ed71ee
NUP	NUP-4259	fbc8625de1f74282aa14a7a5629b5f78ee18ece75357f951356ab39599a6b5af
NUP	NUP-4260	ed1d87bca95dcc057621e76749af981d560204df7182c0095f233f8fce4db3e4
NUP	NUP-4261	293da07389124ad5020266743076d4b87c1cf412519333d573cb51d58640d83c
NUP	NUP-4262	6cb4ac6de446959f01f47ab45dbb38a87eb705d28abcb10c50429ea4abe85a60
NUP	NUP-4263	dc1c260f42ac1c07374ddc53d47127da3062d3b85ed33158b5d83ffc3ebddab1
NUP	NUP-4264	2b1c62345e05e29e7a96097962d92898a9dc00977c26acf9015fc732e40e2026
NUP	NUP-4265	bdfd66fc66b46ecf0104683e7fa926697d7750dc3b196de01a196076ed309196
NUP	NUP-4266	69195aad19f559592e529f802ba29ad52f59992c78169279a08e2c8c90999e23
NUP	NUP-4267	e7d358ac1d3bb44afaa43dd9d512959d8b75a588a3cc36170cb0d72ef25d603f
NUP	NUP-4268	6ce30665ded2169dd2d73d537308b22e5e159d1e18363bfe57cb47daae160737
NUP	NUP-4269	d74fdd3638a549361ce411361e60e27ca51d50b812cd2808526901ac878e9131
NUP	NUP-4270	323152c1c394f5036dbff6825b968a4df794652cfea05e38cf87aebcb0edba7a
NUP	NUP-4271	d43ccafc828aad8773cb6025b782cefa3aa95c1679bb94d8616748bef18334c1
NUP	NUP-4272	11059c2e71e1b3939dc557d3337c2187009275444c015d025f9c4b422dd9f5b7
NUP	NUP-4273	43729095c7547ba018c2aafb93bcf496d97892d94d9755f27894802949dc8a78
NUP	NUP-4274	2cc1de82df3fbc79968a4a5a2ef90c128df0c56eb4555d3436648317dd4a229f
NUP	NUP-4275	535a22fc3f25fe03f9a0d2f8b32808955c9775025fd0000f75a2b53895482591
NUP	NUP-4276	6c73e70ba2908e88b7fa416965b478b4c00a43cc87dc149dbfeeee2cb2b36373
NUP	NUP-4295	0a240733ffb5ef50a897b18238243c35c42c04ae2f0b7925e6acffb35b8393e5
NUP	NUP-4296	d84b2dfa21c6696d3e6f639fa24f5c0c55acb682d8556de57de3d22c1efa2d15
NUP	NUP-4297	92db367bd3ef855519f78cf6fa3067ab5ecb74b35641afac88a8303e6c5ad2f6
NUP	NUP-4298	72aeffa740895c76f74efba8429badb0d74ba40f4eb6db154d5e6ef68f7ba619
NUP	NUP-4299	2470c394d23831b02c4e5513088261295c41a719979a5e490a9f86dc3f2b26ff
NUP	NUP-4300	84624221d00afa7d0692cfe64c0245c10bc11176e0a88c79dfaffaa3097765df
NUP	NUP-4301	281035d9bb44003c127499a12857b5fe9f8b4b9fe2182a367bff60a623218002
NUP	NUP-4302	4e79fd62ba1f0e3a36a76c3ba38878e40d177f8cc94cb1d5acd6da19b094e6f3
NUP	NUP-4303	672d785abe2bfb794de791be699152dd36754a04f9ffc4e53d53eb6743ab2a81
NUP	NUP-4304	0b0b778ef8436b8d89db5eb27189fdefa837daa41ce5854bf6dc9eb9b20f38a0
NUP	NUP-4305	76f1f57cd7d18e735d1c9b0c8f6aa72a7fde73f6a090ee248ad123420d067b87
NUP	NUP-4306	3e16781585771699e1cc65a42267b684981d833bc3b2ef8e3ab8773898362632
NUP	NUP-4307	b465a649fa523c505d54c86a93e8abbd5a6aa67a0510a34b653f4db00ce9802b
NUP	NUP-4308	7cda1cdc5a583aab8a5fed65959109216891e75003cffdd41132a29a49955afd
NUP	NUP-4327	5126244436209ff64c29975d21ecb9d571b1bb1da9699c447202e815831606c4
NUP	NUP-4328	bb5332b607a190861398772ea5c12a2d926da8a45085e929a455cff51207e934
NUP	NUP-4329	4bcbdba673c9ee373e7406340a15199744d88cfab6e6bfb2fd3a2008653794ef
NUP	NUP-4330	6e8bba3ea937c400f10f1c7217853aedede441a35cb4144c902bf318d12baf26
NUP	NUP-4331	be04466d6a9c4525897524d5d0b50b77a1959e5413cbbc4b8af2ce0e71d33bff
NUP	NUP-4332	0257c079caa5c46be776b698f38b294ef0d3ed9fdf30f3faeaabc372e1784e61
NUP	NUP-4333	4f28f224d20bc6de6f4a7859aba3e2fe6966a851d456b62dcaecc6dc859bca8f
NUP	NUP-4334	cc409081c4a4a3a53823e3f330ce0453fe51ab21284b2a7712d10a5b7946c7a1
NUP	NUP-4335	93e735e36fdd2f7317882a54b0b2781f080361aa88e3fe90beca088ceeefec86
NUP	NUP-4336	fcce0c23d67fc9c8373eb9f7d3c726f3abe415eb737e298e293a865dda69bdb6
NUP	NUP-4337	899fe8cab07d8f46ab667d1e656b558ee7a604d0b85b2667727447beccc10197
NUP	NUP-4338	62911b4cfa5edc40e94485ff2932a0d27250baae32228c2780edc7502f08bad5
NUP	NUP-4339	91bab4e9f7c56c70a5918391b6720d90cf5d153a75d17096d7124180c89ba86b
NUP	NUP-4340	24d37e8c53120996d41e46d97338a4c25c23c303e7859d92ee476b88aae70c7f
NUP	NUP-4341	0fa038a1cab36cd0a2aa0c8ef784641df135c1738c3b4c7f349ff2a53e17c763
NUP	NUP-4342	1cd95c5e54790e2b1de5306105c31d4c67dd63e5124dce2a6e8cd25fba4f0e73
NUP	NUP-4343	ee9eb3e296d477568ee1f3c3fc08fb06ce83ca2a8c90938d66eaee4f4043f0e3
NUP	NUP-4344	fff944f681f63243232dd8ea9449e082d251b3494ea7a532292d5cfb67ee291f
NUP	NUP-4345	ca84b47184ee7c5da2ffbb6b44152829fda40eeef05c593d09032fd0fb8c2ae1
NUP	NUP-4346	2a494da353670c08562eb042437c5b3f1b7fb9ef4a359f9e1890e637cb670c7a
NUP	NUP-4347	54febc5801214fd123344db0b7b9c6a8cafeb8d3081c75ff07c968a80c1b149b
NUP	NUP-4348	8c873e67dfab5aaecb9b603f01adc08ea65a77a53deaf2eba081d983547f8da8
NUP	NUP-4361	674479fb87380384128e20b08637d2d652d01bc7f57a037c45402534a3ffca0f
NUP	NUP-4362	c5f90da07f6a7b4c27a7535468bf4c020fca33f38865166ca34ff601dda8ef9c
NUP	NUP-4365	f5d1934b53df35dcf6ea8981093b598108f8daeef53cd6c09366150c8f2b3289
NUP	NUP-4366	c4c877c0552a4b147defb9505ed4ce00c4ef340bc945b2ba7f8ad1dc3631f678
NUP	NUP-4367	d32c4e0bda20f3709f06ffcbf1d08a9c5f8be7df753ee729af07dd80d75b8857
NUP	NUP-4368	6c6923842723ec93191e73cb62c818bb3f60217de622243afd0eb69fce21222c
NUP	NUP-4369	5b0e31bfb09b338fe3a7829b6b869b7966b9df6143b285ab8efe4114de827b31
NUP	NUP-4370	7d0e4b4da5504eac97add385982be67200b80097127d73a8840c0bf54aa57c0c
NUP	NUP-4371	8962984474b7266852fbaeca213cf7e10761c98851c5b404dd2968b3beb9e390
NUP	NUP-4372	0e8afb4be49629e4ecba401c47f3a69c2adaf19c087fbc43c0d6ce97d87e2ac1
NUP	NUP-4373	c0e879e484e57256eef6a53a7d1a46b8f60dd1150a312a148fce01d00505189d
NUP	NUP-4374	d21f68779ae55e8f1bf7187357096ff612ec24d14333cd6a81d6b7148c026ed2
NUP	NUP-4375	2739753827d7c06957dcbcc2eeceba4a677cd490fc3e65298bfb552dd91ca319
NUP	NUP-4376	124f8c9773ab87be64d33cc329ff068482d9dc13243e4f621a47e47655fd27ab
NUP	NUP-4377	16a90e29b93899f781d2e429a4c188d4076804a15a2ac8cc557cefbb3f4ae641
NUP	NUP-4378	448725c1e2ba816a7573022012f25c0cb7d3f111eecae600c6be640bd651bea6
NUP	NUP-4379	d431263ae8801d6eadb15ede63d0043348ef702ee22f821c0de5658026902b24
NUP	NUP-4380	0dfd29206831297ade876ecccb35f3176004611b78e64c5efa2dfbcbf623376d
NUP	NUP-4381	abd76bdcf77ac5f9ba9bb829a05bf09cf534f60e04418ad7cb1d082173d39711
NUP	NUP-4382	c1ebca0cc6393d7f7f91ad22a4a9c0305f536ec45507ec7ed1c622bfd6d0c9d6
NUP	NUP-4383	c112aec38eb98def230999b1acbc88b375f84da35aa927efbd3f5a19a9d87746
NUP	NUP-4384	8931ae0692bef89e59958d72d304ed1842f71e87cd4f1cfd1d925ecf4ad72e9b
NUP	NUP-4385	467c4c73bdd656ca339a5b4a2324dd081c718db020ee218f8c9a6a7143316bd0
NUP	NUP-4386	df881fb40df00d72348bff4ec586a6671938c0cd71a2c7a79833f00345d16712
NUP	NUP-4387	f7d7115a1be5d384635312510cf4574dc0d2bbbd331d3015001b5f45f9568d87
NUP	NUP-4388	cce477c6d9de2349046ffbea949ca8bc30ed79446ea8546c26f36dadda6f1771
NUP	NUP-4389	c23e16ae6e606561f30b18772086d34456ce10d9b4516c4d22197f43b5127e48
NUP	NUP-4390	c635434ed3529c7d4a378fea2856bb8d8301765b6b1f3215a9e1b6df4f808650
NUP	NUP-4391	35cbfc7ea096a9d1d20f0925a1cab853d20930489b905232ef8126f2adf7e7c1
NUP	NUP-4392	7b7f00960f94ec943cc00527fbf19f525d19d0e12d7460ef70e422d21d766db4
NUP	NUP-4393	82eabbabb9f0f6ca12a66a5985db79a542f6bd72d20cef826b98e8763c814f53
NUP	NUP-4394	0f5eda46623e04e3b1a7d58265636675a985f178eb500aaafff08c4a75e4cd2f
NUP	NUP-4395	ab1d6f189c281e89da7ec0ae26d969cf36542cb551cbc1f06c8e9e44ca502704
NUP	NUP-4396	07d2783b2f756d90e9c8b2bb3352832a7003ddedaa9a73759cb376391b38026a
NUP	NUP-4421	6bc6bdae2ea1e6ed39291974683a11fb7939969817e1be3f95fb7f73c6afeffb
NUP	NUP-4422	865ab0c2adebd46c6c9eafa7e68867d0bb1e290a0cb518bf4b0a05d4fe565ff1
NUP	NUP-4423	064a532119235a6c8c0b78c221953f89e922202177ef11a4cc4d86764a1eb39b
NUP	NUP-4424	e1889a5506e49820531e0744e5ed5feb505964548f02ad784937e73fb67cff71
NUP	NUP-4433	0a1be7695ca7ae9a247f304331acdea4cc8a487721f5474ee21b8661c396f753
NUP	NUP-4434	7125628fb5e19be3e82f91f6cd0ed2dcd90df145fe812624a3d40afab93fadd7
NUP	NUP-4435	995dcb83556baa9eadccb72d85cf104e8642fadf7716ed6fa30ae46ed15f5a5e
NUP	NUP-4436	8e238741390f2fa04bc6dda4245c6c433683be8b4d99d04c4231799a4aa38f8d
NUP	NUP-4445	ac9b4645ff8fa62025e43e92ae99d0ffb4ac392d23f798eda31cec0f734949a9
NUP	NUP-4446	e399cb5a0c179ef8e10c3d766052d96594e94cdae9e5005a33c9362d1444d3e3
NUP	NUP-4447	9d945ee15a896570178ed227cf5a0d297732f7a6dd99150a2a5c56eaa7d5845e
NUP	NUP-4448	b43f49e5d26e4f1d44bd2dc4eb2a57a38d76851e91c3cdd69c4eecdda1ade7a8
NUP	NUP-4497	49eb8ea8fd1bab223bea71d31c68a6e86db93a95d9ddaf76f22c7bc471756457
NUP	NUP-4498	ad63c58fb066fee762ec4edf3677e67fb2d7a3a71f08ef44d7aedc94f71fa88b
NUP	NUP-4499	c0fa66926c24830fe31343b124fd616b1c1de862a212c35fbc2943f4ec72d644
NUP	NUP-4500	3dd579d22e10e7b92b98ce51d3da6f1dcf1cd3f9f12ed8c081f2943cba8f1524
NUP	NUP-4506	e6748b5e1b511c607fcb89d124aad2e8c5a7dcca668255f384bd5e57b12940bb
NUP	NUP-4507	32137ef7986611a73cf93359e657487ea7b57d60f5d7b97ba43e9f8b6850fd36
NUP	NUP-4508	06ba8023060e3777b86c4adcfb87321d049672e4cc19a91961fda67049e808c7
NUP	NUP-4509	fcc789671adfa6b40a1a6de8500c275233049fee8b7a6d806646e9309aa2dfcc
NUP	NUP-4510	b680332e0150021c0a67044dd83df493c1ff447732cbcd803278359c4f5aa25b
NUP	NUP-4511	ac95f76ea2c842b4958d11aad6f1097b87ea6fe2fbc978109b04505d238ea61c
NUP	NUP-4512	804491faab0906fc8fb853e8946015c0305043d0962e8dbaeb6be37caf616baa
NUP	NUP-4513	4889fae21da4ff3066dfbf5784b9f9c92b354d0b1d46010fb32bd01ca2fce44a
NUP	NUP-4514	b55924ccad191b2ee53fff1e4aa112a55028ec94ce7f955f2c1d1b0cd9c4fd6f
NUP	NUP-4515	5fcf0e1206d287ed72ae26f9c00084f56dea7627c4f8be402e39c7f7d3697b19
NUP	NUP-4516	b0c786c9885e840e89afb475b449dfa3085f4a7075a3ee8f1a67d54478dc7251
NUP	NUP-4517	004de7c1fa2bfacb93ec846df4f291b235248baa67edc86e40daaea7c4a69abd
NUP	NUP-4518	b39b283e07c399ad8fb0fe8daad1d834e9ec83e5586714b26a540b6f7248bd05
NUP	NUP-4519	3717956e41d06a4090036ff4af3a1814520279222ee7adfd5734bdde5aeb6f48
NUP	NUP-4520	6478f452ef92ffb09083a6a66f2df3f65a8d1dc9fe2850c883ea692cf080ebce
NUP	NUP-4521	d272f119bc2f8169f49e72d37e9f03a8a7178a8e63656e609b2681b55861f132
NUP	NUP-4527	b3c190e0feae7054d7c8b7603941e08c86d47e8a3b399890a0e14a3543d03d99
NUP	NUP-4528	1faa119e6fedeb54c8eb25d25a59a1b3960c365a69c5dcbf20dd61e3387c28f9
NUP	NUP-4529	41f395ee75ae3abcb90738afdaa9712a48d3dc7285ae051e63fb7b7fa1e4c0eb
NUP	NUP-4530	82adf5236aada949d784974e2b241e24a4ac8075137df283a24452676b75dec2
NUP	NUP-4531	390e25c7d050e380ea385a6c974ba70d59d34bf29bbb456f88ada2d265a16b31
NUP	NUP-4532	fb36637c31d1553d647f339d69e38340255735a82aad42f8f963a124a68b4f00
NUP	NUP-4533	d1a70b18d231bf00ccce99298fba2af910a03c52bfd329864da2a36fcdc57e35
NUP	NUP-4534	76510c92627b82cb0a857beb138fd1bd6528a7f1220374f206aae0fdbdeff600
NUP	NUP-4535	dfa95e7a79778ab29d9368a298e0dc130da190576cdd3cda8e2241e06405c702
NUP	NUP-4536	6cc24ca329d33936862b02454d823146176f2e667ad27e3e9f5068bcddd91de7
NUP	NUP-4537	9e0f91423a19f6daf7358b8605fb9c2469696e599e24b7b149e95950a9444d38
NUP	NUP-4538	c43e3dad79bf8af09781c350f589ff77dbbbf00ef72386bb54b5441b79c39089
NUP	NUP-4539	c08cb5614abced7283f348f7ce9b4c165ee1e73522da7efe10daafb6d99718d1
NUP	NUP-4540	f703686ff8b3ba24fa8e72b7962e29336f2298fd3838edf275979a05a358662f
NUP	NUP-4541	8788d7345e41de63652699a992f39d98e32bbba57f6a99a20c0e6c68f9c5c4cd
NUP	NUP-4542	953ddf74ad929424a98a8226f36348f1dd0043b1aa994fbfdb8db5158cd8e723
NUP	NUP-4543	ca22738fdbbe80a7d9f3cc03be22af1ba8319e4587193a866c156897213d040f
NUP	NUP-4544	6f03e821b6b55b523c6efb80c986954fe94437db0a96d70296e5b1ec6da14c0c
NUP	NUP-4545	9b5ff2f9738592c9714827b870c46cf7e5348f46b376ec296a9e4113b6196aa2
NUP	NUP-4546	5ef5e826f58a2a751216b25ce30d39d9caa8029494c763b0d7b6ce3583c75ca1
NUP	NUP-4547	da2556039bcb234c55b630d8200549337e0aa1d20bc8bd97104ae204c705a720
NUP	NUP-4548	205a678b818f0899e8874b5631d359b434696cc4ae4e598a6d53388ddd595e27
NUP	NUP-4549	f947ee9f80d054df98144fcbfeba9e42a083c7bc8ff921af2886ea9e83ca6d51
NUP	NUP-4550	8d1b4a1fc276ce55bc98eac88d7c2db96315316b9f98ad31ac19525a7c1bd0d0
NUP	NUP-4551	74b4bdb2b7caf602edb2035248b86d0e4ed3ec61b575cb8e9f11b347f22db9a7
NUP	NUP-4552	9574935fce3e110870abad15972532224651f77a1398fae2a0fa34f87349b89d
NUP	NUP-4553	135a143183b5ffb8af15550d38a41ee30580cd0dd061d7da8934d13e6c5d4ee7
NUP	NUP-4554	7c1c7ac80dcaa05d2c58f007222badf06617fb2424981ab3f738efe83ee52821
NUP	NUP-4555	80b4145ae6cfba219e9ccfe31d5086ce7804d7857b15fb640429781cbbb5e036
NUP	NUP-4556	84aa5d9ce9141daecd5ac7c5083c377b75ae385d78d91898426d077802e19361
NUP	NUP-4569	eba8ba5522f59c4baca5f4dd1858f9ee2abb8a7f70dfbaceadf90a35ca608685
NUP	NUP-4570	11ac3b7746e01001a4cf90e463513c4342408111f44d18d1a8620fe472d035a5
NUP	NUP-4571	5682823dec6a206804fc840557f6fff575cf4cdc5f5dcc4bba8c2522c08de29f
NUP	NUP-4572	c8892b8e0588f1bb3d912db0844b5b6e9046850e61477ed7118d907d795e65c1
NUP	NUP-4573	2a91880edd2e046ea24c0821e4dc7ce0faa1f4ed09dd8126733e7608a5d879f4
NUP	NUP-4574	620a7d00d17193c4a903d495b4f51fa8c8b00b94f6b809ffdea1c01b7a595a70
NUP	NUP-4575	d29af7b0ed9fa19673b2cd5a2b4a301069e61e56141e7f6a360201e6ebe08469
NUP	NUP-4576	9014886407ead0ec6e535dfb4ee0f521bca4b84f894033236aee6c68467cf415
NUP	NUP-4577	cf86b1fa14ca1b59af3355feadc4f29c5d0a0065c85111d71f6988130092e970
NUP	NUP-4578	c2a5fef5eaa89edeade4fcf9c10f1e172271603c4ad53725b97114affb2a5063
NUP	NUP-4579	e1ef7e68774b0d636b989384258844c22a912548c8b52b2af4681afb6528e7cc
NUP	NUP-4580	839b18e56cc5b4f725a21e67eaaedfd12c57bd2d3e9e974b43163ffc974faaae
NUP	NUP-4581	d716e327a499cbe90f0f1e57da6e68b936113303084c4db1c3f249b317443664
NUP	NUP-4582	7804dacc136e0374b00640f3386ba277f96a3a950543727537b241058082e446
NUP	NUP-4583	7e8b1179d1c5410c06cfd1a52d2d7e3238f5e2e6d60a8606c4d404689506d648
NUP	NUP-4584	528826cc682eaf1a39a39ac68ce90dabbb78577593dbc5469ec6ccf922788bc9
NUP	NUP-4585	697a02fe313b705a13f5f195913dccde14ac21edefa713627caa81019aad9a57
NUP	NUP-4586	9c1cc530be2b779ef6a0212a367e4b28dadffa17937109d001cb4139b583320c
NUP	NUP-4589	5e79cde1c551ee23c73cfc1492a2bcbb98de52a1702a78ff40c1831be1cfe9ae
NUP	NUP-4590	7d4fdc8d2c5fca0372bc926963171b2ae1b3924f971fd1e6e297b0a7593823f2
NUP	NUP-4591	f4714deb94133ecd65745fcd8c0fd22489cb640613ecf0e40d305aaef09e190c
NUP	NUP-4592	c7492cbbeb4996c2bdfdebb620c71db1455eeeb443ac6503ed71bbda74f54912
NUP	NUP-4593	76be7b10dc169a7398a3f9ad32d257452d198896314261d8dd2dd9f64304d614
NUP	NUP-4594	b0ee8f714c444087088d80708c5a34d1cd4be7def97c099ab485c48921ca39e9
NUP	NUP-4595	e44af69d8078496ff2f2502e5d585ff3f3953fa28b90d33d8b2deed125e8c981
NUP	NUP-4596	6907de8105d7f6ebb46aa2000eb7c1a6523bb0524a0bf157bec7fa555e1d2c95
NUP	NUP-4602	7676362212247a55467096d76ef64985e663c65236837869520f6fc3219fe2f9
NUP	NUP-4603	627f62bcd96b2d4ab77ff29d212e23e846aaba074d7077934407cb3662e8ffc2
NUP	NUP-4604	6d3ac20c2738c84d49446ed9a68af1bfa8f789d424ea18bf8c840d6511456117
NUP	NUP-4605	336b930eed25167592d5a8e303e42f9153a9eafed24bfe0cc2751d6a2fe24bf3
NUP	NUP-4606	c51579b31ae9e9d0902df9f4fb38e3a5c5f198e46d0d8d38c4c945bd2e94190f
NUP	NUP-4607	7a2f422b378bc658f9a0d1b743ffdab913fa94ed258377c814fe2f1e165442b2
NUP	NUP-4610	24ef4af829c2b15755c6ec98328d91118030f487864aa5ac7c52a2e5babc0fd2
NUP	NUP-4611	bb8194335ee64cb1a7ddb3ab220f7087e84be95c56afdaecb07457907e4ecd02
NUP	NUP-4612	c8196e68afe10d0dc2a4a3bb7962a93768b3772511655f794e158e12c3dba218
NUP	NUP-4613	99b0577eecc070437be3be289ba0ab643e3af6a0384d4d8957bcf7f043fe72e4
NUP	NUP-4614	981d0a0cbc2d0cfaff754fb6a76893f348f2d2808fa54399817d2c025cd67784
NUP	NUP-4615	2739eaf3c8e5aca7c4da22450f2cbf47c3c5f4bca22b064ca0b62f29a9d0c03a
NUP	NUP-4616	dc0ee76cfd8ea5085f5da21da67860845446c3ad3530472c850794fbfb8a9ea1
NUP	NUP-4617	e50c14dde2654cbeb7d500a59dc3ce3a42bac2fba3b1290e81c2205f587f5110
NUP	NUP-4618	c8d1a0fca83bdbb7ee340c7e54e0d430d402a6007b869c7a4bcf62959fcb8a2b
NUP	NUP-4619	9abee90ef438bca782040d9a5ea8bdf51a38a1ef75e0625fbda4d3107db56d71
NUP	NUP-4620	5ff16455c4bb63125d3cd1de47ff8a7d240f66cb610aceffa0ba3a73a323811c
NUP	NUP-4621	1c85e7c2f4d184f06e7e3b53baa958130db174a39c40059b3873144d1e8daf44
NUP	NUP-4622	34d58544540eed2057b7f6507fbad5fa7b695ddcf6f709ce70424a1c45870f09
NUP	NUP-4623	761d52cb3b370f47787f6900e12d0da5888101e5668f19ea0abecba5e80774e8
NUP	NUP-4624	d7ad764bfb1c3a6a4de138ff332d479456496b66d83a7cad9f57e7180f7d2ac4
NUP	NUP-4625	039ac371a8e12d5d724b3bdcb4a764942af55cfef12a29eb20a3e4b8a4e1bb4d
NUP	NUP-4626	ffb3f8adc5e8f63662a15f3b176b03159d8d8de85a5cf6a2b89bb6510fe78fa6
NUP	NUP-4627	de0fea14345a911e8e0348432376e6577aea03dc4cca530ac2d43a22223fb85f
NUP	NUP-4629	d37f555403ade47ebde1edff6fb90f5a46c59b6777ff8798dccc468192392641
NUP	NUP-4630	b7204adb4a439e759f241df395a8dcbf047a7fcc5873dd97aa85fe379d7834b2
NUP	NUP-4631	abe3a143c0597306fb1e612cb896cc2aeccdc72d3e35ef51e12ceae87e876679
NUP	NUP-4632	46dc2b72ca76788e318ba7af7037e44aee4bfa211a1adf9670151a7741c1a40e
NUP	NUP-4633	baf874c4575f0e0bac70055fae07c45d0fd60a58a19319e48ec43d0b3bd02dff
NUP	NUP-4634	d5d486bb806cb93edff8a2a160df626c1ba6eba0f825e36b60e2f83e98a8361b
NUP	NUP-4635	ce5bdc6621cd0c2a32242e9f55bdf5719aa6a31d72ea7a07079fb307a66f103b
NUP	NUP-4636	165382a3f945f472a0e7fa0807f99e9648e700a981139ef2c44101a5b999ab81
NUP	NUP-4637	f0c7af5ccd40f39c502dc3264cd38af69ce28b70fda8ac0d21c18bdea5c265eb
NUP	NUP-4638	3d8d19a48c302955efc8cca5eedb5eb7c06490358c093478cf2cca4949640565
NUP	NUP-4639	4f49d334374fb6cf39d9c0803f0abacbcd383d10dbb6e9c56ffed8689aeb5659
NUP	NUP-4640	2b823bb19d64047080a239187f9c288c5b805aa1e9737a6baa59896544483a70
NUP	NUP-4641	5bf60baf6a19bdd68d8a96217fb76a2a508f80470dbe6aeaf51c84c439fc65d0
NUP	NUP-4642	dc347950a29975fdf6391025542c6f61eee3ae3df0c2c1e05fd65d9be0688c30
NUP	NUP-4643	af237b2bbd626ec8392bb49c612a1cfa4ebcc7816273923c949ac80409d9233c
NUP	NUP-4644	54a657d6582d272c0b43dbf72f6f1b0597d9c69cb5813fa6b34763b0e57d745f
NUP	NUP-4645	dfb0bc84f8c35c1a5ccec717d2abc7a8a4367441edbbea8f80102e922018fd53
NUP	NUP-4646	279db98bddf07374944b64f321fc7660f3d27053cc63ba3abfe890e096160c28
NUP	NUP-4647	53bc42ca4b92293650295ded9476cb21d9f73f70574b1133238a0e80c79bf528
NUP	NUP-4648	f14241859104ff090d338e596d95d3a006350e24a72d5d7a65f28cd9a0ec08ca
NUP	NUP-4649	3be615d4f4534d331b6ccb7759e98934de7a39478657a8f6a2d980d671442693
NUP	NUP-4650	fe30711701252baf9709de3fd323d5c7304a6b7aa92d923650b64c94b04ec1d3
NUP	NUP-4651	a40e1f39a35e12206ff5ccfc37ff71fef9f8bca9d86de43492f3d2e41a17a0b4
NUP	NUP-4652	1fa24bffd7c89228f3c9efafc9af2e8e860d3ecc681c68117b9865322b262ea3
NUP	NUP-4653	bd05b74fd59618430a43dab1d83d2791d5866b51bbfcc92f8ac8c315341c8a43
NUP	NUP-4654	9c174e5e27b6ee3f5f90f737ce911c00ef0b6e83e0f76c1c0a6e53efa58fb282
NUP	NUP-4655	7b43b5283a5b8ece9da438efcd366f5b8008807ee10c374cbbe7e9462ac94745
NUP	NUP-4656	9d7e2cd4fe38cfc524323872f921f78531613cf2df9d0589ba39e9c8cde8f0bc
NUP	NUP-4657	36175219c68f6c7ccd45e1e2b51ad35db9afc0755e07fc273b2d844472976064
NUP	NUP-4658	b6b675266f4f6e555fde6d95ea25e61dcf7d9ce2ef181284c9e38e72f80ff2e7
NUP	NUP-4659	3edfd7cd37e67b172286bbfe34cc76a1a9790833764f82cd067e105df985d1a4
NUP	NUP-4660	f0a38dbdbe6bdcdf4e615ea4ea97a5b5fdb93c9de5808ce97b391cc5b8c292ba
NUP	NUP-4661	bcc8174e7c2b74717e0a165192b5e66343a356b1c4aa507b2bb502d3951f1c96
NUP	NUP-4662	c36bca8c38c1063cbf65ac9779402a8d5591d569a06302f1d09f6cfc28a8c6b6
NUP	NUP-4663	e51da6e3da49fb3abda10f74d3504b3a87bfa7ef3478d3f968fa4b101a9e307b
NUP	NUP-4664	e3d25528469b55e0436661ae4d8b92b5d55ad1c6da69bb41b45e324b18baf709
NUP	NUP-4665	393fe043885fdbb99729ec735026268af273631c8615981dd2cbb8e9f71e74b9
NUP	NUP-4666	70f4cf5a996cc3a6b522018b06d169be3fefcc61c2021b6a262171014f29f6f1
NUP	NUP-4667	604b55905ecb0c5e20aa726a114e7e5ffe697a6845221f484f0e96f7f8f30ed7
NUP	NUP-4668	5eed7042443fbd29464f1a967dca45c30105365e2a22e3c9bd63bac9a823abde
NUP	NUP-4669	dfc61e659eb41429b2ba6c4139c8a4a9638a8563989b4b07c67effa5a3af479a
NUP	NUP-4670	6eb06e391dd474d8e2a1a69b81ce2eb35b387c0d52caae4d355db20c003f54be
NUP	NUP-4671	050b22dd23076c0abb983e1f586cc6300487ed75f3761cb98bb74eddc87fc2f4
NUP	NUP-4672	eeb777487a92b780118d168dcaeb153f24bc7a7b994b166466913b5b5c8289ea
NUP	NUP-4673	babe85bc8abdb840923ad9de00544fbd92dde3f023a49eca4c067a091feba943
NUP	NUP-4674	099fd07e6e2ab94a988cadc05bef8d06324ce0ac644135a2e7506ea06ce09535
NUP	NUP-4675	e5c3e39b6704c54e603f085a880cfd22a6df312a267beaf0094ef11c493cab7f
NUP	NUP-4676	aa505fc450014feee24bee93ab68c9ebff7fc9c0d90fcffe6b8488524511cc6e
NUP	NUP-4677	2911fede8285250ecd3e47ad8ae22685901218253608df42a1c6d85ce03ab8c1
NUP	NUP-4678	2df388ca2038e74cb930db76ba8cf734d3c946fdbafabc1b87a68cc66ffc5e4e
NUP	NUP-4679	03ce0984db6366ad52ae6477aea2ca3c6a7114686a1bfcba10893f3c7793c871
NUP	NUP-4680	1c0d901c94600c4b7082d0c1fa52674ae693cc51a2fb9c3a2fc4068d284e1017
NUP	NUP-4681	42592c88ac7fb30f682c3023a10d669874aa1085a577e6e0ffc3aecabf3be39d
NUP	NUP-4682	47fc2d03dd54030aedc962e3d1057ccffcb06b6d088d2047c91de25ae1cea0ad
NUP	NUP-4683	3e900e67f61270a0f62e1a172981bf9332454b92be279b9e82b0118a6e5250ac
NUP	NUP-4684	2199555fe88bc7d64bd60d8be5a1a02787df4a73ce04c45a9fe1ec74430f3885
NUP	NUP-4685	c87511c94678bb81e397be11e50682ddb0c11b13f9cdcde38b15a84973bbd81d
NUP	NUP-4686	bb802f303f300fd57e23054f313a2c70b8c73fbdee83dca586bfc51c544918e2
NUP	NUP-4687	181e307bd3d05d76e982de8102b53e2b0af8d4879b2a48bdfc5434b63e7c8a09
NUP	NUP-4688	252d476c3a3dba5a6a546d96ff4c1ff94715b361e5e6c6ff57cfeca8764fff88
NUP	NUP-4689	513cf3f46edde77024d1567d534868746354f0f3a702360b8615bcf64db6a8f2
NUP	NUP-4690	57e40812ba21597cf4d2fc4b5bd558375493bba613f59bb20417bf35f4978c69
NUP	NUP-4691	e13c5cd4e0e5efb7d9e3123dbbb30af4dab834a4d87eeaff94e8b0321b051a49
NUP	NUP-4692	b1d95bd57a71c2522fe2af3e86b57ebc7987120b11c8e5b1e7f4cf5bdf400d4c
NUP	NUP-4693	08f965605c995e63ef75c45440cd91247d00f85a8f3cdbb24856518bc286247a
NUP	NUP-4694	9010f96d3ec590fa2b65a206e24f6ca90ae0d02ceea33f91f28f5a76465e9c50
NUP	NUP-4695	c93438eb6a112b83053d22a1108f0fcb6a8481103a09116d4a927bf34482ff54
NUP	NUP-4696	d4769ce900fcd14dcbd8f10068728778b4e3b045fc78670ca0e418514e534580
NUP	NUP-4697	17d302b5e53fc018573331c1280b5c29ca2f152c9be925ce848608f6baa04ac3
NUP	NUP-4698	33396ce176488d6e51f297ef291ca1064f7982c8a2144303bf95e1ae8bbcfa59
NUP	NUP-4699	0e05d4e14e3546d0b03f35503a6485c6d7dffe7e5122a93891cf6510f3ffdf23
NUP	NUP-4700	63f6467027d997eab288ab478f27e47e40f7aa1704e5655f7f5aa18d5e16d1dd
NUP	NUP-4701	2dd3a016acda22e1e9238525db629d09a8e2902c5eaf6a328fcf524241905220
NUP	NUP-4702	fc7bb8028c7b68dee215315b1236ce60cb7c2bb8420e16cfaf6e828bfe7ed141
NUP	NUP-4703	bf7ddf895cef34822c50b213e5213e56abb64e2016d09faea8dd805b4df8b76f
NUP	NUP-4704	a5145b1897b0394411ab6903bea16322439ebdc5bfb60049b8e66040dbcfbec1
NUP	NUP-4705	d5d126af52da9ac5f7e9884d1c7a2df1c9fd14808a82ceb05101b15d1a0d839e
NUP	NUP-4706	f18d52f2837fefddc1d1cfea9fff1ae2f8b585e19b525b9bce4dbb09761ede54
NUP	NUP-4707	27352f3dbec9c175f0c80bd28be2f7c8346e01b408ec2f37616528066d4934d2
NUP	NUP-4708	b39a50b47fe218cf0827614a3a43d3a48e111b460df6cb6bf1e92b704b006bcf
NUP	NUP-4709	2528815443f03f8a539caa4606b15ae58e3083ce1e3b3faac792ed0422dedb50
NUP	NUP-4710	ab2b8c92fa2529528fda98739d4e29da829c2de95b2c40f44fb6579082f824d9
NUP	NUP-4711	4d696cca8712694fa39070cbbd12ef2a43ff004a18dbb2aca98c3538002cb59f
NUP	NUP-4712	bf325f02253685bac0488d60388fef55f0bc336630fd4c2219167221be8b4819
NUP	NUP-4713	f73b012b88da1d96278adc6362d53d124100fcbceb7bdff1700e4a8835cb5bbc
NUP	NUP-4714	e0be807904540dc0477b165e4bd787c5d150c7998bc01a061c4832859241f100
NUP	NUP-4715	7d57b0db34332e3d7a8defde980166f3a3d4a4884cca7075ddcb47d72a2ee614
NUP	NUP-4716	40894f751ea53c257729e31608b085b70468066ff8f0309c25ff1290a7b77468
NUP	NUP-4717	6a3ae1dfdea7d35f0e465fc5650739a676815b2d34a7da5a5f5ae262070cd391
NUP	NUP-4718	658242d01e23a1cfbcc7d5eb36bcf50c795dd1a0fdfd9378e203cd701e3cdaef
NUP	NUP-4719	c60f2e62a77e6c37df9b54010a7d0a6badb263b01963278892f2824c160b6c36
NUP	NUP-4720	372d09d738115897f9cfa7512931d23ea48e9a19271b2ec4066ac6cde4e31d63
NUP	NUP-4721	851e396fa454d630fea68baa186ce2c6665757eab49edf95aef16bde212297d0
NUP	NUP-4722	694e4005ce2dcfdc4f3aee582905797a4b5e181243a61e1d2edb27bd32ffe12e
NUP	NUP-4723	33a232f1f4e01d4b94da21d990c1a09ab698486032893b28c0b28a0cd0401945
NUP	NUP-4724	3a9ad5d383705463e7c6a2449ead148fafa915567542ce3eea66c37a40bb1512
NUP	NUP-4725	fd3b66405089ba609e536291c6276fb3117f770ead4d7887cb0b03bff15d1444
NUP	NUP-4726	d7fc7611e64367c187973dcaaadc1644e72b040410d32c83b9d5a0d2de1031ca
NUP	NUP-4727	49a2bca1789d6063f9a3289c26cafef99d82d24996cecf930806d4bef0dca09f
NUP	NUP-4728	c0b744de98b4c0d08d49fb1815a0eb7b3e0faf378d6b4a0e582fa48e4d19b13a
NUP	NUP-4729	81366d82ea11a662d9781575a07636c5070420dac585efeb1f017bc7f8eff7b9
NUP	NUP-4730	36fb70afa2aaa60a1eea3376132fc6c908af8103ea79dee7f494d0a51989c62d
NUP	NUP-4731	b3510a2251cf9d65829e6f0dddfe09ca2df24a52de7217a9bf721cc5023d5c6b
NUP	NUP-4732	a8ea7b35b5569c301a7cec7868ac105d25186d3f895563080fd81ab44509e903
NUP	NUP-4733	13ee3e860dffa7859bd474e3fdd682b7ec0e6571009cae9e9936340cd7687619
NUP	NUP-4734	d2b2d7efe1b3c296e7e32f668a50098b758e779a03b1b578417ee7d4bf8e0395
NUP	NUP-4735	ac27034dd075a1c67fd2a252d85a18529fccd19c4681d7b93a2478dded8cd313
NUP	NUP-4736	a56d19134c10bf508ee4c2cc591cb671c60da5412320e41b33857aa70e858b05
NUP	NUP-4737	019926e4ced1cc13b6e17f4c91aaeec00bb4f6d6a091e6a6a842bae47524bf37
NUP	NUP-4738	a25b76da38d60bab40dd4245619bf9999320a82bf841f97c39712983d254b143
NUP	NUP-4739	ff9f25028468afa2bef6b936afea3bddc28379eff949aed0212074993098fffc
NUP	NUP-4740	54707ee34387e2ad5f7a68812e51c7cce75b7597b08243503be4e2d65d86bfd8
NUP	NUP-4741	97f3792dcd8168e2f01bd3dcbeba40c2d713474ac0deccf4af67cd96e9529821
NUP	NUP-4742	438aaf3adad59a9a51bc7748feb027c6f15671fafb2fa244e38499ed7e7dc836
NUP	NUP-4743	3c09b4d3656c301104354bc251b68f64e727f4f9149a00bec3e854dedb7eac3e
NUP	NUP-4745	4e02819056e20e39ba622b59ff33769a13b035b773105c3d1661540f3d228c50
NUP	NUP-4746	fd3cb3ecc47addb50b9df21d345c7b80824663a22df013f593cc112d496697f8
NUP	NUP-4747	8bd2e0d56c2c815dcffef74e1aa06965aff44882a42f8389323db9848dee6d50
NUP	NUP-4748	93f58fa42ece823f911160b014254506a8d221294e8cd91ead4a921a27228ced
NUP	NUP-4749	44f926d4dd0544fc51f68f4df0d83ea05b88b638ce3c4ce9f5fa6b9b7e4aab38
NUP	NUP-4750	720eea524a5c32b51149e93d16959d41252e42a15fd780a64a505b1f8fc1a7ca
NUP	NUP-4751	9fb23f68a5518ccf9ea166273b598f27cacb4c6798579e346555ba206edd7d29
NUP	NUP-4752	5c9080af3dec7645de5e024c6a5c0c9999306ce32c72b0408d12ba059cd098cd
NUP	NUP-4753	f2feff1d993600be7109b75899199036b6e8c4672068d16eef9009e020665fa6
NUP	NUP-4754	90dd91171f58bf2ef5591407e836de457f3a7e03f226a07d4909f7a7b1f2eaa3
NUP	NUP-4755	c70406b7af43d29a40b9fb93b9599aebc1240915ec86440d40dff06e1614907b
NUP	NUP-4756	78d0bab66eddf6c3ffae25e89cbe000de5bb83f32653c582d1bce07dbacbf262
NUP	NUP-4757	38d3edb86ea9f03167034d8c58cd6dd09185b37c1bdf9f83fcd98f86bf9e4949
NUP	NUP-4758	5d4be984c5ff3861170dfc3b46aad0daab6ac6045559d78c732d36438e0c6078
NUP	NUP-4759	2186e315cb4bc39ba7c4ba67db6567939e1a6261d3f4eb3e7a5fd2aabfe3bc59
NUP	NUP-4760	c8817a87f16fdb453cb77449ec994f18754b801db149292a4f66866f22491427
NUP	NUP-4761	be642c154d650a989ab71b7fd3bd7335ca507d707dbef4d5c8d12a2d45ff43ef
NUP	NUP-4762	b1bbb0ba4e45255de4c65ecc20d4c63fb83622b9d9e351cb11e0c41c071d3ab4
NUP	NUP-4763	7d6a0e424d194b2ee060bc8b68b80bfd787fc59c004ba92b9d7e6be9eece88eb
NUP	NUP-4764	e74d81a3e5ad012f5de680f124c77d03d691d3f42ae16261656d09b4dffe3919
NUP	NUP-4765	907a1992458d41b9ddfe408931e4467753e57edec3d7e2d35af5b35f26a384a6
NUP	NUP-4793	4c1c3eae6d4ed7ff81230ef067f06d369eaf11d16f0efe8a65e59ffbc66a70d4
NUP	NUP-4794	45ff8a9b7bc2639fa0a2d8c6f58498d32d760ff19d67d90266991f0e3faeacf1
NUP	NUP-4795	cca69a84b275c9f294797e97cbfd0a1b0e51ff6cf41c003886a1ffcb419ca72b
NUP	NUP-4796	bf0d894c7a00b29ea44f330ebcd287dcc0d2a3d9029f8ddf076a5b782567fd26
NUP	NUP-4797	656b3537691ec667fea2edc9abf968b49d047224122b04bb0b18be7672a893d3
NUP	NUP-4798	b67bac92b4b45660c3e7ff82a3bfecde88a13d206c03d4679df13b2999ca9512
NUP	NUP-4799	3bdbd2eba0f09ba486e881ebdcba8b5f262664000535a0f7416cf12262758f2b
NUP	NUP-4800	a21019cab5ef85602a545c96b4ba47d12c8f8c07ee49695621ebc3a8f47e7d79
NUP	NUP-4801	446633de47be9d22aa03fb3bcad489f13024994e1aae116f947afa07cbd6e2eb
NUP	NUP-4802	13463788b743166d53323ed7a64849f75432aee9cd162aea9a462440bc42c40f
NUP	NUP-4805	2ac78704b1a26f7ca211dd38d7f6b40eb11a466c547ba508662bbb78e3503493
NUP	NUP-4806	6699c39c0d25203c03f65ccd0a1f9863c5ae8b6b748896143bfd503c068c42a4
NUP	NUP-4902	bf5f5fd8eed205554621e6be3bfb9666732afaaae75dee49f5d5b048c776539d
NUP	NUP-4903	dd01e66a2551fd3ab4cf46ce95716eafd2a03e8127d9adda9bc3a3dd0b7c1337
NUP	NUP-4904	6e17b53aef82168926a16926440ed6c4152359c8dc4ec23a0d29e9d64c0fac92
NUP	NUP-4905	864c4f6d9380bae287d28915429d538fcb951804bce29da6a6a98f8ed0181d76
NUP	NUP-4906	6861b806d192c41366bb7acb566f5b711d63aa21f3a0b04216e3d57a78f61c5d
NUP	NUP-4907	6803f7033405b56140ff1df8c55cbd893194788dbe1d2752ce513492a224bfd6
NUP	NUP-4908	29d42d2a313bfde6e1624f6220c1abb5cc7c6a6c60bd6511a1766a87507b93bb
NUP	NUP-4909	41bb00bee91c7e7a329463ff960372a4455c6dd2ec9c52ac048eae4ee9650c0c
NUP	NUP-4910	9abcd3269883183bca2d3c5882199c698d69c0216d373f72d2e5939c1c8b4bce
NUP	NUP-4911	089e2a4a98fa6ee11187ec62fe22062408da1f7d5c1f077c5ff0736d24940984
NUP	NUP-4912	948cbdcfe8e4974f27bfa5521a84351975ea05769757948d2b12dbf09f07350a
NUP	NUP-4913	cc85a3c28081b3253d82464824f38a2dae0dd868d21e20f1a9efa6d15e694416
NUP	NUP-4914	9b89106272294644cd63648f289188a922d9eb0ba014d7875c9630bf13a9883d
NUP	NUP-4915	58942e08988d3be653a377e438fa8e2e24d639f0bb2973dd7f7169584615d531
NUP	NUP-4916	671412c2e93d7f6a96e13b200a40576a2a913602424f638e05643eba6cb66a54
NUP	NUP-4917	c35cc7aef648c861c6b9d6a1d1ce36fa00b36bf1fce41b5032ea57eb13c02f51
NUP	NUP-4918	d67075d632436fe12222e6af0e78b82842c306b02daee578c69c449d690d43e4
NUP	NUP-4919	c293519f6c9a8ea6e483a9d3c7b308cdadc6fa01b20134346804489a709f56a8
NUP	NUP-4920	958c2dc19bb3ce390185a7537cc7391556701e0e41801e10e27d8db2f6c15e06
NUP	NUP-4921	f6fdfad23ffca8bdbb44427d179abf3e15347b226b9024c075c440c409d4ae83
NUP	NUP-4922	4a32c3d321fa399ef6e42914b92fea1d50ee2f6feb622a490334110e3161c321
NUP	NUP-4923	b548792fddf3a90c65fe98d9465209b82c976825827414719a1b83faee443ec7
NUP	NUP-4924	595f5b3aa96993ed1179002c3f894afdb6173f5b866e910ca99965ee08f118a3
NUP	NUP-4925	a7d8a4a2935ce9bb2f26e2568176c06770e9f77ebd5772412ee8487bbaf21c4a
NUP	NUP-4926	22ccad25dba08db1ab0bc1a711c13dda6bec13be4b21ea9729db826707089654
NUP	NUP-4927	6725b130c0c7ab7ab807a4a4b99f58141be86f5814c48925c9a9eb87e852e2ba
NUP	NUP-4928	673810f26fc47b2f8c7936747ba72aace935c3f3407d916040ecb75815fcffa2
NUP	NUP-4929	d5ab1128f7aa35284b8e46301ee696d08f25ea5a16b7b98bd2bb59a50f08b749
NUP	NUP-4933	712d73e413cda90aaacc020c311e2e5bf44178ebad750481a1c1b96f59f70f75
NUP	NUP-4934	26529a7ccf41448ab2a7427d877a0628b195795e802ec385933d603ab774031b
NUP	NUP-4935	ec76f6fc856b17a77ec5cb5a8e4bb32c87e5a438e9c83056eb6c0fe000896032
NUP	NUP-4936	713eebe6fe7cd34a71904e8ff53d1e46e8318587aa31df7d3b058c8751cb587a
NUP	NUP-4937	a6d555bd8b320c530d691bf0430b2733530d300c6a0e31c74c9f34d29bf7d0a8
NUP	NUP-4938	cfbdbb741e412b41b3f57bbd3a982be2c58b5ec3a51c41f7c551362218a98752
NUP	NUP-4939	94fdb4d549ffd67936f6afb1fa43ff9b8fa1a94858fb645787be52eb232f3cf5
NUP	NUP-4940	88cc7f4a4637fb3a29f4ef14042292322ef736c7d16ba9998d37271eed7a0d77
NUP	NUP-4941	ff690b5d97152de23b973a9eee0718ee75289f22fde37f015d986c69019d6879
NUP	NUP-4942	e7e9cd8765f36527447eff01441d25142ce84ebc48c407b144fa4790c4a02166
NUP	NUP-4943	aa7885f87da66ff250450828ddc1864b70e95c50ff5c7b18e8ac2c29faa331ec
NUP	NUP-4944	a31dc8b0cce04002b0ce2dde3be03a61fc65203851bd128f439ba1d605124b88
NUP	NUP-4945	fe35ab5608ecef83f71217d520802381065eb792b50f3d84f8211341ef0c87aa
NUP	NUP-4946	bafbaff1ab4db4a86ea43aa1033adcf8ca0a83f839c7e59604c1421534ebfe88
NUP	NUP-4947	d703591c6c5935ea86ec14ef03e2dd27f3462470e78b925e3943a2a52d19d133
NUP	NUP-4948	68baf9f0fe1080377a2628205f7854653760562d04272baa212eb74b71c9119b
NUP	NUP-4949	484a8110af807c8ae47bd37288839d3dbc7815186b34a204e4fed83a5798edd5
NUP	NUP-4950	2be0bf1656245a7b94ad5844f9d2fdc04be7a1432829f322a79bf3a2389c5f74
NUP	NUP-4951	3299df830d0ec3e29ed7327437c07b697d25f2cecbe6bdba98c6e8c52f8d4fb4
NUP	NUP-4952	189b4efb295fc350448c86b5f71fc242a0ea65a225eedddc007672956922d4d8
NUP	NUP-4953	b72c74d60b397542429a04450d92d301bec10a5442a41a155b73062b151d7578
NUP	NUP-4954	a2df59839003d8d4dcf7b99ab9b453f8af7cbc629a5ed8e6af19432a0eb60898
NUP	NUP-4958	aea17af8d8ee29059b262dd9d5cd12f9d8d94565ab83389fa1819df04b38515f
NUP	NUP-4959	32db936293f479b3f325ac0fa179f0af0520af1825f2abac96c1e0ab302806be
NUP	NUP-4961	cdfe4aa8e708ceddafe0c7e9a6d3f2a44eadf293bc07584e6c8bd5f2bb63a2c0
NUP	NUP-4962	2cb93819e9093b9bfbb227d6725dffe270b77c36e4947e0d75c30ff81ff32de7
NUP	NUP-4963	29e14d0d90814efe960296878c0eb0a41ae9e669146874e63870e65a53cd5a15
NUP	NUP-4964	6a3ac237cda8671c7d7683a24d4cca4c1a516a46a6b9ad0b55192ab19d6475a6
NUP	NUP-4965	d753dcdbb087f7c1735429dbb917bc5d842897448f3c7611104de77cc43b828e
NUP	NUP-4966	e864b89cd4d3e68ca810d05542795af0d159bcd44acce46890568ece8ca4514d
NUP	NUP-4967	b5e50ca37a066be1205080b702812d11e69adf99ef5cf373344f20f83ca00986
NUP	NUP-4968	15155d70a8ac259a904d2488b7ec4bfab0966d03fe0e478da31b29184e3ebd5e
NUP	NUP-5014	9707bccb21de1286b16776e6873b6d3d2852cded793fd608dc361b16ab013b50
NUP	NUP-5015	bb800a4d6d781b1d63d9413ef44cfcb1e04d7c02f5d77a2ef0a8859d41491482
NUP	NUP-5016	bccfb1bdb0155060328f537240e03c37e1599e482b355881e9b602e6fa3acd10
NUP	NUP-5017	e4b05f454b14a066d559dcc1c02db81f8f9099182b6174c30e32e09e617d5af2
NUP	NUP-5018	e1ba8e716d4be9ab2f5f5dc03a3f3e3fc5c88c715de1af4fd74875e0da915e9b
NUP	NUP-5019	c1f5d5fae828e3cb7e2278eb5c3e2850a2e342ef80a65112ca9989a4ba4f5a76
NUP	NUP-5020	6f16da59ee5bc1f5b6b474bef94ff92d1d0bcbdc2e075491667ab20b319f8595
NUP	NUP-5021	e39d80c0367cf7d6243128d7035edd1444844d04e3d7372174f47dbebef407a6
NUP	NUP-5022	bb8fb22af91aa4feadbfaf9f24993d81fe8175e88ce57951631c3d6870add9df
NUP	NUP-5023	1af5a9469864d486190ac7db6dab8e8d665fe2f0be42d4d4a7c69d9d75420b18
NUP	NUP-5024	c315446e4417b5a89e3d0d3767a6adb8a19c23acda6834af1356532aa0db33c0
NUP	NUP-5025	009e5dce4c8bddf8eb421096b72c6bea40d2c148906b524ddecc0c6421776acf
NUP	NUP-5026	cd61dd21ea9fa5643ef5a23ae902ba159402fa13a2438ea2deb12bb8f141241b
NUP	NUP-5027	6c046112dd7105b52e9743e74170343e51a5ee32a7412a04a2227575d844acfe
NUP	NUP-5047	c531b6cd3e697d1cd2a4dc72227dc1d9a0804121d89cbedd2a0277c2ef27dbf3
NUP	NUP-5048	f4d5099fe24c56b3df16825dc2196ee2e47398cde6d94bcbcfde5b71939d363e
NUP	NUP-5085	9f8c8a90f9a1ef5a810ba076f46e9a635d99f2327ab828798249eb16a2cbfccf
NUP	NUP-5086	44dc12942b87a06b1e90fc5b6f288d123d20c3b2cc1d08e43fe201ccdc8766ef
NUP	NUP-5120	4965c919421b2e912c88e30a8ab2ed7945cb4e80f644c5c285a129b095d8fd06
NUP	NUP-5121	197028682e2a8ae40826116014ff395a86fb1460c4164a08e04d5a6481764e47
NUP	NUP-5131	cef5ed26f5b91d462e3b76e6c3912db6de24311fd4ed6ffa39229d670c74e175
NUP	NUP-5132	13ca02d7bb8a5804e416222ec59ed1f619d827c997c6dae9c91a2edb5e20345f
NUP	NUP-5133	6a1df978f72699c9944df2f72c89baee20adb6d81dbe012e8f8d1eb39b62e1fd
NUP	NUP-5134	d7b1c752bdc2713cbf19ff0349f4fbfe01180dc3d711336cda3d4d851738626e
NUP	NUP-5182	62bcd63bc3b4a2904a940b73bab31181616d04c1f96fb9e91af03f83b1d09073
NUP	NUP-5183	81b823bc769e336c102b5cc6182834f354ea9de7eb942634bb2a693b4eb777c5
NUP	NUP-5184	9f816fd95a132c43dc56a0ac6913a05ecd6e6683f2cd697c937563027a794ab0
NUP	NUP-5185	93073e8e0d0e6d011a81a58aa16cd44d2a3becef2091fca5b284cd275997cb45
NUP	NUP-5187	f9d6bfb3105aa552d6ecfcb6a88a257a3555c6407b4dcf232525901e8f60b98b
NUP	NUP-5188	a1ec8f765b25a1a2eb8b3ba6c06b6e06c66029567d16e29cd1f6a4fe48e84d28
NUP	NUP-5189	a06cfa98ae04a1907733c620a615f7eb7dc62288acc042182c583c22d53604c4
NUP	NUP-5190	54814821d0621bad683fd01343bc0b2b6df3e70fc2f450cc869aff6aa82056dc
NUP	NUP-5191	9ac9701316dcbf53c013ad5534a5a6974438fe2f02d75fa1a9c50e66d829cc6c
NUP	NUP-5192	09f3912bbae59de6135da9f9a8b7cefccc3bb8c04fb99b26cedba9411b4704f8
NUP	NUP-5193	bf20ff6e495f296ea363f9fac1c4320533d590321c3c36d1743311fadfdcd73e
NUP	NUP-5194	268eacde174e086d37805af1153b6a3943159185750c2378523c9f90fbd11b8f
NUP	NUP-5195	b4557c8bcc995072a8a26369b8483f804af7c6971e96f93f4d434ef09b5e4b1a
NUP	NUP-5196	c49f95c1734b1a2df38d831907de427e727a18201c0d025d241e388e5b5ed43d
NUP	NUP-5197	87056553392ab4bcc090340d09f0a3ff570001b9d044b8a8b32b275778b83d9b
NUP	NUP-5198	f9342bdc2b231e9841dc77189d7a2cb5a998de728eca796a025b34ba826f049f
NUP	NUP-5199	b04e256353a55d77c553fe5dc45a2baa7f93aad661cd1a8c01fcee9b99fa931b
NUP	NUP-5200	54a2962cedaae2f5afc24617d824af4e3542df8af83bd4549142b03618fcb8cb
NUP	NUP-5201	17c55c5fd5b505a1336072556b9cf3463a486749fd7b1ebabb23e060ec4404be
NUP	NUP-5202	5cb5f6984c84a4e4376f69dc7b3d7fc60d4738de9e73531e3cdef09c5fa12c07
NUP	NUP-5203	19b6d950f0f031c5a8ac72adfb61119dc6b93d4ded75df89a1cea4aa110b4177
NUP	NUP-5204	c8b33902c127f0b24d37a2a3df9b04e4699c9e576e4915f0875d4b8aa825807e
NUP	NUP-5205	cd0eddf99865fee76361dc851972c1e8de7d9cba0e6b2d0b2f24fa6032300012
NUP	NUP-5206	0514d4464dd94a45b371c15d575deb2006041770c635ce04e09398b9928c31f9
NUP	NUP-5207	b462d25c474055874af122433ce2ed60b655370fd7a691196ac861c640524fd8
NUP	NUP-5208	866989d090c6a3845dc31840df5b6230d34b31d41446387f8e8f1a51a2ee5425
NUP	NUP-5209	e994776c4bae1da7d8280e3abc34a8d061c3a25099288e41426294d0fdfa6c24
NUP	NUP-5210	13176f87de8a8fcb80a03c75868cc32defc241e3ce906cc43ead565e831d0834
NUP	NUP-5211	9d0c6a72b55f7b2c62209c8b1e679e4b8c807fa95aec4a2274e76a16e89533ad
NUP	NUP-5212	862c6c1d6a8fd5905be79e982c30e509d16f9856a30ba06bba5455268c3cd30e
NUP	NUP-5213	ac801bcc2c4dcd017e5348e88749d7d1526225b16fcfa41916080ac6a0ef3da9
NUP	NUP-5214	e5e5b88f0912932ec4468497fece51b453272a04645cc712cdfaebf0c193a92f
NUP	NUP-5215	182679831d35598c89a02a659e98022438ed040d6068c338445467eb728b2119
NUP	NUP-5216	363824fe5f50a50a242ce664abfeef7cf0e5177157639c924fb3acf03cbabd62
NUP	NUP-5217	20e76417a6717b6b74f5e3cabc7e65d9829e5a42ec6532fb4e544b97a7568318
NUP	NUP-5218	ef86350e4dd8c88047de41ae881dd0c0f9e23d27e1626a28843c5761e4a31d1d
NUP	NUP-5219	2caa423a839212d9fafb22288502026790033fe94fbb4840c54f42f2605b079b
NUP	NUP-5220	64bc6ec39b4125a1f75f3c746511f78196793486331757bb404a96c0d6a2d7fd
NUP	NUP-5221	1d74104e8f6120bd68085b486adec855ecc55b42ed6246a7799dc34f92d92d04
NUP	NUP-5222	6d45e1067c837ee095da63d7472c1b5bd7809ddd8ad2ae0a6f3679bad3d3c98c
NUP	NUP-5223	daa3f95c9e604a2ad6b68b54b48980b20bd7627ff646fa30b26d415ca3836d33
NUP	NUP-5224	ff528b6f4cdaef00d6ddf19db3f9b4eb94d259d6f009bd99a0f331b67a3ea014
NUP	NUP-5225	e03214e908b181f340bf14e0f27ba50b9e0d629470a11ee89448c0362be4c3e4
NUP	NUP-5226	387ebf354f457631229ce58a77ea576f6fd9eb60435b5c18ddcbc6fee4b6f12c
NUP	NUP-5227	75407bb7432d21ff0b1849aa6372e737e522d65eed2a9727fa8eee8b71560fac
NUP	NUP-5228	f25015e4fc2ebe89559c8864b24ccde340892a87ca00013643ca226e748f5a55
NUP	NUP-5229	039601bb582f924b828f16407eda5509bfde6a1b12e738c3764d18bc76534109
NUP	NUP-5230	a8d1b016ba538bef3fe189c898abadae11ad708a990202a7c2d1b16228577dba
NUP	NUP-5231	da06d1339440ac8c09ab6911b4a797915b4ba3f2c2f92a38a9e30332ad4fe977
NUP	NUP-5232	24b37bee0fa67b735bd6ea162cff3fe057204a29c7a826d3f26c941c3c6298ea
NUP	NUP-5233	40d3e7e670c6a6a681de5b591beab9056f8d29cb69c2fb83f1d6629f08452880
NUP	NUP-5234	268383676b02abfaa8a3b7a24c8e8dc599d2dbc94a9b9cb253d82d938cff73ee
NUP	NUP-5235	f0c4205d51a5ebe8f1fbf9d7d64eeda98807770471d04ca2a0e953fefb3a2839
NUP	NUP-5236	53e3dcf31ebfb24c34098ccc54ad10cd8523666f829a3ca4e51651f4aaa2f90f
NUP	NUP-5237	e8dddb00e46ecb6b775bfce8101dc22a3776241afaa11d3a11b9e5fc77831c60
NUP	NUP-5238	0e4c725a394fe14ceeba416b5b9a47c91e855adccc449e3c8136a15b30a0010a
NUP	NUP-5239	055f6c75adff9e985c17a5752d64285ee000e9eff047173cea2604b260fbb2c0
NUP	NUP-5240	ee0c1b7a2eeda16ca55d3e978797f4a3c3d1bf5f41279f510f6f8f609f89b8c2
NUP	NUP-5241	f6d9aff0a23a82124977ab331a652705527e0633365aca2228955def9292b132
NUP	NUP-5242	cd48f22762358f51ee0cffc47d604c625004756a6045a997581e62b8660736d3
NUP	NUP-5243	71ca981b185dc50609b2f324163b3afa074de86ae1b8d61d8cf96a25e8331235
NUP	NUP-5244	a54f21fa7e09e581d308751835e5590b20c768cd0bbe22a201462959622cfecd
NUP	NUP-5245	255bab90d5c0195546cc991cea3afbce9690880d52ac2c5e9e7fd115ef98e7a1
NUP	NUP-5246	b863443acb876ed2d4a632cfe49b5fdd9877429833c5afc6c8c073036afef64e
NUP	NUP-5247	aa4056964e9b1ee64b699a9c4ee079c4b74fe1fa8781381a05c3b1f463c75b7e
NUP	NUP-5248	7d3b72ab79ec0fa47afb58ab83cea137f4194be55f0a7f9e959e2cfff38c7dc5
NUP	NUP-5249	ff28b818ad0d227666ef8b3b9ebde829eaffd634fd4bdc6dec54a66504932c43
NUP	NUP-5250	8020a6acfc3cfae89313f2b059e036309c955ed39ed554135cfd038f46f593e2
NUP	NUP-5251	518967b4959b39e27bc83544afe0593a358b9681f776a620198ea3d4694d3842
NUP	NUP-5252	ca8791b5840f9fd9d28db8b98ee3373926d043098b08adaa30369c31a831a6e6
NUP	NUP-5253	9ff5b4477d82879b6b7c35b73f8702ea3a6aacaacfdfeda70e412195fd4a4f00
NUP	NUP-5254	af16cc2018d4c3959bad5195426450c0fe016080c973084ad811041084992a74
NUP	NUP-5255	0382ac36489753de7faf840ce836d641dc0743f1ea6f093ca83c618dc36fe694
NUP	NUP-5256	a555fe7525bfa78ef22c595dfb3ece6b870e6a6f0570e9ec6ed91e15d6da833c
NUP	NUP-5257	9a34756fe2f2a63f9a4746993e6ac64c399e5ac7521706abdbd5d8e683f83d3b
NUP	NUP-5258	b41eff5dc3e325539d46822e0f5d3a30369e226cec5ba2ae102d4e27e51cc90e
NUP	NUP-5259	3f21480d0375076b0f0b033092f27a19cd7508f81de3649fcbcda983627b60a0
NUP	NUP-5260	bf3333ad5db7f1e2271ce611552c0fd39283d5e1e0a7e1380e69c179c6a1c0e4
NUP	NUP-5261	4c692d9af6a51d4268233b43521c4d6e558b4045d9e84eed24300f1c220920d3
NUP	NUP-5262	210434d295b9f05be8bbc44dd9a820b19ba66e4c954796c3d9354a530c13a65a
NUP	NUP-5263	f0b2885208c0ca119e42299d2edb0bbb9a224f761d70913b01a897e1d5fac187
NUP	NUP-5264	819198248f7f322ad065d1fa499eb11c566eef9edc6a799b17471acc165c85b9
NUP	NUP-5265	820fc73a070c9230d1616ac9aad286baf1edeb6724c44257a998351da1757f4e
NUP	NUP-5266	1064cff7dd219bc583ff1a8d05160279a14d010ab1d968ad82757564e5289d88
NUP	NUP-5267	3479580d75d76e22940d9a50a0bd4e56d8b6bb1de13ff328ffe8e365a63ae4d3
NUP	NUP-5268	7dbc5da6ae4e76436453e37c9e3de719106fa8c919d2eb1414ea12b7233f6b76
NUP	NUP-5269	cc0d97bc8c92231ce8a74aeda7eeaae3dbe87ed2234aa0003b20ca5003e0dfde
NUP	NUP-5270	da02842a7110df5e988864c6682de987897ffa913ce6757f0978b41c667678b8
NUP	NUP-5271	4e502c5d718b1f57180581cfc72c1ed1adc78dc22e04f3a9061b151f64730866
NUP	NUP-5272	d229ea91f133cad34deb83e5734ab2c53c633fd9940f0ab7ace8a0f56783d994
NUP	NUP-5273	da9509d8c19b36865e517d48ae8edfc8d840be0c46eac0ce6610df6c394eed18
NUP	NUP-5274	6ef3aa6a12278b36cb00830173ae8be80b1a5ad81b1423f4f0d20eed465c5a63
NUP	NUP-5275	1fe82a908ccecaedb08048e3677d07aabc557c7c2a71457cc5af8fbfbc7cc668
NUP	NUP-5276	2f202acc0a42773698b1d9ddfbf79cfcede6f6cff0c7f54ff93c57916c4eff52
NUP	NUP-5277	cbab39d0c568993ee052730f0cf80cf3a144d3dd66fdda442660347660c2e588
NUP	NUP-5278	1e453305c982265d352f3f579e81e773d4379a35b034ce58311241cc538cf0a9
NUP	NUP-5279	148b6e71d37b95c4ee2e9fb405e4f70e78847cd89335a0f8561ff7262fff486f
NUP	NUP-5280	131e84de74bfb27281edddf6cfad66fdbd1252113b90b8f20580220702c49866
NUP	NUP-5281	09383edcf637541beb9eb92a4db1039abf2d8d14458a56685ce3bc1d147e4bc9
NUP	NUP-5282	b6eba45c49f502f2f2b4bbfd75529bc88bc0d0ba085220fb3748b064affc4d67
NUP	NUP-5283	c438369b2f0871d85ec727fb5ca65d0d71845af0918444bea014157af86e3d69
NUP	NUP-5284	4ca34bc938111c9aeea4df3377f7f35965c040301935f1934519a8bfec4909b0
NUP	NUP-5285	b36c0496dd1c15ea1a5dd91ed421b8a00fedfd4f3fdf133590693b1606ed6aa0
NUP	NUP-5286	285b9125bdfa8e54c9b039b6361f82022d8be50584ce2ab5ffe504fd2b7670c0
NUP	NUP-5287	ba516fb28c2dd91be1dfb103142e41a16404710abaf5b04e1302d01e34943cfb
NUP	NUP-5288	f108016aa286cfc4adf15a8a0298243e463fe0b42fe686a6283cdfcc15ad2dbf
NUP	NUP-5289	236bb9337c829872acb98307cd8f95d80e35c5c8a1caf7edcb7a33bc9571c85b
NUP	NUP-5290	382df21ae6d6fd46359e81a0d3ba12af2d2bbaa36f0dc60d0a1ea122003354a1
NUP	NUP-5291	41d835d60d157e1d3b7481767cfb3bedc158168e5a09ffbed438e686e34114bb
NUP	NUP-5292	dd3f3d5795f385d8b29e60beb6fee23d409425bb73395142cc7a80836e3e3c45
NUP	NUP-5293	5fae599cbee9483c2f65d959a8338787fc7b8684c7381b3a8ce54918402409c1
NUP	NUP-5294	bf78c2c6612b0d3a5a8c804d842cef70bb72015a749628723f283164c99bd55d
NUP	NUP-5295	485aced4614ac9071a2d36f00ab4463b9a26895899cfd43a157e2e243c457c05
NUP	NUP-5296	024bb6a4f7e1183f8d8e8f882eb68df86879116d2a3041dfe9031847027cdeed
NUP	NUP-5297	a7ac29834d9b8ea45275a7421ddf5fdbf24f1a094a74210ceb47a8223cf1942e
NUP	NUP-5298	b38a6a5f9478864a0b31a5147582824ad8dba1d6c28d72566f64e88b503b6673
NUP	NUP-5299	207abfc4800d39a369e9d224910a463b3cb4f01b4a44f565ee6f77620590a73a
NUP	NUP-5300	4fc7fc4cdeda21448964c4199bc40c74a0a2c4cb9ae7831c53f2a54f1c1cca16
NUP	NUP-5301	9d07dc1242e37e0407b29c23856c2e63d566101ba1da8849c697ae1572023018
NUP	NUP-5302	2bdb1f9ffa3383d2c49b1a281eda7b44b143916e1d1863bce24b1f9e1df43a29
NUP	NUP-5303	4a32af91896cd14031b1c6414de8b36c73f320110f0c22f07ed04be9c62f8401
NUP	NUP-5304	60bd19a911d6f853f8c752b42c1b679b1d637e4c95ded11b7aaca9a13abbaf1c
NUP	NUP-5305	f3a2b7e8c841933d022d86a55288009183c58a899bb6dc4ed09c8dce3035f262
NUP	NUP-5306	6e57f1e4ef28285b80097058a67a7b7fb156e03c3c2e78dcc573d218c279ddf4
NUP	NUP-5308	39e37cd0c93793ef8282faeae275e37db31972a14ccc53e3d48766038ffc1795
NUP	NUP-5309	4d9f9152bcc14356cd439304176a2f276f7084b2f798d79725f7ea98e1895744
NUP	NUP-5310	0a4986d9aad596eae167bb1271d0a3a69b051bfe913852cf14f367012cc36019
NUP	NUP-5311	83aa1d9f182cb0b0588ac060b963607719058cd4912de9a4de7f79b31eb3db50
NUP	NUP-5312	5d4491c0b63adb11c906c26b0d7493001f7272f7b6b8b7ee23e91933cb2298a4
NUP	NUP-5313	91ddeead72bf20b8344bce58d0a596223c855e2c5ca646af4750f4b897f9b4b2
NUP	NUP-5317	df96dce23cd1ce2d1d061f7401795c70b1f3233562f0f48f2889ba20a9f9da11
NUP	NUP-5318	0e5ba839988e7d1c2afc5399322e459b310f66d974996b5201cc83d6301cf1db
NUP	NUP-5319	4c963ebd839bb76db33fafbad30b5c6e971d97eb967eb7c438d63e15eae1ebaa
NUP	NUP-5320	6139e038a36a7d351336611378d83d2c971a1945b7105e10d433becaaf2a4eff
NUP	NUP-5321	584a81aaa2bd52ec0256bea09b75f21a4054bbedc5eccb0cd8786093b4ecfdec
NUP	NUP-5322	cf00ae97ecd9a46f692ead0796d8f6defc3ed4cc03e2712443ed164916f7026e
NUP	NUP-5323	0ca89040c9e995439851f7355e2d726c0bab1fd98462a357a3103b1b96fc8e09
NUP	NUP-5324	e05ed90816b3d4749f4e7056dbde4dc3dd8153ef371f30b09061c5a0867a74ca
NUP	NUP-5325	03798aa1ff44ccd325a816cc3b82311286dfc66f11e261a7cb7db6bcff4c091f
NUP	NUP-5326	4c9377a66a63cbc8a6f84c2c6ce90b488198a899b3fefa7f4ca7966855ba852b
NUP	NUP-5329	2adee5ae3d8eba0b30d9892354f8d4cd7f53bf6129b6d6b58dce17e6abc660bc
NUP	NUP-5330	a3cf07257703a0ceaf43130ef0c26015c10ae93f6a0d2969e5fa34c7c68e0dad
NUP	NUP-5331	8ceca4f1044b96840334c53a5b2b21c59c1a8823c4047e4964337daa11399c91
NUP	NUP-5332	95119ad0418db61cd143262997659dc89ed3f42d7e38886a4d5bffc851ef5e5d
NUP	NUP-5333	640ced306246a2ec4f1c120ee3614ba0830930c7288ba7749549df1bc128e0f7
NUP	NUP-5334	cce7f57d42ec4e25eeb7b30b0c2a47d858f7c14c181fc397b3b4b8733894efde
NUP	NUP-5335	6a088f6feb4fcf9a437f25ddc0fa32eee01f6c807e81d0506ba4fe436a63f8bd
NUP	NUP-5336	4391ed0e9399e4c8c06422d236db3f1779482ef304307aca2673469b20c1f946
NUP	NUP-5337	2bdc55166a810b860a37ad4d6366140fb0169e1f4d0050f757b839005d428100
NUP	NUP-5338	7de43ae0291fbf6d0eedc68b946266998253b955cad3c8199dfbfcb7da0644ec
NUP	NUP-5339	bbb13e306630d002a43371c819cbf774c34ba681322dd53ef2f67188ac4eca8e
NUP	NUP-5340	c8d56b1cd4352b04076848bdad9b694fc324c6cb7e6b63abf9f2ca940ad2ace8
NUP	NUP-5346	6c6b4ce60682e63e5d1e6ac2c35ec905c9889c2a0f28025f1b85b49723ae9cd9
NUP	NUP-5347	0f05e3c63ed039a5d099ed6bf1b639c6a40e44b91df47ec3d9af01f93cc87d46
NUP	NUP-5348	ec64d6457aa886bf478d41c45a1fccba2e199ea3f33b909c85398b007baf861c
NUP	NUP-5349	2e4f9b0c1da9ee33752dd7d5d0549f62f8726a48879632ee607219a30485575b
NUP	NUP-5350	639ca74271b433180bd3e6e4dc377626dd145261976487bef5abc9c549fe0d2d
NUP	NUP-5351	f53c2c5526b46563cd4cb26af08f8709db1fd544a29cc1a594451051176dfbea
NUP	NUP-5352	31eee948d0f3340d0c614576e7fd70a9319bdf564165bad952be5715d5e1b26c
NUP	NUP-5353	378953c17433f5a2018ce3655b886ea32907b2c06a205f74e49768622da871d4
NUP	NUP-5354	bb2267e522cbd01f368a745f09b4ed4a2443d3cfb5536e9a3bd385f36730dd48
NUP	NUP-5355	996e15c97b52d7c9288d2a7e43403dd110435a4fb16f5d050aef9b4598a5668e
NUP	NUP-5356	9b6c4a5b06db73c645e9a5204027c5f1d756e7d4d02b6e2d509c0b1bc0bb0bf8
NUP	NUP-5357	580cb31697a7d53ab2e07940568954e17471efb69078e0b9dd0d6a7b7ac3bb46
NUP	NUP-5364	8279c9b8c69df7f4510d4c7ebbf87c2909f9b7e1adeafc779c4eaa8b913e1942
NUP	NUP-5365	66fc4cbb0b946fc529ea82dbf13b399000ade8221a66e685cd89f9e684759e1a
NUP	NUP-5369	842e1b89be2005ac1affb09d6ca00324e81752fdb12f9ac121cf960996cbdcea
NUP	NUP-5370	dae72dbc10165ccd097ae6673a8e4900803987c49beed66078338ee2f4d68a0e
NUP	NUP-5371	c9e27eeb1e789465f3f2c50830da278321ab91eefcdab55948659599ff039a43
NUP	NUP-5372	f69a9f23635d7991fc9a5ccad16b0002ead99e5b25ed3f1d826be499ebf002e9
NUP	NUP-5373	e822a9b684b8419239a3bb04f18fc78719a81797badc98887f909e1e5ec46977
NUP	NUP-5374	049beee823116e330b6b3daa8cc807a2de9e6cd561580261d3d6a5ab9da84c50
NUP	NUP-5375	a4f4416b7b9eb6f4261384f509403c718f2608884d398600eeeea5b0a4945de2
NUP	NUP-5376	b0d151589c71befd29356fb9fff9898a382b3b36df7a78a202dd2302e8f5bc73
NUP	NUP-5377	ec1df911b735b352b0b38168ac51f97f2db6c23d2b7e7c805a38203c86081703
NUP	NUP-5378	f303cb5089b2da815301e390b2289857125bd42c5a5e08a47f1874e3f207f967
NUP	NUP-5379	2cbe4801209972309713ffaaab8ea242d6c73ca210d14ba7e74d92bd19b960b6
NUP	NUP-5380	663257b8083ef3b87d8b0dedaeb47de928d9bfc163249d496ff2576085e80302
NUP	NUP-5423	9668b8479438b2e0bd77fb34d4450bef38a473ff216c75286cc8c9e3cbcd7f0f
NUP	NUP-5424	92fe9af99366b0af8aa3691d428dc5a3518a1b76cf26b96764cda227bb302f38
NUP	NUP-5425	53ef4fd444a11ceafb3cf442d68ca82782caf887bfa20dc2e2cb6631e2496057
NUP	NUP-5426	76178c6b9eff17aace62665c6b81697ba3224f0bae74121bac2bd9be76405047
NUP	NUP-5427	141e0c9b6df81a72f3bae12a24c7bb6c4e836383d4ff4d4bbaab0d1b563ec4e6
NUP	NUP-5428	a2b0e767904e2930fa6625ff4da4c170e3e48a53c9932d0b27565293edc54c08
NUP	NUP-5429	77541f6cf7482ff8f6a47c47efaeb420a05a999546e2ace5079040fe96ae7130
NUP	NUP-5430	e1fb6d1936cc7794b52b1d620cf15e260bb7439faf46de2568b02e45b2d9f89c
NUP	NUP-5431	d2cf59cf953c2d631dbf726f07f72a717781099c2182c594198b9c7c2ff7e229
NUP	NUP-5432	2546fe8639e7e7d4cbc872a3dfeab735ad77b927385e2e9e4536dd60c0b00c50
NUP	NUP-5433	73450369a40df57df571dc29678a7d03a53ee76182120d64f5192cede1e04710
NUP	NUP-5434	bd3e0d9f1d5f342e1191f16f695960e6c720fca9767f34026f5fea4358357819
NUP	NUP-5435	c13b2dca36458c966924490891956cb077841cbf69ac02313f29ca546179c11d
NUP	NUP-5436	c5d0644ea74554daf8468cd44b2d7ca8c2a26566fd4fa44cb2f2cfe75ffb17b2
NUP	NUP-5437	015a2feea25d37b835bb36fc8d5f7a9c3922a5d3fbf93205c2acd0ab2c3b337b
NUP	NUP-5438	6938ccb2182e6830f0e1a30b5c9a4d8482f393f2f642443c84372478a23082bf
NUP	NUP-5439	d30deb15cc8f0cb16cbd49c91a0e04608bce3c86d244233a26fea34da92def09
NUP	NUP-5440	af753a2ca1fb726633c08ccb3b8353cb4499c35d18a6677cf5131c63d5022abf
NUP	NUP-5441	c44dca5bf552d2a14aa8eb4324c4e9eb47093b7c28a940a374a798ce71a64b51
NUP	NUP-5442	61011c11ebf4e7010729102a6658317b0ae9e16a8e5f5162aca4b47208b2c262
NUP	NUP-5443	7600328b52c9e6511d6a51ef312739622687bb62d3116e0c97b5969e76306c1a
NUP	NUP-5444	1c09219150b7944775887fc3615168f389b6cb79f265c0bbd8fcb96ea7a3f177
NUP	NUP-5445	7c49784507b72f2f0ff61ab10182f7e7cd3c01a65265f2c0cdadcef996ebe5b0
NUP	NUP-5446	52a938fce80ec64c2c6ee28794ae40fab3570a47352e9f85a583a79b97348bc6
NUP	NUP-5447	17f6f3a33914e76cfbc50ac8b949dab41e43636d6159c120422edf706527fa6f
NUP	NUP-5448	9e93bc28d3a725ff69b9342a4003efe88bd0a84ea51c9983467bbc87043efa56
NUP	NUP-5449	61ec956825289c5c0ca25538584d6759ee11633a54bc65ee147f8f77510ad9fc
NUP	NUP-5450	11759e6675fae03412b54ac680d374ffdb0b7dc2e974d3d88b313036cfd73e6c
NUP	NUP-5451	5680a6c5cb09cd033f2a27588a4c31531ada0fd9cffe1f469fabc678e8e2fd43
NUP	NUP-5452	a4aeed5260c378fbeafeba77dd1f95713207acfff58e59b32cddf750309de611
NUP	NUP-5453	1a350042cde580df7515bb9268d96799cb570c868229afbd07d5102598a88d14
NUP	NUP-5454	e7f3beb61673a1bdee64bc0f0bd951a8e91fadca589b56deb8f00c0fd0709417
NUP	NUP-5455	4e3f33350da02cffd856f5faade42a66e123ec7444d46342211da6c266d809b0
NUP	NUP-5456	a9dd82107ef4c1154caf00d3640aa9e2fba5dbe1f623604aef8209c9a923c983
NUP	NUP-5457	9ffc1c6d8a07111b11004edf9d544aeeeaeb2d19e363935cdf6380b4328c7568
NUP	NUP-5458	2d836058eb8f60dad7e5de23af0d363c3ec71038f63f2dd0d934f97f4d21d134
NUP	NUP-5460	bc766e7f529241d7ee179445bcf77f74907a44f72e290a62c5d50a603bd9b731
NUP	NUP-5461	82a95b10bbf21b3c7306b07cf64e867f6c467bd2790bfdcdf5f1b896d8b835f8
NUP	NUP-5462	a7aeebfaa018d91bb293c8e5db1b668fabd8545cf49dd8fa00de371b27bbfa81
NUP	NUP-5463	28a3535476e7a9bb6493d34e24284d3037d06b47ec35d077ea4a5b97b723d67b
NUP	NUP-5464	28ed462d8943d1c2046e67fde7913c77e5020bdbe1d7c4dbcda841294949a597
NUP	NUP-5465	e0441bb5397e2a110f90631fd54ecb661d4981322ff7330beb70665f162b3191
NUP	NUP-5466	bbd38177cd8ceb51c38a2d915b58c21a6f81ec77cca4c033ece3c6583a4540ad
NUP	NUP-5467	254e467317708df876045497241ccc14e58baa190136a5eae60bfae4e9824496
NUP	NUP-5468	092a84fc02e674fdec4e5388c613b0b37e5f4e606e2289bf6ca4f99c709b3b47
NUP	NUP-5469	872c1008b67958d5d0eaaeb3fcef6d757e196493c3dc5c2553cfa2d23ce5ba37
NUP	NUP-5470	7d8cdac3fa8969b0f7038074f203ffe445b7b7cc962f5b9dfbaf76c41db34511
NUP	NUP-5471	e08c8098ef70c526b909a62044b099ef29b3f730f372921e25fb7ee601586210
NUP	NUP-5472	2205591d10c9f96d786897b8901aeb1a7c8606d53e491600e73cd86b5b0b2076
NUP	NUP-5473	c9582806ff08830de751420cdb44a566e05ab31b563d32f59f5d587adf328622
NUP	NUP-5474	dd1d6856036b0c4ed6513467de2216b529f15ccdc92f3c46fcb6ac63df2b803a
NUP	NUP-5475	0f1c661cbe12def1435aa3cdd8a080b8615e86cd857f5bb654dd02b10ce25afe
NUP	NUP-5476	1a0972e4fa93dd2fb9465492f6151bd3935f42978196faa6d365e30057dd8203
NUP	NUP-5477	d36df4a287cede3e97aa603c509c96e27ab98f6583c495acea2d98c02c40e677
NUP	NUP-5478	934a39084cf0a9ff8e27057abc90c77853bffcc864b7e8608e697710bb63979a
NUP	NUP-5479	7c1331ab4c4854413f2cd61c48db2fc0ec0d122c34041ddb1939e0e98839fcfd
NUP	NUP-5552	775683c80d74e16d39592d54fccd4892dcb5d100643de53f0c7548d43f3b9260
NUP	NUP-5553	24916b3d1a1184db89c3e5041ce2ba89a48edc335dc95d1ae67cede215970d27
NUP	NUP-5554	ccd07adb0ecd472b8c9cfa5b73be595a19b6acbec03a6ea01872347c36888b7c
NUP	NUP-5555	ab1db77fb11f50b9d869a05d4eefd26e2c2eb6208865613f6b36ec403994ce72
NUP	NUP-5556	c8058d24168a6b777f3a8ee0e74e345d295dcb350a41a41f659d37236e69065e
NUP	NUP-5557	6ffe85c36dd1dcc49dcee48653ef66809b5a3ee44132cdcf4322e3f0658a62b1
NUP	NUP-5558	4ec68b788cda1856111620cd0dd71cef588b57bd7a7fb683e1d9a81b2d3eb1f9
NUP	NUP-5559	f05907d429b246a99f5e01f0b2961166a22a8edcdb9a9e4e871f91c14252bea0
NUP	NUP-5560	0a73f758e6a4e6eeb9d45d9c9e50d319bfb133844c32da61131ba002867feb92
NUP	NUP-5561	c6f67054cf236e7d1505f03cea373263e77a57c22beb4a91d3088315610793bb
NUP	NUP-5562	406944b712b73bd9223062cabeca4d1be6f620362c4215178a8c879430cd3724
NUP	NUP-5563	3f4494a8f1a810d9fcf1ce00776ae440e81026fbc7eff68d0b0201c0d1cfa03a
NUP	NUP-5573	5fd990c454d17780e9ccce9a8e37fa5f6a79db9cbe9261956eb97c850b76e558
NUP	NUP-5574	89b3925a57d41b0213c867d2eee7c27634b286125afee2668a6491066e2e7006
NUP	NUP-5575	19c144981f0fb38cca18c2ba5aa6fb300c040e67c7169b70c12fd41d895e0218
NUP	NUP-5576	0802d7f01a0bf2cc8729a20e970ec76b355b84981ca6a5a54e4ff91e3a78becc
NUP	NUP-5577	ea96d944537040938064730d11c850d186316f6c637b06619de34394185648f3
NUP	NUP-5578	ff750ed370ad2d5fe22d382819ebfdfc6d1373733c3092aaec3f7cdbfad261b7
NUP	NUP-5579	ec24725a0605e3b4dc062c2d104f854b26c22969baa30b392827575bd4053486
NUP	NUP-5580	417ac260e0529c26d7460a3b07f75aeb355af39125378c39663f66597cdad5fd
NUP	NUP-5583	ee43b36ad4b7b0395bd6878885a558569914e14250e93b3fe490e56443542279
NUP	NUP-5584	3debc4f50b50356f9b2e3b1a59337313b5a44435351f1f04dd2b694e73871292
NUP	NUP-5585	26f413dcd3aa73d24e96512bd393dd96ddb79858c66d5fb576318fe1eb7216ae
NUP	NUP-5586	31cf6f158000295c765119fa2c147b1f10565b6287d914275c8c9e44aba665b5
NUP	NUP-5587	eeb88e9c8f3bbbf8369171fbab338bb88699266a0f923668dd724bf0747add59
