NUP	NUP-8983	f6b35fa57f87ca07b82fcfa5a1b4caa2993c43686fc2e0b67de13ae9073c439e
NUP	NUP-8984	1bfa760a7846e3913e32b9dbbb4cc7a67dc78d01a15d06a58bc2ae2403891ab5
NUP	NUP-8985	8c59e73920d0b2e9ae4ae067208704b9a4cb344e1070acd33f3db905a1040fd8
NUP	NUP-8986	af608ba04bac2690b34f6d6d4e5e8fa4819f3f3f185ec0e5ba74395e11d53cfd
NUP	NUP-8987	f920a694e58ce32abbdfa820bd679d61b5622dc50999ee623d9af6ce06174b9d
NUP	NUP-8988	423913a8c475de1aca820b0939fc4a5f4841ee1b30b1c2784632d77f60b96ac2
NUP	NUP-8989	142393e4f47d1bfa1d439cc122e923053dd8232937021003bcb7478c9c5c4ba1
NUP	NUP-9037	1a5407d311dc47d534082ecada6b4a62f866a5150db9581ab3d2014e36a8d1e9
NUP	NUP-9038	5575221b63693b0aee08daab590dfe56ac0b4079269105157d1382f2701bf45d
NUP	NUP-9039	ff75936440d69e34544bccace2eb26cd74f859ee631527455843b740e81c3829
NUP	NUP-9048	c6c883a64287bd9f68e6cf99905ded48b5e49786f1a7e4da1929b08a36eda999
NUP	NUP-9049	0ca1ef43a3bda06ad86407e017ce2cdad77ec642ed4db13d1e3b89ec5f7f678e
NUP	NUP-9050	aae82e093f4913af9584fbd2857210824a5f5855a5bfb9e1e10a5cda13b3357a
NUP	NUP-9051	169ef0c9f433fd35c6aa4ed6c2c768c2b36d12bfb516291305129bbd01d70127
NUP	NUP-9052	b2526550c2f232c2c81cc40c13e244e51cb6f39a6ba92450d431047c0cdef2f9
NUP	NUP-9053	29ec5c003978019e6cad908a6bff7cb08ee283bfa7dc294c5feaffcedb053cad
NUP	NUP-9054	c5773e2406c8d028ad7c6cd701f1e6938d950275d863ce6fa6b177d1316f79de
NUP	NUP-9055	cf6f7849ccd446f31f4037dc1f2298ffea450871d7ed604851ec131a16413ae4
NUP	NUP-9056	0c026901fb72c00d85d6eaf308724aada3734afaf82e3bfc650b292702e7366e
NUP	NUP-9057	b229df895560947a06f1837a5816a95dceaff67d6973444fb409b3c3bdabb878
NUP	NUP-9058	2909622252eef5da4aaa43e51d92fa962e48c17600d0c4408155845c6eec25be
NUP	NUP-9059	32f9d8328b9ab0a0b9f4af100a21fa7fe86c464e784fc2254c08c166d3033572
NUP	NUP-9060	5399c6c4383f8ce4e5ba4ac7e96df0117979ea24af230cf77f1b76c2810a6807
NUP	NUP-9061	0af8c1e71b1740b35dad3afe9c534e327004ad8600d79bb1c1ccd3839c746fd3
NUP	NUP-9062	d6008f9aa0e35dbd94dc80100ac73ba85c4b3325d07a84f3607f09987960b499
NUP	NUP-9063	53a821f047b37db8fe8d720091bd373f6f614b7c25ea5feea11a64f88e67bde0
NUP	NUP-9064	97df894e01dcc5872875d143e1fa977ce5a1ba0fa128582751a615613cbec52d
NUP	NUP-9065	572e3f2a0d765e262894742fb2d9327ae60d37c3c964a38d7c9136d57a53fe52
NUP	NUP-9066	9710efac5306ff44e7024e256f2424788d130afc0b4988f8df7942a5d87b4b94
NUP	NUP-9067	ed4a27ebba43432dbbd4b8bc59776554389a7a066446cf46d148b57f0d119787
NUP	NUP-9071	f902216ece16753f1870ecffb3f9f982a77fa3a4d1912bc137433001f4d11348
NUP	NUP-9072	c44a34229f279edc2ad86e3f20e15af21d42b6ec4575d864ca42be6e838344a8
NUP	NUP-9073	147743250ad82b2877ae8f6b670a197dd38736bc294f40c6d97f594c6a1afcdc
NUP	NUP-9074	c737aa1da19dcc5133a7af579d6718b1ee265ed566ec4d213e3f4de9cf0b7856
NUP	NUP-9115	d79ea32d187d1a81f10f3abb52ab5e8ef48b760773fd49f6ee47c406d17ed36f
NUP	NUP-9116	1f65e7fc567fc8325a04455204080f545d71a25ffc440eccd3e5c12049439de5
NUP	NUP-9117	68f945cf324c97d52f81c9aea2e8d5207e4fd3009699b44f483c45e8c8864ad1
NUP	NUP-9118	a0b7370c539260b073ebcd6498f73da2f30c7092293749ca734a2269dbdb1641
NUP	NUP-9119	790d9154d68a9c2bea157283f5de95bd855cd123c1e4f31f3d118a70a111c905
NUP	NUP-9120	83feeb19d9641aabd2a2c0914fd23b6d98cbd84416fcf886eee603fb591c3548
NUP	NUP-9121	b5020255a1a838a56b1976b01183f1d3337170daade378dca9a82772f2de023f
NUP	NUP-9122	179f8acb93cc4beb280eda9249a7653bb6b35577f07d2364530f0c7dd1668a2e
NUP	NUP-9123	2cd5cced777f3a1fe738436268021b2ba437d520c06442a47d4816bcd6c051b9
NUP	NUP-9124	6b26baccc8a7add058393ccead3d010ea0d684631c27c4ea46ad7dde11b9faa1
NUP	NUP-9125	6d1d41f44651da5561d4ee7fc7817ddebc51ee7ca5583c3e84f679e1ae140993
NUP	NUP-9126	7e98ed8295873947c8c52011775c9f108c58ff8a875e97aa5a536b95fa2df2ce
NUP	NUP-9127	9183e54e6aa4edfbeafee497d8472ae300a58ffe0c929e3e5305e1d392c1ecf6
NUP	NUP-9128	55c8bc05de7c1b401548d99c73944ca35507e766437efa5f5b90c8ab381370ca
NUP	NUP-9129	6d7eb2c0b52728b09aa694cfea50a0d85cb42fd5ed751bc6d53eeb1f4a2b51e2
NUP	NUP-9130	8f4039c304a8080a3d6c60bd2203d5605a5207897c8b3f4b81d7405617d01602
NUP	NUP-9131	725396b7ffa0f9e23ee3784772cf6120d7c10e4831b8765fb471980ce3d4a38c
NUP	NUP-9132	35915eec69eb601970270a23165ffc8c6a77680f5552d9a782c3dfcb731172a7
NUP	NUP-9133	4da03b02b86d4ceb1bff030534d9b88d5f1583996859c1e9eade7c479411423d
NUP	NUP-9134	5da5ff7043491b6e201c2862a60220753eb4befcc63b3eafd22eb1060fd18931
NUP	NUP-9135	4bab974a622ecc310ee9f837f57dca087ad382b122ee7eee5a594fd34e1aa28e
NUP	NUP-9136	4534642decf3edf6f9f231bbb80265433f14e02c99c252ede071e7851aa570d2
NUP	NUP-9137	cade925861d6ebce32cfe00baeb1dd8b13bf67da87888757d1a06358023fbed0
NUP	NUP-9138	1126d98f2e2940a3501e3c85ffbc72912f9270682e8f1046ef70e9fa69f17dc4
NUP	NUP-9139	baa90958266e210f5bc86e623c792caf88bf07b3f722c758651b17d1531fcbdd
NUP	NUP-9140	b30fb8209a3f2d84968924f21c871d14444344a23d2e81f489040d04eda46df9
NUP	NUP-9141	a3d4a658e5911a84a330eb531225f17e493ed25ec0c92bc4cb72ecf84d5d189f
NUP	NUP-9142	a21b68a7fcd77821e02b585c1590f913f10825a4e928dd549531dbe1876f9712
NUP	NUP-9143	7fec0475fce475a199049eefa0d876c8fd607f2a7656aa46e73a4afa098714fd
NUP	NUP-9144	c3199d80676c9745c8e77a7e1e6ca3c511df56c46cffe01bf6a636388aff433f
NUP	NUP-9145	f0c14846debe721645ac20cf324bcf3dbb2fa155df2fed45686b71c8afa835bb
NUP	NUP-9146	8cb99c54af07c026e949338640e7e762b4848150586c17c16cc5c979c50dbb86
NUP	NUP-9147	abc7e392f952e6125c6e58ad010c1195542fe6450b18731c8636f3e7a6271c8c
NUP	NUP-9148	a018f321c3c5584f0b8b700c7c83539881716f15086be4485f5a8cf439ad4130
NUP	NUP-9149	393bbc35c3af9a3c0125d05d864496b73348bbee74e714757ecec45d12dc2bcf
NUP	NUP-9150	1ab402f688f3b79b80230761203a686c3248d84f6c23835bf94d2210d37b1260
NUP	NUP-9151	99c54e10f2b082e4c35bbd854ea137c5e99258d1ac94f90521b8e082a057c720
NUP	NUP-9152	92b36dbaf3cdb3d88efd9919a6f18b9d1904aa5d31657233629513f3c3af82af
NUP	NUP-9153	37c5a888646a26db2540f744ead2cf1cf2f7abf80ae85ba4f22cbe131e884d88
NUP	NUP-9154	1984b2620d2e06ddbc2b33a8a98b0c125813d7988254be2cc874ddb9204a2636
NUP	NUP-9155	7e513e0b7d390477f5ee795d4cf3b085215c84ea10c74ff44057a2ddcf6eef1f
NUP	NUP-9156	208d2cfec47443788d2c22c23331d701c9cf26d215deef9e75c0a9ad0963ffa0
NUP	NUP-9157	afe4e100d6f753b38f52a90b6c00f12c617a16360d042a0cbdd3642959af2acb
NUP	NUP-9158	ac2bf968bab4e3136542a5c2730b97c70dca9ff9477178a302e62e2b3180a5a3
NUP	NUP-9159	65c1727ad0df3a76645b965f066fe9986892c7b8d175039120b079a6be901b7d
NUP	NUP-9160	d72684b872d9d69682c0257c65c1081f3cfbe0529e51cd9293ebc8e4f1dede4c
NUP	NUP-9161	0c79738f235b28e78c47954966251604bc8f041bd04f2279f0d46a2b69e1e92b
NUP	NUP-9162	9179e4ff4624e7850508810cceec144d7f6743425214a0b2342e6571b7f469d8
NUP	NUP-9163	3f08ee9c6d29479800ab966cf9816319dc548a65e3268d399fad97b579147a60
NUP	NUP-9164	803322784d8d534c811869908db18c89c3b3160af3967f648a713dd5e4f845e2
NUP	NUP-9165	e3cc55e088afe5224d32328164b163d39c5a4231693c5bf64a0c7f62fdb2b198
NUP	NUP-9166	4e3d1f649b606815ffeaea59e8fe5f1ba779f1a081ee66711e82cd5524baacdd
NUP	NUP-9167	57957cd86beeeccce7a963313f17483b7bdaa9f347638624021f63eb31e54b24
NUP	NUP-9168	30319730c859dac61b54b3962901f3d524745a08f394f44a785111a7f1578686
NUP	NUP-9169	ba738307bbae51988a107f18a26dc191cbeeb0772b94cd4680e2c608577dba94
NUP	NUP-9170	a82b4060d0db3c24eb56c2c0d9e8b564ae0a618a65d55eccb40967cf0fe64791
NUP	NUP-9171	3ddf657701c0b5c2656004c473c7d4a18288f42c306b812d9ddc6858c8f0e371
NUP	NUP-9172	8877bfc446fa637f23ac166a95188a28fd1df2014225f43f72ee7026f6da3d16
NUP	NUP-9173	81ca12192ba01a31d2003f7097a13aca03df2b01712601953de42b42504efc73
NUP	NUP-9174	483af5077c36873d6029cc3a372e2893eaf03754b9f18bef0d4d7eefc72596d4
NUP	NUP-9175	8638dfeee48d1ce871cb9840086f2c3ab3f252f1a9070c8ea7e3995565ec699e
NUP	NUP-9176	39b51164c24a7cfd6d60ac4db41639004638b0edc1ba00ee01a3b3eddf1fabb9
NUP	NUP-9177	38ee4fb99ef012ebf5be0f7214b1ce9fdd02dff7cef1a5ac30dc80a92ee33e97
NUP	NUP-9178	247d72a935a7170709491e80d20ab077142e550effd1207ea970576a65d54d24
NUP	NUP-9179	df4f728892db04ef3b299ca2af85bcb8dfbacb70bdb8800d031785fb2b56abf8
NUP	NUP-9180	492c1f39497526e5dbe5de244f218bb2758657856e7687f1d073ab4c55a683c5
NUP	NUP-9181	bad0d59d47f0705313b051887eace917ea0069020bb96558487af200f3f1eca2
NUP	NUP-9182	70ffc71dda326159c4825b3ec48dcffc46dc5d383852fdd7a6db500f94be1263
NUP	NUP-9183	985b88877ff535304cc84a396295da1edbb99a6b6d68fa0d813e4a508ae193cf
NUP	NUP-9184	74c4df3879a9bd55f89bf3ccabd51155a0b9d272d324a7de2d31b21fc593a1e9
NUP	NUP-9185	a83f5b2a759c3c38b2e4f9b3c79d99fddba55ee1a3fd6b0f22ae6905254377d8
NUP	NUP-9186	35ce54cd02a8936ef1e4254abfa5156eb6ab9305ffcd785850a254f6e18f29a7
NUP	NUP-9187	2785a61a06747035cb7e007050251081d814ba1cb64da401aa49bcfd19e86c8a
NUP	NUP-9188	f5c5dcf8c5cf6bc8037e34ab7e6e6983ff68fb74939725a1e2b78240562cdefa
NUP	NUP-9189	2687aecc72a8c6ce9bcd742fc637feb8d1ad532690f5a870042666f2e7a48c36
NUP	NUP-9190	117fc97da5c40f00ee322976e975b6f2c21ee88398aa39ab5d0563ea4f76c44c
NUP	NUP-9191	926fc965c814bea7fc3d4e21d3ecfe9d2df84205f7109f679adca554aad6199d
NUP	NUP-9192	cc08104c3278dd120451320a6bf08839d16c0babc8c03295be419560d0ae604e
NUP	NUP-9193	08e2771d5aafcec1c67044a66a0903b268a89fb514440e3dc999abbb31c9840a
NUP	NUP-9194	7214de03bf6b456c200b665c0f9a58632c457a59f853db0665b35cbaeac811d5
NUP	NUP-9195	2739030fc2af3091e00bbc9ed26daf0a6ec29c9a2c02e16953db9c4bfd66ec6c
NUP	NUP-9196	95d3d70caddaa8f032bfafa5a76ecf218b3d00488864f60dc3904c287fc8a857
NUP	NUP-9197	562bf3da42ea460a98d77a6a610fc8a3edf88c1841dc30208704f114c9228cac
NUP	NUP-9198	7a25a2202b84a04435a79bc72482e8176e13c0aa9d5865542727155e7b8552c5
NUP	NUP-9199	a39364f7039b3f934e422a50a2f71ca41e0bce1983084804d1750752237f7ee2
NUP	NUP-9200	8ea4bd1a2adad3f663708ca3ba0895d0cb40d808eb4775fa3489fc6bf8971c0a
NUP	NUP-9201	8aedf0394cc0edc137412c28a120921f1b2795e85aa93195fa96b8b13254990a
NUP	NUP-9202	540e6ae2ff8f3b57748ca027ac6b3139a02b5fe2d2b3da3e18d5a9b3d3ded446
NUP	NUP-9203	5c24a12b13c4361218636fa82a4ba72e9afed85edfd14ebaea7e552f9be6d8a2
NUP	NUP-9204	beaae4a14be210c82e0228eaaff5f90c5499e1fd61e9345862628488472a5fc2
NUP	NUP-9205	76a60f19527e7eee1df89586c8ca0ebfcbd20e2b088fe6d4fce8cc31b7a0a0c2
NUP	NUP-9206	d12377895ddea766caac7d9ead5af0d889220c2838702e9f4ab519b5d71991ae
NUP	NUP-9207	00cdb21c00d55543aabda6a288275e695d838fe7e130bdffe7b68e06ef4db4ca
NUP	NUP-9208	9ebee70395b7676e6a0317b87484ae59dfa2c5e9e6b59e89c0fbfa6ba0900ad0
NUP	NUP-9209	d8df915367ffd8dbd4e4a311c6f3ee69ee6f9bcba44ab5036930349aec32179b
NUP	NUP-9210	16bf456967f8ab6793415e0b6518a3ca8a3849da41c94caeef5734a831bc358c
NUP	NUP-9211	07868b1686fea87066a2fd453ff42b591350cd65a533fa545141b2430ab6b596
NUP	NUP-9212	cee82314ac7e23d716ad43a5a846ca454115fbaad109a9ca2dc08a29a351a23c
NUP	NUP-9213	2ec99a981794a49889bac15532b48d1d6e1153b7809415ac91b2e6b7bf8a0942
NUP	NUP-9214	82c7d01dbe264f2380f02e0559d37c7dd456a0d5f100c09a1be00d078806293e
NUP	NUP-9215	6b639c5f4d55aaa07ada3412075ee4d6e2e4b27e9d1c570cbfebdfd0604ea8d9
NUP	NUP-9216	7112644a3a75a58578d391097a3fb938a3de3d491fb9fe2892e8b860c9d50c35
NUP	NUP-9217	ea83859d05a3b0ce3a93255b51e128ea179959d8ca37b731332a9fd38ab989a2
NUP	NUP-9218	e8e8ce4c48462d6304bb11141f6cc75023ac70dd398b8196df7e9abc07cba7a2
NUP	NUP-9219	2cf4b7b9a97145145af62d0a0ce3b25b8222e888283630397e261c945c5a1019
NUP	NUP-9220	b69c0fd26c02c808eef4108a34e4f27d781001305542f93b154804069ea5958d
NUP	NUP-9221	11555e6ade9f1abefc87b86da0e67c7029df4a6a1719d8d44be67e4fef135d08
NUP	NUP-9222	b6b3970a1728a66232d69b1b5bb54cb53ad060cecc58311ec44fdac7ac8702d9
NUP	NUP-9223	f388ea99960e09e83ee2f4fc47c8180688050a3f6f5d25dd6d6ac9d6e1ea8edd
NUP	NUP-9224	814be0519b70a61685724f9670e5e4f9443e5ba95bf116ba548cf8e956b57cad
NUP	NUP-9225	e5815335891f11f2cc5b91dcf9bc8235f1252b242d2105c795aa9ade00df7232
NUP	NUP-9226	039e3b64c191c4f7838689f33fcb5ad9708f610a69f407a222a4ab23bc78266f
NUP	NUP-9227	cc82eb3a1acda46e7857af030be221d877fbc0e39935e065605a052232ae4eb5
NUP	NUP-9228	e45dcdf1c51947e236dba286f2136e071505872c28352f5bd8b5d93ba571769e
NUP	NUP-9229	35d53cef455d3f1ae9c4e5df303c5feb8c73820317c2ca9877103059a5c3d023
NUP	NUP-9230	f0f65953314578c1d0c0d06449d904cff04fabac73e62561e50b25653fe2d97c
NUP	NUP-9231	9331fd99ae0d34f28c4571390eb87ffba90b609b9d111ad024c1227e4ca7ac26
NUP	NUP-9232	087569909724c9240ff6802bf89748bd6697d1f39551f5d830db8544838fe025
NUP	NUP-9233	35971b3a3134e28195bb386c7fd14439bf5551a997b8a22c5aa4d74e8f62903c
NUP	NUP-9234	9e7c80b6d03e46d158a1ce602e26fdce7cc815be74825098220d341a7d46f1fd
NUP	NUP-9235	6af012757655aca6b0c2e18ab355baa1aa4b04be6a45f9013dfac785ef3e788b
NUP	NUP-9236	cb527569ef6de9223698fb36aa0485769deb10489fa6eeef7e59d5906f7edd19
NUP	NUP-9237	cf1cc51eb49b8119d09b0c85efb493220f4d183353d0f1f7a384620e36c424b2
NUP	NUP-9238	b0a583e51d41ce7c2a4f1b34b8197914be8a7a984c836ea1eee3ec2164062de7
NUP	NUP-9239	fffa235a84242141ca9c89e652e75e6adfbad365677859386ff098d6b89bc9be
NUP	NUP-9240	f70f938ae16ef6f9a3c4bce23e7eb5a25978530fe35387c4ef2211f02e890726
NUP	NUP-9241	29a9d6f3f9ee8742be3a128283bd856656cccf5d3878582e74a36754a7fbbf24
NUP	NUP-9242	b806a167c0670f72d039e2a183c0333c8976c4c9eac0ca56bab6142542905cf6
NUP	NUP-9243	b626e8904e662d72a7691a8e16d72a8a729acea45e2faa80d301ef6875367b22
NUP	NUP-9244	06e78f9a009dcef3857d24428b7f22c87bd542da6648c33f04dccd859f9bf808
NUP	NUP-9245	ba2f1781ef3826b0e43e7b2852add71dc4e3d3a024ab3604b0e66934d0137a7f
NUP	NUP-9246	a6b276e48c261a555faa9668b04a4acdb3481cd244366c16eac6e43ae4f49646
NUP	NUP-9247	2bb9920c0d227c863e8855b9f6151bb64b954f2026143d8298fd37ef9b7e8e9f
NUP	NUP-9248	72cbc5aa76a5a9b64a8cabddff8b7a9f52cee89375d6265b94bb8ec53f457f30
NUP	NUP-9249	2cc002da5975919e19b3e8bde87adbd9447c263a4776dadc82d6c11a2db6144a
NUP	NUP-9250	155835ba135c62d7ef2ed34b623adb4c826ac80aa19998c0b83d41ccc16c2dc0
NUP	NUP-9251	de70338a493e6d72c94527d5437c19e939dfad271c381bbe857ea013dcc62885
NUP	NUP-9252	da46b291cbc98054062831577d8a951420f816018cc0f54c8c3b5c12530ca9c8
NUP	NUP-9253	f8a182f75130112160234e169f022ed29ddf7af65b70fa8598815f0db49d8c1e
NUP	NUP-9254	7afa62215b5aa8e0b82ae29ccb6ddbd5f0309636e03d7fdc313684c96fa0bad7
NUP	NUP-9255	11d961c41707956cb9107aa48c5cf5c99a5827b6a09c24f5fe48665b3facf197
NUP	NUP-9256	830d69a227f280d5952cc18d3a64b93ae2f8fc3414c999a5a7668fc81d086197
NUP	NUP-9257	8722f57d5fedddb9e1d6323e0b15ca37ba258dfa8c89501b3dce22f56334d96a
NUP	NUP-9258	5914a4b9325cb6d0dc5857305c6fecb00611a5e7926870c70066960b61782419
NUP	NUP-9259	74f6891e6eeb83844e498788439c5ecf05b9dcd7ef369d66d23b4e801c8e3262
NUP	NUP-9260	108bb4fa2fa2aaa97f65e0490ed7dd58f62a2b346c1117109ae3c72074d3e49c
NUP	NUP-9261	5e1cef4e48761e3ec25af0234e688e043c638f78e59b8aa8cd5ede49c9382549
NUP	NUP-9262	9a7ae38f1f37671c77fbf3dfe0ee0e6b65a8733b9eaf84962821984ee021301e
NUP	NUP-9263	537ac1e48b9b05e0c4815428ee7de0155d2e683e83d49e9d24ec9c21e7d6c369
NUP	NUP-9264	f5bed9e01bc04a9c56f5594f5f0afe7cd22578e0b3d10cb586172d824b13329e
NUP	NUP-9265	878b68e3790022942fb23408e9b8b5098e31e642a33a1a93688b239773dde75a
NUP	NUP-9266	53e6d1fc1f7879f519e7214a2b414d93cebf4440ef29ff2780a76932bfa5cb77
NUP	NUP-9267	d9f1ad0354de243fff9379e99613839c12eaf5b48f0f27e58c42f513b6c600f6
NUP	NUP-9268	bb59a0e128b6bcfa7dcc5db44424f89cdd1de7bd09e772c0f12edfa3ef452711
NUP	NUP-9269	92d4b8b02284a5745a40fc2b48f102209491cdc9d8751191cf363b1410ca1462
NUP	NUP-9270	d0cc5e5e3170ff11de8bb0e057089dc1a58e537c4622657f5ad4658f43a19d2b
NUP	NUP-9271	ada6cfbc31b8c1ee2e02340e1601156e08fa065bf8cbe067c974cc6331a07ca2
NUP	NUP-9272	4d019aa2e452fceec45ba7342b1fbef5d30f3ce5662dcb9a1cbbe1d34c30d17a
NUP	NUP-9273	28a50566b2fa1504323f294cbaf637af2c95b93ab2ad14656da9e687e84fa994
NUP	NUP-9274	212da14a268d3ffbe182272242fcd37671795d6743846aa4c42006d3f56f27ab
NUP	NUP-9275	458c88474bef1146a6d16e20f3eb838afc1c3eec0ac4061872726e7e9bd2376f
NUP	NUP-9276	442b8ced75414bcdb0670f259391941bff79225dac12aff89bfdb9b436843bb8
NUP	NUP-9277	2ac0e5d5c937890537befa1d6ab9a6096be9084a718cbc2557845e9e48a84620
NUP	NUP-9278	2660ae84a80b5e59bf3e8bc521353f544cbee023d127da48f1f6b25ae0ba1500
NUP	NUP-9279	8c75a5fbd44a3bec19cd454a88244a957e5ea21cc2ab0db83163576c8dbd9be7
NUP	NUP-9280	03320daa6977615341e0ac45a568f98fcc437c57204bacf31e546eeb020d14dd
NUP	NUP-9281	ded826f27e5ed3e44470d28e3414a1b498a08cdc78c5d464c20f037d0615074f
NUP	NUP-9282	5e87b15c99ed45f899e1fca8d73caf3d568b94bb6bde6555a786f17f404dd573
NUP	NUP-9283	553c2b58882a212d14790850a0e636cdad4f58d4d3a3afabf3552f48ec5aba18
NUP	NUP-9284	4bfdd2305687e87a7dee53df1b3d916bc2508219dcd815cf54bb6207d9078c47
NUP	NUP-9285	f748370cd5023c9ca6a9f4c215e19051c2c00356e2083f029f8efc02cb79d4c4
NUP	NUP-9286	30854080d534b41e55d0e35e3e976de34ccd9402fbcd0c50909ee94385796b2a
NUP	NUP-9287	a1d8024b0fcf58ddd87616a9b0e435bc41a924676cbad29cb5ad199b6aa506eb
NUP	NUP-9288	e0676796671933a42b47311c39143ed45239cd6e9600b40c23f1b9c67c89dd7d
NUP	NUP-9289	8c03a16b80855e0bed0b89b02b54177f98f2c2e89f7d76c62904d285dee88f22
NUP	NUP-9290	e0481206c3c324533c888161a0a83551d1dbcd31ba83254d32f07ccb25d3213a
NUP	NUP-9291	b0812d0719b1c5fe98397b1f3af95d792b0f81185f8fae9410f0f1384f07a54b
NUP	NUP-9292	ced19cfa56e570d22517ae4ee077f0856ae9eb3cdd78a4c686f9de78f6568d10
NUP	NUP-9293	6198dc2eb5b038aac8fdb64e3133db38daa4f5752d8bbeb2ef0955b425528294
NUP	NUP-9294	9bb390524e129b27d8dae1e4346943db6c30f9ff5e8f394c4de7ba2094005314
NUP	NUP-9295	06330b5938c492cbfa79210df6e63df9406f7d3631bfd67d5057ba180eebb97a
NUP	NUP-9296	028ed497d5c195a9ad8e8bff629c2d03abd93856b372c3992cb85da4405f1d51
NUP	NUP-9297	13818b443f5e1c619c2e5a759d4e8fd2485f4e33d24d88ee5dac5481f0c4b24d
NUP	NUP-9298	56d4446fd0857c877d27193bb98f542ca0ce548adb386538ae846f62a068936f
NUP	NUP-9299	41a153d56726091475628654482be23f764742cc6dce0d2305ae31078df2f14d
NUP	NUP-9300	14dcd2c37ac930c44ca585fbc23cb530208fdad7272566466ee5766cb2b2c3ed
NUP	NUP-9301	82ee23690d77b272412ab5034f45f26799f25e7ae4dab37e05789942eca5c06d
NUP	NUP-9302	30b7b2ca8b246a6ce2cebbb87cb659bf5d7e99234060e99c19f5fedf56b50d13
NUP	NUP-9303	04cedd54dc02de4f8c2bcbd471156170e83de99c2444676a3fbdc11de0fed811
NUP	NUP-9304	879305b2301741681cf66b40e01f8b2c167b81e825a9d5f8ec260e001205dbc5
NUP	NUP-9305	ef10de3bcbad3bacb5ea9c51fa67cb03f300aed2ee5838187d3a66225fac7f84
NUP	NUP-9306	40fc3f00a10e18175ad3be55245c7fe4c95217fceaa142786b860913d1768325
NUP	NUP-9307	b317e162776744d91d5dc117a011de3eb31f73042f58f4cf66ecf7383e04e724
NUP	NUP-9308	6e3b5fca75fe34f88e4f54cd32cbc1aec17d41fb67972dc9486a44c0fc9b4927
NUP	NUP-9309	4475920569651648bd209bd5a57059d590c7492e91bd7d86b18bb8e452fe1f7a
NUP	NUP-9310	f2e637f27cd4113c5a7cdcc359e8fcf4266ed7a13599c541d8fbff2e92efb4b4
NUP	NUP-9311	a63138c9869556443bc9e437ffb3bdef7ddbe808b8db9684cf547ece55563377
NUP	NUP-9312	5268ad163052195f0b4ec79def500987dc53b6948f05d61bcad0f3999b4f5e2d
NUP	NUP-9313	0cb2e90e3a3978f998e150a565602d45915ac3cd858dce96a81930cf4b783069
NUP	NUP-9314	f95095a1ac3c1dcc721878b8f1a58c183160cdf6297a4b617027678a11e3ba49
NUP	NUP-9315	0da944e3137807a471491067122a3968bc339fc5a8f0b07f39204fd753a32261
NUP	NUP-9316	dfc8f50babd4a093e66398ba0d1b4af64985d11dc1c4598d0d1593fab6334dab
NUP	NUP-9317	d88fc89c318455aba577a4d4aa70fef8868069ecb2c636c57df7eba7a63a5c53
NUP	NUP-9318	404472359d4aa8074fd36d391dad7a4f31f86aa38ac6846f8cfbac3630256836
NUP	NUP-9319	bd0800c20bcb1d4dcf69c40b48aecfbdf187ea205eade5a9d51e737fe5650bbc
NUP	NUP-9320	72e731ccf7860c83e3364d5425b3e94b12af723975175bf268aee9c57bcbe7e6
NUP	NUP-9321	3aab29cf1a1c81f880a5655e6f0f59b0284aff21e833245000f87e6d563e1a3a
NUP	NUP-9322	68473c2b6ae90aa996a67b5d3ef51fa907eceb608e356db229d82ca756246d47
NUP	NUP-9323	2e8d6942298e95b4594e4a1f06f1b8be76e1847f83ed862c36f642cad24169fa
NUP	NUP-9324	8a7737fda596a2365ab5917cc5f95680281facaee6c53ebab7d9b7f0864231a4
NUP	NUP-9325	9dee21ab12f9059d37ff05609fd1cf475ca5b4d4b225d019d5eeb53afb964cb7
NUP	NUP-9326	409fa02e9eea244cef026ea791a223640f03915355357cc94b1aa5d730d327b6
NUP	NUP-9327	8c41ab2fde449caf682ad36d2c40863b46186337febff28bc02983fb8ddd0750
NUP	NUP-9328	a93f088fa2bc20f3161a869ecc7a25bd73b5be9ada906c775d9e924f8b4959dd
NUP	NUP-9329	e523ecb1e7e26a827215539a08533e50b1e16bdd3697031772adffe616d86680
NUP	NUP-9330	c5cf88b6167deb41b74cafcb384af9262575ab99050abce1647317b219edf184
NUP	NUP-9331	5760f0d0228d7a5465814a67670c81152d898842faaf978c14adbf637fd5e23e
NUP	NUP-9332	9df2c4b4ded4aa9173e928dfc27245f6e1df7690aff07a378bf9b3cd4c26ddc5
NUP	NUP-9333	97ee8538eaba3eb07d8c9a072fed09d11179f152fd7f71770812d635c54d44f9
NUP	NUP-9334	130ebd57eb690f6713621dbb0c35827b69e2cc448f71258219ef66b58d47bb25
NUP	NUP-9335	1feab528c34d213183fc545c184e049efa5e9298bb6d3f5eddb08b2ae155db3b
NUP	NUP-9336	e3bc9e011e79cf2599b2f1cc7ac8e80247df0707b9900925cfbc88c040fa7ec4
NUP	NUP-9337	5d6183c28501fba4583abf3a71280974455daf933d8a2df676ab67a2d713e285
NUP	NUP-9338	579fa39c47e10ff0e2917e24176b3d23ecbe8efcfb745f9722342c2189f78c41
NUP	NUP-9339	537c71f1821e0151ec55c08095be5ba80e7e4ab4ed66670418109fe2d81e7669
NUP	NUP-9340	3cb0a9f7d4bcc1b6d193269a4b1b84d11cc51b2d1bd20eae455e67f41479f952
NUP	NUP-9341	9eee5081b48e73546d9a4bf70794c332d6347109430c725f92d852fceb11aa87
NUP	NUP-9342	2e7db9eeb0b7cf05970cbececd73a35af79ab7e93a04864a3be1002f31890ebb
NUP	NUP-9343	e2a85a41ff7bbc7cdac6c108b857be07168b8146fcf8336fcfb5e217552a3ce6
NUP	NUP-9344	3d0e09236103b0655c8e0822af8d7261156f76024a22b1e6ba90bcfc8652a71c
NUP	NUP-9345	d30902a22d492b4ed82bc61eea43b862cc64fec710521d8a5ee637f51b3c7e55
NUP	NUP-9346	463121ba966f3315f8a76b406e4d5039c340658f65448e398e54cf4317da8e00
NUP	NUP-9347	4eeb270628f3b6a7557e5c9f571077f23d807b096bf3d985880859c3889ed10e
NUP	NUP-9348	28afb2654558dd55fe3d22e615d46d7dc77c8e296b860817051149c80ea451f8
NUP	NUP-9349	23fcce360b617a5a1829ea6183ef45bad454e92a351b2c16a4c4b413fe019cfe
NUP	NUP-9350	c454c4bd49ee933e4116835402544c80426faf587910d439af3a36fd2a21864a
NUP	NUP-9351	8f17fa9a51beaf35cf3c3d06e43a1f36ad5de0188548ff1c9330ab3964b138af
NUP	NUP-9352	b4add0bbc63774f108be1ed4e719d1929699e712cbfa654bc0e51702d6f88c3b
NUP	NUP-9353	65626daa56c636d857352016cf721781f4a5be745a6a609cfb012acc5b988de7
NUP	NUP-9354	c885bd4750cf9ffe3454f230ce33bb0eb7ff0648c058f7bef955aa179ab492fd
NUP	NUP-9355	a170d53cb70d107197a6add5be95f0f91f09521ea1475f19cd9530567b12c522
NUP	NUP-9356	775ecc91b99b20d18ce5b8f6edcabd91f1c8467bfda57901cc4f300ce7d5c9e8
NUP	NUP-9357	8871bc844cee17900a14c41474bd9b76c67e0ec5c0fd92bdbd5cfe3baec36cac
NUP	NUP-9358	370c245413f6a32302a11f0b1f4091ea477e9180f823c844c441310cf499e8d6
NUP	NUP-9359	14b65cc9bb665d9e56b74d7a0a5791bd57589b7d3a8899c7959b0e42a272549c
NUP	NUP-9360	64a93175dc9c0ee7b8fbdbb197a4539f75c8d31dd89fba85c1b89d96fb97e819
NUP	NUP-9361	2d238bc760d4208d6dcfcd8dca8f25c80c6ec0c9f2ec7c6242b5b2ea7fa59af3
NUP	NUP-9362	de98c9317eba53cefff2e7570000fea4801e4b821678a9b41952bc31cf7c4bc7
NUP	NUP-9363	37efaf4e6c51a05bee022a30746a9e4b14ebdfedd641f78476ac1ac7c3dc4902
NUP	NUP-9364	047500316e4c9d46cf42a7bd2694dd91a17b77f891b8ffd4c998a7ae8ae6866d
NUP	NUP-9365	14681888b890a39fed04024ebbd5802debfb7a34a22eb4e56722e3de65277446
NUP	NUP-9366	7213e32db0d1501553b88c9fb8969dd8faff262c66644531bf7a975da4e656f0
NUP	NUP-9367	e6fb3ada23f62af8c93936cde7a7f73ded5d202f425f8c266835e009e9b3799a
NUP	NUP-9368	7f37bb892f3a95302723b23dc0572595acbe6afc8a335e24c96c3038bb2b746d
NUP	NUP-9369	9491b9801312abedd39253c9158a1cc21d4c49f0e926dfa68efd4bdf09e6bb2a
NUP	NUP-9370	bc9cf992e15d7f84da271997470f4ebe809339b185199de98c505aa22a8923d7
NUP	NUP-9371	913991b6f9821ca6dee4b36733e66fd0291ad6b7034651c1986c6c47f51fbfc6
NUP	NUP-9372	97b48ff7c549c0f486ab6a6517aca911b950d19c668d4017f472312c521b75b6
NUP	NUP-9373	b251548c1c945528bba75939df9ec9087de364003e4bed4935e94059d07454d2
NUP	NUP-9374	bf2cd98be7f0461b71eae50e0b45219fafbc5dda0040d2e2d4d6d1c02be47a0a
NUP	NUP-9375	09d3dce72b7d3e3e9ff092f5ab47aed46de38cf8bbd7e7f4958818e764933809
NUP	NUP-9376	8902d3275a085f01633de74be8187a1ec940a1ace4d004ddaf25360a8bb0103b
NUP	NUP-9377	a858c79536e407c3bca773554672ad3154b603befe8404e9ab822defca482565
NUP	NUP-9378	c6a23a16c65385b6a368cce0e9c274458d887ad7c2ffc6740404103ddee78044
NUP	NUP-9379	6533ddb1b8db0f0d49986e4780af1d17f2960e43e8d7682c853386375f5d3660
NUP	NUP-9380	e91bdae85397b21957250efa2f4f5dc40e4c4814b003d0920d0be65371084006
NUP	NUP-9381	bb9f5bcc0983700aa391dce0445869e16525dd2bd9aa63d8cc8449ae31a9a71f
NUP	NUP-9382	67f824c13c21ff3addee2f9eedb400861c44a068e09d590458397bb892697c14
NUP	NUP-9383	36b2fd063ebd1df6f1f35e7f1eefec9e074dc037074f061c57d027da3f45b4cf
NUP	NUP-9384	3a357c6eae2d658b5a0708d8b768a2e875bded96bebe3c7849777f900e47ca91
NUP	NUP-9385	7d80f5b0832f5ea461e1f843b158b6a334c4a93c8783a6e68cd5eb79588a1c51
NUP	NUP-9386	5e5adbda99f44180cb5d4e783df01bde23e23d98b2e376685a00cbdcb69d5e8a
NUP	NUP-9387	ebfb48c8049df9da8b1c51031c8559e0a48390b4799842f2e2221b04181a1fc1
NUP	NUP-9388	d620b6e64fbbbcfe52268cb3518e13eaf9ae8e60ede2774073524a016fc3a661
NUP	NUP-9389	88eaf56865e9a3260bcaf9a388e7349f3f2a8251083c8d1596902ee2340371ae
NUP	NUP-9390	4528c8218c8e067fde77635d9885c092da07c265ceb674d4e37fa29246a682dd
NUP	NUP-9391	b3fdeeacd527195d4739c6f7c3d057c835a8f85bcaae292614ce0cc2aa9a320b
NUP	NUP-9392	3ee1fd9223e8ef1f882f2cd9bb3f762ad9ec7d63db6d0195230a2e869873922d
NUP	NUP-9393	81ff415a2cef7d096c8c5aae4bf491aac5e12f68ebe171f6ebcb8ba4a13bccb0
NUP	NUP-9394	2795c73b513057626389ad793df960b759e82598145f6855ab4d891ab58e9b38
NUP	NUP-9395	d0b85ecf1f5c2e228e6ff78b9ffbad0b12436ea7c8763d46303b73e7891e3a59
NUP	NUP-9396	8dca8d06a5dfc5481db67e2b29a1377f28584aeb38ad5f61b283abb2d58a23f7
NUP	NUP-9397	5876a53e6a28a36ea07ec88bdee435654db19fad78e3a9050067aa058313c0e5
NUP	NUP-9398	1a42a1b1325b7c396bdabc1761f059026d20777a5e6939c8aa1ec2b2b104668d
NUP	NUP-9399	a062a2e320bae7fc8dbdbf1bea15a884cd3a401edb4a0541a9d9c02114c75881
NUP	NUP-9400	0d71255e69b60f0dd93b9121f85119de3fcfe25121f1cc628310308de2372486
NUP	NUP-9401	03caefe47eb189f3e167b382d1e14d53ced13f97ecea6c98355b230d702d36aa
NUP	NUP-9402	a3ea9c752219a97daf4b6b1e9fcd74569f39b53056b355fb40d09b1394029236
NUP	NUP-9403	2bf392ccb2dac69079e421554e8ae82d2cb1bf5ba4d9b8fc813dd511880c20cd
NUP	NUP-9404	a4efa6fb6c13232bfafc3f80aa82337b08f7df7fe650c11b866d425ef3eabd7f
NUP	NUP-9405	2cd742632073a57dead8cff67481ed5c2e601e6ce707df27eaa2f6e8077eca4d
NUP	NUP-9406	41f9b45d5ec830bbe770c8d58ed04e922db32511696248b91294ac98d5a55b26
NUP	NUP-9407	cc9a451c51c06abb83a9ebb87910da4c455294d2a40b7da3752043cb16774ab4
NUP	NUP-9408	b520a773e1e902cc1e81462ceccdbc51df053e949ec36b1fcb0e8cc6ecd66483
NUP	NUP-9409	1dff281a6718b54730dc0d046059b32a69b3a651ef7681e49a73d1ecb3446416
NUP	NUP-9410	528ea92f077f44a780fe5a8773142a96b4b5c1dad5e1d1f4f2f5efd2ab4b45eb
NUP	NUP-9411	518cd6b9655aa4ae198f6e59dca3493c02e85ce1dfc1dc5c381018ff5c8ee089
NUP	NUP-9412	250edf9bf22dfa9ad522640e53ced971210ac897e7ec6668e1cad37f85620405
NUP	NUP-9413	fc0c3fb213b5aa7119e127c46784035cad4a8d0935933a3428fdb1c7a8280efe
NUP	NUP-9414	b9cb842abb1cf65f356e7a66f62bfbaebe681ae9b9e88ade4f3cc0ae46a19332
NUP	NUP-9415	36177cccad1fe1852717153ff1e4930190e34d7d231261af708394bf126675ef
NUP	NUP-9416	b318d4b24686201180c41fc6e342ef05d5bf0a643764b05f43d9d1382ec74f2d
NUP	NUP-9417	c5e6249bf62ccee63842be7f73b64eb3d51e0e7b76af085a9b380f769d8f99cb
NUP	NUP-9418	72ad2bbe0b3bd3d5485704bd1edd1248e5d01ee570062b4e45955e4f7907079b
NUP	NUP-9419	e0ff0012427f803353dccfaf442aab9dc0270124d0e548d82d5dadab9097afa7
NUP	NUP-9420	e978309e5ff6ba8ba9b7782eaf24be5f571ffb59ba0afdd887ab696fcbaf6b31
NUP	NUP-9421	573c9b9b99c4672dc89557de7fd481d916ad65bdce1b2c77d02352d8412d3bbb
NUP	NUP-9422	7a5afb12fe59f0bebabebb4f58bd743a8b2649e6d1fd6ea153634fca86c90b06
NUP	NUP-9423	70cdf07a288ee109c3906074ca2bd41688f5a805e745a02a2852add79362760f
NUP	NUP-9424	9bf67e003c723561b719e5222ff1c98748f1bbeabe796f1d16458e7d339d8d9e
NUP	NUP-9425	0b6707f0295013fe5aa945535857c458aa137681a208974bcf85c18e80d31346
NUP	NUP-9426	f790024a9ee15e6c10bcf6d78c2d6496fc17c0b25adb31db15ed33bc5f5332a6
NUP	NUP-9427	554c4d25cb49ec29cf8ce4c625a54aaf0d7366526c012d764ed3f49a307c7132
NUP	NUP-9428	c4598f57d41a4a02de5b025228fb044054cb194df0883b6fd08180fdfd35060b
NUP	NUP-9429	9aa9534b2c3f77a819ec7cf92d99638ee54849dcbff5c94b68dc2ffbe254a9b3
NUP	NUP-9430	c7d22e425c0439ab5b4e1300a06373d7d2029821b55bf542c3b8f45e4c1f223e
NUP	NUP-9431	5404418005e257f32eda04c525e7283929ebc389f694d3e44d8cf9b3d2ca2a57
NUP	NUP-9432	2f7eb5ecf11be6636f8aac397a3aafaf44c2d17166b9a3588ac84f7162f1b50a
NUP	NUP-9433	c4da0d84a7016b0baf662c4242d5aa0d3a41306b301890e498bc6f073c974e44
NUP	NUP-9434	2d9edc9f2ae2a364f13069da1a1d3e1367b8d3bfad25e5c34cbd10cb8b3735a0
NUP	NUP-9435	e644dc3e1c49940d0ddd3e19efc26fed62819ff01789686a77e05e29961a5d8a
NUP	NUP-9436	b4dde2e5dcd74f9f6df8b741891c345fe355c794c62d529ac4c886dc4092e377
NUP	NUP-9437	1d96ab5c44b123aea0cbeb574ccd47c7d42b590d6d1a96c9afcc7f9360b60ed7
NUP	NUP-9438	708a3b99ac4be1269cdf5966bdf48188b4b0af62bafa942b7888398fb7994aa3
NUP	NUP-9439	d1d3b4c892191f7903dc8276011df8c8b9e3735739aec1bb24174ca9e1911482
NUP	NUP-9440	46291881ce4bbab043fc8b7b84daa4685f31ebbacacd91bb7178a87ffaae5f4c
NUP	NUP-9441	1af748701a718d9e2a9682abd87ac6e3b7a1cc5f70cb9c8e79f25f193ec6b5f7
NUP	NUP-9442	7ed32f9e4559d6d7a9e11058e9ebf34617166cec437be64892a214dd4bd5dcf2
NUP	NUP-9443	8313307fa9b48f9949c7ff41a4808a6f0cae391ff5c8118255ac9939dc81b761
NUP	NUP-9444	6b38bccfeb26280ce9e7804da5e3f0d39a23374d70e42ee2d59898b977b80bb0
NUP	NUP-9445	710e5e53adb66d2c6c1c5abc77497422178246cb7ea92908f74264175d50e6eb
NUP	NUP-9446	cf9ead99ee1d9cf0b2b16299b90c2db2338a14a363879142560a33ecab8d120c
NUP	NUP-9447	713880b805ec63fdaf6fb91412adf30b75d1c225d9905dfe95997d59ff444b96
NUP	NUP-9448	e247cb3cb39b28e944f427783e22a8f6ddc21719542ef817180b15bd2651a86d
NUP	NUP-9449	d2eb3c421278647d878ea793d8f1836bcb8fcc795c6af02603125296617f0171
NUP	NUP-9450	b34c9aad3310f84135365f36875ef6086ee868032e006574eca9d42a0435ffcd
NUP	NUP-9455	e19e5336b90cfc9f6079c627f2e3c4c0639c3e41aa44ded0fb4df070820ede1a
NUP	NUP-9460	a472a67f950ff81d331bc51deb98daff3141249ddcc9b1894a7ede5aa67648c4
NUP	NUP-9461	5718742f1678ac47af36bb4ee650d74612608a9896f576517e53d92633588925
NUP	NUP-9462	03d775ac3dff3d3b098b379dca203f377a4adafe226dc22e5950931838df74ea
NUP	NUP-9463	aef19b548f5275c0a71e3c1ac07bcb19c83617a41e895659c0333832d961d5cf
NUP	NUP-9464	9f7189b3018dd58bc93a2effb71371cac21d06dcbe58802128f3c23ade32d7dc
NUP	NUP-9465	fa7e4a80854e49dafd53352840874fd886fdd0ebe833d57bcadc29264d6245bf
NUP	NUP-9466	a36802e8bd85ab29cecc74b3b182c04881a13aad866305183066e08805983b7e
NUP	NUP-9467	10bb23ddf6049e079a4c96842865a8292c51c62dddec5584c032754a7ebcccd3
NUP	NUP-9468	8bcfe7aac67fe50e10282a8bd8a694759e14dc30442c223ad8b04ccee0d22e37
NUP	NUP-9469	dd2df3210400670fc2e8367b752d8341589ff00f47ae4a244eea9d291b71f506
NUP	NUP-9470	da2bdcf795b7d7a814824d1a78ca9f77eb0fae275774785f69621641bec2fa99
NUP	NUP-9471	3b5dc6aba1958f1cf8d2051cec5a54e91a1137c1a763b0c3f94014eb80f967a2
NUP	NUP-9472	bc21faad30ab656d09168a1e017a7b8de8bee55c10f03a655be79dda7fca88a6
NUP	NUP-9473	04fb1434cdbb004a0ab1e6bef02c139e63d64db066ae93e3ed4669fd532c91af
NUP	NUP-9474	f7fb70d648e7a8832d810ab7ee1fb0c7451722778f1bcb781f29f92fb33bfc73
NUP	NUP-9475	4f33eac04ffed0eae0bad14fc664171b33ffc4cb10f813c66d33deca96a7c00d
NUP	NUP-9476	92bc4a2e7a6f8b7de0843a457ae58c0726334f5e4304e3b01462fdb6c4352e54
NUP	NUP-9477	f8c19bda5ce26daa1595a077631b64a76724154f363f8d2f76740b301fcce8c5
NUP	NUP-9478	932be9224fba0aaeb3da3956971bbd730fd8929a776e28bdba9cc5d7d70cb43b
NUP	NUP-9479	73ef6cbdf81d4e3ee2c747d9d15a5ff43da01e3658bd42d592f848f1ca99f73a
NUP	NUP-9480	effb0748dff66f4d8d5348a916ac478ffa9ca77717f275e31af6be6206bb9707
NUP	NUP-9481	29f91f746f8fcec51333e254a1da035baf407c8b8fc846f73378323fcfcbd16a
NUP	NUP-9482	4fdf44126f7571cb90e216939aaec3cb45ab790ec86fa71f3f84a50971dccd18
NUP	NUP-9483	66ce0ee09c9c71e5d70e65c5a583f7df5e8cf5c69db4796746af40b110bb1aa3
NUP	NUP-9484	0251f5b8b1490676858d4a39d8aeb84592aa9b31835198aa6fb787b3798b0672
NUP	NUP-9485	d155ee7299a90c9a2cc39e05c2db660ee8c3c2e934031019b046d22fd5e4129c
NUP	NUP-9486	c7708a7dd06157e8055234318689091e72288d3a92dd7567277d95c256885e08
NUP	NUP-9487	ebbdea1d46a52b7c05c5e47dd919cbf9d4d0614e68ceb9011b1f3ea4bf14cd90
NUP	NUP-9488	cf9e4d9893e80324b1bab5703328c0aae27ae3c237d5b4c2508b82802d39e177
NUP	NUP-9489	4b97e75122ab71dd4782f89566e19337f9de46e31d2225b49a2ad474c8e74ade
NUP	NUP-9490	282887080d26af2c6d614ef1e8f6d1e7000425a9606feb47c5ac27d37d6cec35
NUP	NUP-9491	6fba8300e6c40f9a6d1490039638753df94491902cf071016abde90fe100debe
NUP	NUP-9492	aea64e538ac97d4b96acb31e06a3af258815c1449d0a36ca92e97a219da60b98
NUP	NUP-9493	341692261a66f9188b64410f58cb086fa5b16a6069df15552fa49ed8047611d2
NUP	NUP-9494	346007c8bc7528bf65c20d571a4d4d445a13f271e50ad6a657d69cd745a3241a
NUP	NUP-9495	ab0219d8cf72040131a03476b580f3c7e0faf5fa7cb90b56cc9c74e1d0f498f5
NUP	NUP-9496	660929fac7871c6b088e1429e38532775a1178cda8206ce27b875918776ffd6a
NUP	NUP-9582	c39c0a90ae9b3a705f6e5b659d37af8af6400b8773b2a40c12eac0c77e0ee3c6
NUP	NUP-9583	2eb4fed3695e3b8d36dcd6fff1800eaa9bd4f111608fa31fd052e1f2a8f34f2b
NUP	NUP-9584	06566a0d070371529350d1602221d9f875019b4793b86847ce296a95dc6d0ad2
NUP	NUP-9585	1257ef8263a6e08fff3b7ba16a656e1c6ae78ea2b2e9bcb783291cc1df6f8d46
NUP	NUP-9586	d35669828855f9f5227e7e2bf6d119559cfe10f40e360db0ced953b55a381d23
NUP	NUP-9587	c8259f164402a6781914a5b5957dae2f6818003f71673c75ae0dc65f3d48a620
NUP	NUP-9588	9d0fe22927be642fe277c963b7807b181ddba597dc14da2a068bcf6a898b0c46
NUP	NUP-9589	4debf3ae006cb68c981d4c8924657fda1bb76e963261ef1c046c96a4e0e63881
NUP	NUP-9590	28e62eacf5491f23cf24ef6b36ae6d9a05a5bbeec3fa6bb5f6f20aa128da09c4
NUP	NUP-9591	3399132a6b5dd97472e010db2c93c8ffb6057266f186c32243b271bfb8df3117
NUP	NUP-9592	5e1ac28d714c32854c2d9fd80236665fc5ab5d32cd2212fe443291c59d1860d3
NUP	NUP-9593	d4366ad0bf5dd03c96dec10bae97d9bc0eb198e544367e35b58d374cf8e27054
NUP	NUP-9594	5b04e9a1c00bd8857c671e7ab5376493a20ac29a641e29b5942eb9f4e48ed555
NUP	NUP-9595	eab5adab4e72d210a9eb32957986581f2ca000543f7a19d8eb4beb049d99e097
NUP	NUP-9596	2dd2bf78463cb7d0716ab3ef3614993c030cd968561fd5523cba461dc58f2adf
NUP	NUP-9597	d1063de14048ad46e5fcd64250080101a0c679d9e7727238f8147ed231ecb667
NUP	NUP-9609	5658613cc62e4bf463bc04a21bf94cd63b013f72d4dae234c35d4bc726f3fdff
NUP	NUP-9610	844b5775f88c66dd8f89c3f38dc64a40839ae8c67f5d7c0a6326c90c698bbc42
NUP	NUP-9611	a95d013fcb5e3b71fe869472c9146333da74b6c80ed574458ef607146db6a697
NUP	NUP-9612	3205f538bf42056854a0e54bf83bedeb51054c921d0558d2a88ebdce9b438c14
NUP	NUP-9613	f6cef4c83888655d0dcb2879b4e9762ab3917dde7ae20ca73e9de947d9079449
NUP	NUP-9614	326a3a4e845e721bccd2c4c65fbbea60e023745674426543b154e4d38b39489c
NUP	NUP-9615	a99c8a5b5b1a17bd4bec2781e765c64baa5ba1bbbb510d519e2419f2c6da4c1f
NUP	NUP-9616	2d8edcafc80eb841cf92e54660e4335d9a4bab772c841c66278f7f1ef74f6b2f
NUP	NUP-9617	e3916405411c7a54f27038e82ed31061d047f5304ed9df013533b1d21faec8ac
NUP	NUP-9618	bcd68c37b4f04067ab6097d613e11f5a57c4cb801f8b5eba708ebf0403662410
NUP	NUP-9619	66ded0441389cf140a3e5dce6e036c20fb10a66036b555ce00ea0bf0781197db
NUP	NUP-9620	dde87e9237969e101a7c36222aa347998c01ebe8b5b33991bd9bd815a7b436eb
NUP	NUP-9621	9901164a1af40ab8f76ce7a32df2f3189f874567e6a8d05332505dee845971c4
NUP	NUP-9622	b4e46fe13994f925118288ec8eccc37419df0b904dd7319fcae4fc437a3d5639
NUP	NUP-9623	1adfca1ecfe31c3cdb94eef3806bc19acd2199f27e1cc38975c7b8332d9f3b0f
NUP	NUP-9624	c677a2545c1a737448ffe877a325eb83647fd346177cfafbfb199edd49465caf
NUP	NUP-9625	ca6b4f77b76bcc32a03602e554a082aa536ae882d0a917ab48bb5485eac96563
NUP	NUP-9626	b9cdb5c74b95d43ba3096f874e8c78cc49e3341a34799a03a0092edcffcecc79
NUP	NUP-9627	9ef6da79587d2a77b80be31ff6c670dfab0ac8a1483ca7652a18a2afd3bcad86
NUP	NUP-9628	717e8cd16480fc2a7d65c09035d984d4d328b665a3e8fa55528e0d436877684f
NUP	NUP-9629	1d0f1fd7e2c8d498fb0fba2d1f915f46daf664123324459832f61ec4f28add94
NUP	NUP-9630	4c8783308f6d3c81380d0bc16c569a1ca275bdfcc5824a49c78b05e4b5ac1b5c
NUP	NUP-9631	47b5a65b116785a583d724e7df4b6f4d280158fc5f968ba93398213125790ebb
NUP	NUP-9632	bad4e98367a30d24f9217d50a7dc41f9c94feed2109acd7e9e2121d80aff5edb
NUP	NUP-9633	022c1e05f776d8b74f5e9ae3ad023d7199acb97bfcbc2a728c78cc0ab5eb5590
NUP	NUP-9634	52bb4796938ab4f3e0ac43c694d4af07a4f6a696dc03809d021edd25e28f01fb
NUP	NUP-9635	c3ddccc79562f13cca201142fe07657511310a259e1fd69c25dbd142ab00c45e
NUP	NUP-9636	3b641630ad938c2540336ff28f481ffd1fa959499724136e30513b360219793a
NUP	NUP-9637	1f8bd0a2af5ea66a0b05b8129a9737f14c6bffeaf606caa3f5e3a7e823c7d3d7
NUP	NUP-9638	700c1592546c0674cfb9b0bb73343e9d4427bc81305e1993a13a51db86b1be1e
NUP	NUP-9639	1f0785964563640711692839e0439e337e2b1b8df07d93085fd08050572e9151
NUP	NUP-9640	f62a5b4d4ac524bb3f69e2934fcaa0a7fac5c58f246119a5726d26ae5b24b45b
NUP	NUP-9641	7c77177eefe773e8f74fbacd715d7c94422b1c092d192976a757409ec7b24e14
NUP	NUP-9642	949cbcad7256d3499c089d4cbc8a4a23700c91ae181d2c5393d568be391f2c25
NUP	NUP-9643	b297cdc9d6afdf4f3b250e4dd4a584b923cb9dd01453ee8410325c42e1ee263a
NUP	NUP-9644	2ff05e48ab9b0721a649b89817867b34e53cd8491d0723ccbbbe5b667e504213
NUP	NUP-9645	e0fa1b74e373093e3f1fff0e102025bb0d34c0075b821f96a275a58b27d1ad0e
NUP	NUP-9646	2cafe9d7e64fbd5be572d624e4855738882801a1ae022241a6670a7d5c765559
NUP	NUP-9647	26df02c10cd762123448d20264f8488900694969ce4f2c20d8a2bd1b390e685b
NUP	NUP-9648	8c2ce5b091437a6ace06b8431be7a9e8c8ae85ec0bc07af0881176a5dc4191bf
NUP	NUP-9649	c2e35651bac801e8b8763a1fe6daa2b8e2a7d8efe2f590747b3a885da5139fe4
NUP	NUP-9650	1ccc8c799d10132f0d42a7a9ae71f01bb991880e906213efa23aa40f93bdf7ed
NUP	NUP-9651	48e4bed5de73a09efc44c924a7233162b9e2f503bfef0bdd2597f198f70ed01a
NUP	NUP-9652	4f7dcc1e03c9ba9cf2d1a52fbc2789a137906f5dfe4940ccc2af2e00515da924
NUP	NUP-9653	294f7ad67d282a3eba6aab8d5ab03e4c2808e8c6dc708882953a3d93cab6182a
NUP	NUP-9654	3408d9da16d9e96cce1960e88e59ed3bd71ffd9eb21dd5bd3b5a2772b13af0dc
NUP	NUP-9655	2c992750a899014f1ed2e30a41063adeea4f5e61e08e0a72f3f8834eccf88744
NUP	NUP-9656	526e3dbfc36973e0062b00f1f467c4368562cfc3dd22dd0a8a425973f43919c5
NUP	NUP-9657	d303beff8a2020c7f87313b72f1c64d93dd87ca1d575b2d47faabb4202f7594c
NUP	NUP-9658	24f3d3542ee579d35226889ca36c9a4e7558cf39e3fa348f0d287fa09d8576a9
NUP	NUP-9689	88ac551cdb8dd8f7395b065b6dadb95af3a5c596298d032316b4a0e61bfd2534
NUP	NUP-9690	d2f03ab58e2ad43bec9de254de60f2718c1ca6c3c62ea97410fc71a746eed6ac
NUP	NUP-9691	65c8f8e3b0fd9374e8eea17c57534aed0e4522e20f354b0f0b7b82c5bb01cccc
NUP	NUP-9692	821e97fc35c9baec89887a9a2014fda094a78076e5a5a0be35d940fa89373ab3
NUP	NUP-9693	9acf0564cd4df3ebb259f78c921c9f7ed6628a091b66d4420e90bff51377fad7
NUP	NUP-9694	8c6a93264f75260057ef6e8a0342aa3f505575a2f69cf478ba0b88921fb047c0
NUP	NUP-9695	d1c0889e351d615464e229de2fa7673dd773658457e206241eecf1811a88ca86
NUP	NUP-9696	9d7b51c2b6287263d41cd5c10ee5a13e6b9174c3fc9a550ff503c25a28bb090e
NUP	NUP-9697	b2df10dba49cd51717d8c398f9605a4c8aa2957f909d9bda40e0f1db61f3fa87
NUP	NUP-9698	1817a7c18da864fb8cac02bef5349d694ce73b1d454972a2cbcd1dd64f8f792e
NUP	NUP-9699	f0e4ca25e72cb1efad065ffabcb629d6b356f2abe7ae57d6fca94ee3bff1017f
NUP	NUP-9700	439fcb2d2db177a1cf0f385fd6d65442215ed55d06b1cd2d50933d6cdf483023
NUP	NUP-9701	795715e4e16fca551d95e56fdc1190f811abd46cd44ffdbc58acb0a0c592458b
NUP	NUP-9702	22928c8f38e9b77dd11b2b1e58ba5cc5c84a6b4d2ab27dd5225255db20d19980
NUP	NUP-9703	c51965b2954663721ac022bef7041898f7efd799196ba2dd8a638a294934e2b6
NUP	NUP-9704	f3bf2f6399432adf70d661d883f72a4c8b2abb15a13c7d3da29b1cb7adf21879
NUP	NUP-9705	30d88266b7d7808f1b27229c20f4022da21843684350b8be42c3ef15a6c2af45
NUP	NUP-9706	31efa12a57d52ed8b8f7a5b9ad86ce81d0e2ef76d1527436879332a0e42f2190
NUP	NUP-9707	048c6dc7f42fed51ea842aa1aaaf6aeed4b6ccaf0d50377775bb58a85c0d45e6
NUP	NUP-9708	30fe1fb03be43fee57a73d389f73811679f64d43d931806a8b7b52c1053df3fb
NUP	NUP-9709	3b129ebc3146e47b5027862645530dc4634ad605058c3bf142e822e2614c0c2c
NUP	NUP-9710	9077682815d6f54ea9619c1b3f515cc08d4cc6afb94d8b0dfbe0aa80a1521ecd
NUP	NUP-9713	a904d9ab15ca67db7b73d6b7cc024c4703fb567b913ac9d26443d50fa70b4fb5
NUP	NUP-9714	d7dbe79e1cff916825807f77e354134df87b7448c67863111e992eec9db1a6ef
NUP	NUP-9715	e1cbd7c020a424d025f88e99f986d4b56f95a1057fbf53200bf79d125de22cd5
NUP	NUP-9716	20ef026315b01c9e4b7c13c8b5c629647841991cb7d9750a8dd0291c346b5b24
NUP	NUP-9717	7c45607fca625d813c07492a0784f5c25534268b3a21ded31dc8051ac27a1713
NUP	NUP-9718	325821e3cfe1cac982f8b02af2f3caa98b86bed65e00c04ae3058f99dd7cba4a
NUP	NUP-9719	f0744da16d2c9423e31933ab9b71fd9d17706e2f45b1462da4eb7a9b06eb4f20
NUP	NUP-9720	beb30dff17eee3e6b9762679bbb7bf3aa91cbedd2066eca705c13450884097d9
NUP	NUP-9721	e21da4193f8af4f7642d4f3e6ee0a5b379098dc1bb3dcf14e8d234d2d094472b
NUP	NUP-9722	f51f623f7e1d49d0fada9ee5840937ee57852dc16b3d281648ed2a1a84082c2f
NUP	NUP-9723	d60ab51ba092c0d39954fc7184ebbff7084642cf678aae337193e327e1003da6
NUP	NUP-9724	e2fa25f4cc3d4cd6fba3fb67872b7fadbd6a7f80198c42d39ce8671c714bb9b1
NUP	NUP-9725	73ca1ae5bbd0854572f83da943a7db2a30ab0e0cbf4234c3b823e2cd60c88060
NUP	NUP-9726	30afe1f62fffd481e63b2dd03dd071ae8a4857f7dd33a4003c1b5fc56ced54cd
NUP	NUP-9727	1ed9d07243ea827ee18448ed6346f5ed34e1d886b5160496dc52cec364397a07
NUP	NUP-9728	7c8b801b84cb030870b5de96f19eeec3f6bed76c2fc7068d6732d3b8528a2d90
NUP	NUP-9729	978e72e4a2e8f7fcfa332f0e2a2081452752e3781fa6656ab20efedce4b6d8d3
NUP	NUP-9730	f6e71714eb2de61c43829fb740a34853527cf0ff11687acae173a145890ab972
NUP	NUP-9731	64d597df04687bb23233a47e3ed144db71c54ab5750322858327f340004f662c
NUP	NUP-9732	ddc2a830000505c45900b837e2fbddd4f2fa3d04242011e805bfb7cfd852b0cf
NUP	NUP-9736	e103baef6e2c3eaf540fd13b21828da00a172afb152f169a458db49e9fa997ca
NUP	NUP-9737	72578c80ae1d33a729411dfb10fd90a5b47ad0e159d4bf7a51da1c287d73762f
NUP	NUP-9738	f39ffedd0e940a9aef3ba38858a5b8d51349a417d1624afde4ba22cf861b2b1e
NUP	NUP-9739	f917330d36326b456e509fd74e071611b5ba75b171a5defc294b054828acba83
NUP	NUP-9761	83651021f385e37e16db17d9e0a041986b5f4ef840d31a3dc2a07b46afa45ba5
NUP	NUP-9779	a1441c3be60ebe3b4fa5aca37e1f012fb6a74b02de279e8969dc216443f69d94
NUP	NUP-9831	3137959d1df4487a139c7d3d376efa624569852b2b0af35dcae56436086529ca
NUP	NUP-9877	9fe51aea9f2c7034d41599b2187f5a11908c830e42609cac39840a90b4efd618
NUP	NUP-9899	3e80c91fe6399c01dba11014cc88906849e48c5416d41bc66a39029b04a10e6d
NUP	NUP-9900	90a39b9e3b4fc18313a1106e243a6e0e895fa2bb00ad602b5897e0dad69ad493
NUP	NUP-9901	4fcc2bf367b4969153ee026fb0881ce66da5e45cc9f5c0e8a97770f99a0a64ef
NUP	NUP-9902	b2b55838913118f51f4c4b34ecdf9ab15dd651d23fcb477573d4e72eb4a5ea21
NUP	NUP-9903	8efebd9f8f7d789a16b1eba1434482b309dd267437532a6e718bf63e7f74dec7
NUP	NUP-9904	899d29d090b0da69257f07b35c3193c89559adb2aeee8e274b60224dbaa444c8
NUP	NUP-9905	ec1d689ab61d8c57303d2832aec51e56bd333b86783f032ccbba2e14abea0152
NUP	NUP-9907	b5caacb01e39ce82a32568011a220ce58b43259ad6f628e486d390278b7a6428
NUP	NUP-9908	91fd9e1d75ca26135094ab8b7d124657f7e01fad927f41ab5a4ceead8c1c21dd
NUP	NUP-9909	8c0b4006f569966d7443ee7e81a7ca4fb6d0509b663739b0693e75f8b4db8681
NUP	NUP-9910	e42e2e60540c9371b2032e930e6a788af5cfe0f8a2e4943c22a4d23f22398700
NUP	NUP-9911	d2fa0da79687fa13640b7410fcc5e610643d02a5413be7ad1b8c627573b7a5fc
NUP	NUP-9912	d32e6d1e4633e1c591bcdcdb3de53f6b21fb39399e66b4357dc9f78959aaaaea
NUP	NUP-9913	029230c3c384c2e978aca92ec66cb2465aa8e53ff87efe4dc6e08c09fa71b8f9
NUP	NUP-9914	c91c778f659012d8ebf9f6c607d5cc6a2bb34d18c4c7a1556344d30381f31e72
NUP	NUP-9916	d2c07908e9488bed646de423b4e82b2fb8efbf8fde2f648691c6963354c3e5bf
NUP	NUP-9919	487064fa9cef2f3208123be6d054e6f6256603db41bba02c3b141aefab14e6cf
NUP	NUP-9920	ecd3c8a303c781a1828a1c850cd54953385961ea8f1c0bbf877ae574102a022d
NUP	NUP-9921	6625a65a0c80b9aa03d4cbfd6e8f5ea1d9f17a076b3132ef2b6467056866d508
NUP	NUP-9922	5888d84c9983a15fd12d959727c573523fb7687656377c25da36517e9b951580
NUP	NUP-9923	272b271cd31d0736002612614b17b2b9e24846dffba2f558efb5c5c07f0cb635
NUP	NUP-9924	6e491a8ecc1c94197ea72766025ce62048b64bdd96568affef2b8938a530d154
NUP	NUP-9925	9bfdae1ab866a061bfb3c001888ab27556d49890ddc6e379bdbbdcbc1f78a8cb
NUP	NUP-9926	07f67f9b7f49e3d2f44798e1a142ae3ad48f3413ea03da3efcd5a6e84fbc55a6
NUP	NUP-9927	97b2e4727399cd90359efe95099ce60d3b86542c48b339de3c0fa332339f1fa3
NUP	NUP-9928	542633fa00361cfcf9c2c6a2dacafa6a344cca3ddf112f338bbf01be3a6df968
NUP	NUP-9929	1c32b73ddc583f173795e662cfd793dc54fe1247eb30b9bdfbe559c1db7227af
NUP	NUP-9930	cdc9d002e4c0f6b0baddc5543752fe5534bc53beae8461fc6b742aca5c547e85
NUP	NUP-9931	7d2b39a2ec089fb96bb02a6f17126fc5378447a38c6dec736235bdc20c59af3a
NUP	NUP-9932	7b08b1882d261f4bfba571e255878599b090ef28291652f0c6dd44d80e0599a2
NUP	NUP-9934	9cd0e383d979d7c25423a51073f4585fb2a2af14da2f03ea5864b82b035a46da
NUP	NUP-9935	a3e0304be1054824836672973e3ca6cd87c2cbc465fe1fa5d85f93a1aafdd010
NUP	NUP-9936	745f0874fd7602a259ad37a17b371d30de067aa8c04e52d035e260536ab95d7a
NUP	NUP-9937	48573875f26a5c4e2357d592e24d697feacd7116bfc0741353602b5cfba6e158
NUP	NUP-9938	088377374864e1a3084f6443e1006ac1008a7fd8bfffb64efae97b6ca0d2f46d
NUP	NUP-9949	943057de33823341b333be5ce77dcd035e605d061ae73c4c89523bbdb5962ac0
NUP	NUP-9950	97891190a46c320ef0bf75de1ee248c9caededb2090da2cf63ce6f31d5c9088b
NUP	NUP-9951	ac7753cb3f74b5d380ca68f382833af194722353fb1114398e58d0e0e45b9407
NUP	NUP-9952	aaee49e387a8bfc13548b83751c955a6bb121e9ab339c0dc88144809e431fb66
NUP	NUP-9953	c2110a3481121a463d7e01d7d388ad97c4fed988ad1b144c59288aa2d36e0b02
NUP	NUP-9954	70645f15a4eff05f9d8aca3708c23db6b25429a6dacd2a54daab856b40ebc627
NUP	NUP-9955	585139fdab53b8af9a27daaad01a0625778e0a9597ea0bfe1c9525f5aeca6d80
NUP	NUP-9956	5ddbe055d45b991693e6b28bdd19f8e08d15ffc7e2ccc8385c67d6c23d0f5a30
NUP	NUP-9957	37f6c4d064606787c6b11eed75800d53dc34bbb49ede5d90aa9a4ce2398662ef
NUP	NUP-9958	ab0d00c5aa2727b2f70037e5898fa18d6b5b8328f1323328dec8a4d1b0c3e959
NUP	NUP-9959	546920ba3aef8d75a2724220668d30f434f30d2b26b1d8e2141df57ffa6fcfbe
NUP	NUP-9960	4b3cf2d71c2b60b7b746d62f45171e1407df67a561568ad040c832bd0efeb040
NUP	NUP-9961	ce65f13b580ff3a77d87b32c61629989d4007b434fa6de3a02ebcaa5c0ab8810
NUP	NUP-9962	caf352526b15189bda6ca2ae9d5eb88c1c26bbb5f5a9415993aa025735f28a55
NUP	NUP-9963	a4baaf44003431c89152a40b329948485ee4da0cb16bc268aed56dd0e4acddae
NUP	NUP-9964	f58d128f3c6dfd66c706a310834f16a05d3be8607e9405f0684836aab2290e0d
NUP	NUP-9965	297074e7a3793940c6baa774656486ed028c0c8deeb2e6a33239720a7c1a11a7
NUP	NUP-9966	6bae1fd11ee8f88e89fda4b08e0be4f6fcdf84a54d552d2a88dc5ba240f36799
NUP	NUP-9967	cb50e44e848baea82d0ed96bd256e680b2351925d6f47f9ddcc7bff6ab458248
NUP	NUP-9968	0444ac858c765c6a1ad795c2205df433f6889766800b14464d26b7bf8f0aac7d
NUP	NUP-9969	a9431924f211e279a83d895de9666c0762ca1382e98a96f19148e25bb7c030e0
NUP	NUP-9971	03d45fef07fc3389e11ea8992b3ecb58ee47cec3f6e52b0437223656169c0380
NUP	NUP-9972	6f268485a3684918224d0e28ce0151a3b5e73d9db127341487adc7a604048300
NUP	NUP-9973	ba3f640824f32a2a82628418f865f5267260dd10749c23e0ed0b71db848d8661
NUP	NUP-9974	f4794c1da4ed9f23825a6778f58f7ee383242fe0ba2c9f5600cdb48fb53a6a2e
NUP	NUP-9975	2d3026f61d26ef35eb421c7435405d0e8ec59e6c4fe836d41945d1ebbbd58f21
NUP	NUP-9976	a95ee67310291f4db156d66ecae88c386c2309d855cc4640eb338311e7134ecd
NUP	NUP-9978	970333fcb1d5c3c1e851647a226b95fed722bab7690e578ac66bfe62fc0df599
NUP	NUP-9979	b3bc83be9cfe9c898ba41e8bf5058c41557b772306e4b07a21bcbe70768188b0
NUP	NUP-9980	d0604b881e347a1133b73ab74653a0c61f819299b28e8746b274dc22b0a36ff9
NUP	NUP-9981	4bda554b8ee7d3c85d9a1acdb379e03b9a6f3ffabe96e224f36ae33c55924948
NUP	NUP-9982	8c4b4b7436b982f23ec56bc24dfb759219f3d460977587f0fd9fba0ef7de5baf
NUP	NUP-9983	dfade5fe08de01c684bf7d15d09fde46cd787ee0e25eb515da7f5943032b2bbe
NUP	NUP-9984	d6cc40f78734506aaf67f6b3bfb2682b9ee0f3724c05f8bfd29e8b30c0a1ee67
NUP	NUP-9985	c8332895b3ec81ddc97a157c102f12de2392d51869ebde78fb4da64d8754da62
NUP	NUP-9986	6b7fef10d0bc9bbaf6965cb583074eae007e032fa076321a9cebd7f08e0e714b
NUP	NUP-9987	a4142343ea347de2a55365f79e27b119d9d2df4a4ebb72f23ec551a94981906a
NUP	NUP-9988	528fd02903c0eebb225d3641edcf16fd0a935fe720cae5eff697b48c4cdd6b50
NUP	NUP-9989	c53c5b4569859ee6a7bda459ea353d9ca18472f20695c84d1fdce3f934b0733f
NUP	NUP-9990	515fac2dd0bab00c5acd6795341b21c4fdb766e930a1b018a019de414c4e301d
NUP	NUP-9991	5592595f0e1d14e3c47143e131cb977ad3a25928498b42e596dde350bc9f1d25
NUP	NUP-9992	46129e40b16d3446732e376b20e4cdf19740f6a2d2aaadc86309afc018ebdd26
NUP	NUP-9993	93fd2d092fe7d4e23d167323101e20cf200feaeb71b51e03c07b8c4029279363
NUP	NUP-9994	246733349463d2ea231f5bfee4413bb586b94b1e65ef9f61bb610d7cffd34465
NUP	NUP-9995	08fb5c4b8084f2e5d7f29a11d7256de26eb56d42c690fc5c061806f9bf0fe914
NUP	NUP-9996	be0c1f9b0b3e5211e369e8326095def697d405a42027b75c01f7af686b89bc3b
NUP	NUP-9997	a41ecf12863e5943fb0cb51891f376ea53060e58ccd541e3d6b5ad41d34d80a3
NUP	NUP-9998	29e5287dd449e659c9b202a72acafa12b013b8c5186c6dd2629f825606ca23c6
NUP	NUP-9999	90dfdca50e6faa2f6ba86a30af95634e8afccbfb9501d99e9fece3e068ff086c
NUP	NUP-10000	6630617b9d8542e5051c96f41fb0d79d15468cb86c11d4119daf90d1c9049e5a
NUP	NUP-10001	4c4eac9ddcd5b0dd1ea9dead1aa84caf62ef9647474e95b0338b4d0df501af98
NUP	NUP-10002	48596e2a2746314d53dfd23f5652754cc028addf09c02526ba929fdb57a6e916
NUP	NUP-10003	2907ab43206afcec57cbaa52d9c25cd8256f5887f13babb69a021a555fd38b52
NUP	NUP-10004	54c0e28b61b4794e11276f9dad6924c79e5805e33c2ec6b1e167ab8a6164b031
NUP	NUP-10005	a82e5927d25328036b8fe1295cab15eb3ed8a35f651ad2b211fe66f0a125ce7b
NUP	NUP-10006	b5709d2e4402dc7180227f95a349b8b9f6c3372880f629f9aa4fd222e8b93d44
NUP	NUP-10007	ce30960d701d79d79662cdd536860ccbf5af66909e9027650dbdf19d32c22007
NUP	NUP-10008	132b7d3c6a8ef69698738775a846d09be8af00cfc8da5ed0c3f61b812fadbd7e
NUP	NUP-10124	003f4fa6770883caafd38e61c70fa820b0c6f4b66ca0c85489191bb7391ffd6f
NUP	NUP-10125	5c11a7e91bc2038cce71aaffce6fdabbf983f8122d7eaaa38c6a0d4bb1bece9f
NUP	NUP-10126	9d040a6829b99dece27ed0fc6d8c7af3f07b01b909eb25eaad8a65a8a53bc976
NUP	NUP-10127	874d8dbf924da52227baec786799e447c60fafd82c5d3d0ef57ddd914f2c187f
NUP	NUP-10128	cdcf6d39e0ed0f51462c45b5cd68dccb54aa6fc3f782d548729ea161b47b3ba9
NUP	NUP-10129	68a3327ce90b6e99c10e9dabaeb81b431f48cb2ed1c416a18c584f820ddcd49c
NUP	NUP-10130	94a860b1a8b34acc075c32a226e3d9678f045ac5ab2b52e99867ed87bf07b096
NUP	NUP-10131	a9cae6086f9d32d118618a36dc55e3dc01d17840fba86560d09c6af1c12da172
NUP	NUP-10132	8ab44ffcb6579f9b155f84c9c808c50901208dcee6e94294da70623be4c1aa03
NUP	NUP-10133	8f6f8fd033552009c939840acbb8c7b9d8212e92217dcb8c892355b787b42330
NUP	NUP-10134	6a3b8de74ff11a28aaa9c6a32d171607c6f8e800e59f290796781f27159f9b94
NUP	NUP-10135	932ba62361ee14ccbe61e9e41506850666bd0df985a354c0add25c5edbd690b3
NUP	NUP-10136	804c09eb99973adfb5f2f6918746f0d8c7b5e64ab36a0f2d3f3f8436217ebfdc
NUP	NUP-10137	1fa6ec22dc3df940d9de902a2d57f69db92fe108466f8fafcca1bd17782e0c18
NUP	NUP-10138	c1b4cc40194db2e20b00952406a630ed0a14c44cd56923e83a6bf9d66641cc03
NUP	NUP-10139	ead4fb78acc9f2f130ac8d8b5fe5a015d1a63f325a5cc0cab3f6f6719d014a04
NUP	NUP-10140	f8aad9eaabe6261127762acc27d2eca32dffc77dcb54d27e0527519228508f18
NUP	NUP-10141	e428d461facf9871f7bb19398cb36fec1110827014af18cad877b841c254cfeb
NUP	NUP-10142	dbfbc55c400640ed1342c8e1a81c25ff1a3bab218a931113f428e1e7c14e6574
NUP	NUP-10143	5420b90fc89be09eb346ed6ad3cac69630383bebd52636b09f914b10a49bc908
NUP	NUP-10144	566197b1be6996488758c83fd9aa2940e978d999a975366b42d0b65474131d78
NUP	NUP-10145	ab377cd87def98394c32a5be8a27c299c0d4f74079dcf34bb6eedf18cabb524d
NUP	NUP-10146	aa9e9655a82e1c8b4f9350fff6eeef30861e13eead68778c1d9fb0430ad8ff6c
NUP	NUP-10147	1eed7354ea16a49d2ab1b12c07d8200ec52a2a6b304311411b7dbe0d25feb1ea
NUP	NUP-10148	063401a63e03dff67a57fc743f008fb56ffe20a6fdd39f5ae2dcad9fefd62d9e
NUP	NUP-10149	dfa01c2bf53e628193e3868ad5e2d308ade122538daafe86e82345e5b19268d4
NUP	NUP-10150	96f9b5d4515f7141f3de4f284aa8f850c7d8fd2b9c56d0353eaff6548f7e0a44
NUP	NUP-10151	72839fb59002146a454ffb2a8956360add282636d56b5c6096135711eb0ba92f
NUP	NUP-10152	65989dd91bb5b9df309ac25095334b19b7d1aafc5423483c775ba4386028c16e
NUP	NUP-10153	e45006a9cdbba251e389fb853774c4756d0715726ce58f186a1a4de9a33f1ba5
NUP	NUP-10154	5addcd37251bd29830d9d5c33052c71cd3dd625a8d5e1b33d07a9d80fea111b7
NUP	NUP-10155	eb24586c18f4152e854bc1647efb66c88a938c6721b234d7ffe456b1d938701e
NUP	NUP-10156	5af5823df36c6ad5e990a4da5f8dff6e66951f40f26b32fa61c928a279cc308e
NUP	NUP-10157	50afc8e33203d67933d070b0737dbc2a3a9c3cf9c6f41c033412f2abb351c0f5
NUP	NUP-10158	c66d0b139838088ce7b9db8bd792bc9c9f1bce35ebcd8fbea5c204e9a32d89e2
NUP	NUP-10159	b093d17ec096e4973d5eb10d3fc5650a1bab627ed6535190d2b5d0aa1d2c57cb
NUP	NUP-10160	3166b456e3d375d9e5257c970025f7f96f6ea5286475285b868245a8db03d0d1
NUP	NUP-10161	07b75488f8c5e661f84966d2f1e70b3f7717f838267bf4ff7583195a3b845708
NUP	NUP-10162	75577833043de5dd46fa12fdbec3f60c5b921a6c8876d439bec25f5f429cf492
NUP	NUP-10163	095a4e79ed6942cd4f14619107e8c77744af50ac270cbd6b76cbbe23d57cb148
NUP	NUP-10164	5baae1ba6de5b564979a0a7d61c76cc289d1b0f71eeb73f0af91857661734cab
NUP	NUP-10165	2bac709f5ea4149d4bd918341e0ff205915742ab853af5af66b876eeeb459c82
NUP	NUP-10166	a00af0a841a7c8648573b7c9507cced62faeb0e3094ec2c46dcaeb95e8c83f52
NUP	NUP-10167	c2462f9a4ab60503e57cacd14437c8fd43befe36f94c70416d68055f073a658e
NUP	NUP-10168	9821de92ef3600f42648eda629bcd7018b08aba01eafeeaeee2bd986a1c2363a
NUP	NUP-10169	23c4bec514dfccc35a58bad30f4536b66a19e7a2ad35e667bcdd35107f89a4d4
NUP	NUP-10170	921c7aa4a732b9d922915fe26f74c9d45e79c065161b848e63bd13c49748bd67
NUP	NUP-10171	28f035654b1af797abc57c5263112f3d27685d5dca7d9a55375ced3c6659ddba
NUP	NUP-10174	6434e2b5b0c6e21f0dee2471ba599839ec595da8358a5244889037dcd6a35e6a
NUP	NUP-10176	ec8c1eda8a52c8987e2728ae4c218149727afd5262b298e8bcab0ace46ce8aef
NUP	NUP-10178	70f6443e12f5bbf308106f91196c0e92f17bb1667de3a4a54aef68acb9988025
NUP	NUP-10180	e0544a5e988ee031280e3465ef46832ba84d532deb24e71d6843768c4d518a54
NUP	NUP-10184	d8c1128e4da22a91d795695c89d46d779592879170b31b54fbfd3f12075aa4cd
NUP	NUP-10190	b97c063bf5bda7d1a7cc31e02b501f96d65e23f8c04abe55402ecf5aa40c39ae
NUP	NUP-10201	309ea84db2a7edc5e133f5db5d069223c70206906f2c9450ebcd36fc518f1b2f
NUP	NUP-10203	bfaf00eeee837ef53c5d829f3d6540f6da98f3d30e64cd4f3bdacf2b607f1e1e
NUP	NUP-10205	1b081079d1247a4b796cba4ae145ebd569d9470807cb59177befd10f4b0e33b6
NUP	NUP-10207	9ca3ae3739e6d79b0bedc07f3bc7c1fba1df70fc592d00e0e1b5a1e098a49b90
NUP	NUP-10211	9a379e72056c586ce42700bdcfdfa221ed60fa82223d0d2e6085d04eed6dab3e
NUP	NUP-10217	45ff9449ff559eb878659818cddf359a21960d92217935acc2a73b050809fe09
NUP	NUP-10282	240f5f9b432a788be8cf42b249976152427dfe72b476de8a38e2c9366c2e6b2e
NUP	NUP-10285	e09ca2ef06111a3a09ff9542c66af28200194c4c31bbb5c34d171d9e8c1f85a4
NUP	NUP-10286	26c6174fe47571366887ed9d7b88a43093db1fff8bc57e31ecdef39eca181919
NUP	NUP-10291	9fde53367880064d2fcc8954fc2a3b3e2a5e5cf03495f3a0576b251b755a3203
NUP	NUP-10294	1867c1f09e97af4138484e451d471dd12b8178c2be4944b36498b410a015fd86
NUP	NUP-10295	ec226ed983bd3e7379c125f567beb9799b8e09d7df0c8affa4b7e9b2be2b0b45
NUP	NUP-10315	73301eaa37839ed9d21a8eefe311ba9a42a84d52351f4dee044a740156defd5c
NUP	NUP-10318	5cf53d03a696791814c22468cccafb4f899eaeeb19ff26f4b9f12c2f2cd3495c
NUP	NUP-10319	97216ff8ddfda711dd580c36c8ffcf8eaa4b082afecd733e763ac16fe353de5d
NUP	NUP-10324	96fdcd294b25e4162863c3463b2466ad52785689cfe458a076e7145b038b3a3a
NUP	NUP-10327	fb2329254d89dfc21405abfeb679ef7340b910411613a6dcd53f9f180c36ed1b
NUP	NUP-10328	ac1cb6f3575d3ef569b292b691b2412982d385f71f831fdf33d5fc15a6f26f97
NUP	NUP-10402	845fc4a630beea9e6243254cc4759d6ab5f54c1327b785698cbc01d54a877b46
NUP	NUP-10403	94db23040236edeb75deaf54f8365927f3b4dd0b19ebebef9bd4d5d6e67906c2
NUP	NUP-10404	caa888b7bea62d914a56dba166dc5345d7b64067193f3b1a4052cb094184fed4
NUP	NUP-10405	6be3253aaf36b910acae6ff73ae8865198b88c013844b62922f1db997722e010
NUP	NUP-10406	9a45c4d0bc02e3adafc4f9424d00f137316c7a23aa5a389dbf12fd5dabb7e490
NUP	NUP-10407	130f96b88f9374648d84f91775a7c9f1c4058014f22c4211265f307f350a0461
NUP	NUP-10408	a0a7291da90921bb7f226655b8e5a8eed5bae13edd76a2511d6a1b3ec6ca9541
NUP	NUP-10409	ed054f7099dc72f5a73a98c490f740220694885b64220581eac64702d5c340dc
NUP	NUP-10410	712d174ca7d57682ea5c761376bb37de5450d9a02d124144eb784be58a53640f
NUP	NUP-10411	5bc5282b41d3d551287b4c9cf5fc92e0aaf7c92d0162be07c8abe85d3340ad9c
NUP	NUP-10412	54a6229dfa3b3322005ea739b8c8d290b109b305edac87157fdea70af27f4664
NUP	NUP-10413	fe5e9bcf2481ced89140619772c3f2cc9c06502e309ec3f11bd4ad09017ba4e0
NUP	NUP-10414	802f0bd116bb9d473acb3a1a4e78a15a5413cb30d29b9b319f68b494055b0e84
NUP	NUP-10415	57d184f2b359dfdcb554c632d5182cac5c6291f46b9c1c8ba389d5dbbaef9ed2
NUP	NUP-10416	0798031b7e169a8adf89527a50eaee53e4144e9f0ea935a2bc4448fb56592595
NUP	NUP-10417	6d38dbfb5a20771e70599d37ba86d5cd59962d66f37acb097b73ff4b6bf1fda6
NUP	NUP-10418	9f38e440f87e386e81dfdf09c7eb08b2b9b22210dd7e79a2cc8b9ec1ee82639b
NUP	NUP-10419	28747ec06559ad0a54b51f1805ae97555ac72ff5c5a62116aabebdac41f3d21d
NUP	NUP-10420	29b728732c68ee107194d14842d1214dce17f64c5481c82b765829e6a233c80f
NUP	NUP-10421	8b59883dc9ed3bbb4ea10886eeb1385547b5eb186f082e78817908a691612bf0
NUP	NUP-10422	8abb965984afa499a3e54a1e840c46eac96c6f7eb5535359ba6be15533116704
NUP	NUP-10423	7d33d675a3c00536765e023239430c05b0cb7f92b8fbfaffe47972f89e81382b
NUP	NUP-10424	71209ddf1a0973a4d2f7c1d131bd0fb1ab8df121797a4057318a79706f07fbde
NUP	NUP-10425	fd70d3405d2d6a79684ef91cf992473891186af0307c000df3a9a99cc59e7674
NUP	NUP-10426	5406190ac13c10e340b6d3cfcc3451ce46f50ad5c2ef9f27cad9b0f3cb02f0ca
NUP	NUP-10427	f8996ded0a6ae8251c1ed0a760b5aa70085f2f7c77694f4040225ee4972f9def
NUP	NUP-10428	53a763cf6cb67c9653506a10ee1d24f6f976a5311f176ad58ad7bffefa5a4e5c
NUP	NUP-10429	17c57aeb697c9f3f9502fbd9b8d6fba31943d23ea73c135dc14de7b777db96b3
NUP	NUP-10430	7ff779ce657983e7e7a16faacd05b0d7a50ed5d57356574be71cdf1c8a204310
NUP	NUP-10431	e13633b6529a371dfb5b6472ec97371da0f7957728a5877872bc767f50ebe3a1
NUP	NUP-10432	1a4a16d2af6ba110f44554c8b976e0756c68a2b7878d96aa682e2a77c7255542
NUP	NUP-10433	03b8c76bf6eafdf5a48a35e74fc229a5fdd6e503c23a7024efe2a7036df13d26
NUP	NUP-10434	e68f48096e19febf153aa8d4749634a05035b4e52faa472bd0102af3682ab5c7
NUP	NUP-10435	3fd05873d6ffabe85b1790bd341439607608df18ce959cd3a418ab5a22f5d8f8
NUP	NUP-10436	4295fabc4a6a13c41639276dfb64efa2c189be130c072675f8cbc36b73b21579
NUP	NUP-10437	adbbc4eaeb8466a488c16525ba5c4c2dc0ef03690a061fb6106f697e0acfea4f
NUP	NUP-10438	43eae4888e15aa72e31c2b0e5be97bb530c6022845f72749e9a93cba52a66b42
NUP	NUP-10439	9d162049d496d5d21c2d151e8c5049b545ad989b6c6054193b659d6c47e5a02d
NUP	NUP-10440	d749023d22d50dd6ec1552ee5e232bd6c824305cafb82e46c1c105f1fa4e85c5
NUP	NUP-10441	d78378a74154c2f208c551b1dc0652942c39c62fdcb7f057c3c93f392b47ab1e
NUP	NUP-10442	266230ebe3447cf5c0851301a8d256612d0ff0e2d7ae23105f271ef32cc81740
NUP	NUP-10443	2946543c6aff29791073edc0ca220b25436b72e26a563e46550b77ef9a359c8b
NUP	NUP-10444	da7cfa7b64fc79f0a65a3329094f3f4461dce9a910286742216037b7726761e6
NUP	NUP-10445	bfd21fa5a96d286abb31b0d0bc07f10606e5ed2fcfcc95596dc9c9bb122da0af
NUP	NUP-10446	0071625f60f539a1ceb613769ce742782c11584ed2488a8d13f6a620c85628fe
NUP	NUP-10447	eb17f4e443db3710fef0803fc0c69157048dae8995800e76288c6833ff3a4841
NUP	NUP-10448	a6ca5b6b0cc2d311857459645b94b09c6e51ab2beae5922b7be2120a5f52c5e9
NUP	NUP-10449	5d602de8065988efbfb28d16a9adee0f41e289057ff556b7893f9d0b229e3386
NUP	NUP-10450	248735535659abd4c75b4778fa9e3d609cbdb00bd8053bc01fc2e00205f7e6ed
NUP	NUP-10451	1bd712ae2d6513eef5d51e641fb75367e542fd435b5dcb8bac639034d678cec5
NUP	NUP-10452	0ffc40752975b0563872de592c5638e30c82bdb12e0baf1fa59e595b41922780
NUP	NUP-10453	0e443f219f84b1827faeb45b1eff2082d74424f43b421d5626a1af00a406620d
NUP	NUP-10454	fa552cf7471888f6ca164b23347082f5f20a3b511fe465dbbeaa745580059473
NUP	NUP-10455	17ff62b652bbb9be3766d0fc66cc0c682f1f7158ae7da6df892d86d26a30979a
NUP	NUP-10456	b5c8db6659a6a5662baaf07d9924b911ea9c25156ad6f42be7b25cf1f2e994e8
NUP	NUP-10457	3a7bb7d75f4c531e66db0b8e8abb2ab93ae7d7b30aa2d39b0c181fc0106e1edd
NUP	NUP-10458	65cf6c282027468c053f4c1b286befe1a1529863ede1e789172a2abc306f1a21
NUP	NUP-10459	e0510f5f1a4e9a105d991c32b007d884cf4f27b056cf69364c710a786dee8598
NUP	NUP-10460	1a564141810efb6e78808d43706aafd71419d81cefb8742ddea2798c532929b0
NUP	NUP-10461	91023b85ee161ef38b70bca402aa7c79540d008decd50a490324a926fd692983
NUP	NUP-10462	0a1e8a92b546f8886600ada61ea2e6008c597ba9e5d723445dc1baef22967137
NUP	NUP-10463	4ef6e2b6591a00b4174f41fa5e0c71d1a9a2faf81da2bf122c7fd4266933fd31
NUP	NUP-10464	94a4cd6a9ef0123f6ced3c5cf9ef9f555b25c04481d2507d86f1e6c77061ceb2
NUP	NUP-10465	8bda8a21e6d5a9e649b2de5472851ccffee6a9d6da66ee91f7288c7277a1d1e0
NUP	NUP-10466	8e4801aac94f4aa69a9e5c3a9e4cbb7f65724c9a92ded028de3f3076122b719e
NUP	NUP-10467	2246aa3bfd335a2f822371159fba620662bff13720725dd3225f851e34721a45
NUP	NUP-10468	21764f896b9df988bc46d47ff1592143a3a3a556809d3c8011726da2bc6bc3a6
NUP	NUP-10469	442be3e942e1bae5f42962e111b6025e32a2a9e93d51048fa9a0703330023597
NUP	NUP-10470	146453eda44da368f04aa11d54783ad148c5b2dff74585c6067587ab5bbf70e1
NUP	NUP-10471	a3c0505c01d4154cda94500bca95ea9744c1d36b1dae10a613634a33a12835c4
NUP	NUP-10472	aaf61fa0e9d6186f7b5ff299b141835a2d5d12f6f6ac5dca74985cea17192c48
NUP	NUP-10473	b110e7f92f35c7193f80ec05a82e544cf73833b9534dca898361fe91c3266fdc
NUP	NUP-10474	14b984a26b034406c2c9dcf4448d09e04390e62d1eb5b22734d7ca94c81697d3
NUP	NUP-10475	8e9b4c594e3e913be524825b9bd019831291e8c80048e0dd99053f306932e7e5
NUP	NUP-10476	bf755141434481ee6a557826a6b1df1a67d62b6832a362f468f5907581b0eb29
NUP	NUP-10477	3aeb048db33c35902b538ac0af0f6e9aa6cc662a903fc4a3aa013bc4a8f09607
NUP	NUP-10478	4a74565f7ff6960816f2f0fbc8a4e506625a540c1eec1c551ffc86aed910d03a
NUP	NUP-10479	af0fa63795eb61df2cb27ce962cbbbcde4a9cc6f5cc75d573ef300847a0c6ea7
NUP	NUP-10480	ab591882a7ae87c14ffae367afcb39263a4f30de1107a640708482b82508ec05
NUP	NUP-10481	03d635cdc0a1d368815a18920ef10a4e9e1f92aa7ddfd617f233ce0615f54ad1
NUP	NUP-10482	27f3474334f6f3d671e81609d47a26f0ab4f541e7fc3b1eefa801c201fd4606b
NUP	NUP-10483	7e82fe887f2577c6fb38fb8f1359ade6b558a2529f933d341594c19702120e81
NUP	NUP-10484	871e6d4688341e93826ef4a51b62522249c6d1a6b3ecffe3cc352ce20840f24e
NUP	NUP-10485	322bb406b2f4ccefe1cd5d603120f8782a6ecd9be0c16ea4d93bfbaa30dae4d0
NUP	NUP-10486	1627af332385f89893c136ee0da3427fe9e6023d68510ced392791b29cab6a12
NUP	NUP-10487	0dc7c296aad938351b9b61fd1e4f65a65cd09a4637742a7a40fd8a4359dc7744
NUP	NUP-10488	33a510e63dac215152e12fd1fd93764ece9e280c4e6a4a63666088e4d66f2f77
NUP	NUP-10489	ed8ad1e4a2293fd04cef6436a469031a6dbfa36af19732d7b560684ea653822a
NUP	NUP-10490	3dbf12e15b61f72ae8c76ce8292ef11e272ae72dfce1e8d08f31625cc48639a8
NUP	NUP-10491	8d7c1a635087d62ed36e2405162222babe6e2dba25e326a5bfb02fea407de6b7
NUP	NUP-10492	6028b530bebb2eeccf066720f4eb21662084f49b4ff09152d6589f0f2720ecda
NUP	NUP-10493	5396c0090f0133b557b9e9339daa88fff746ec51383c29608530dcd39be1336c
NUP	NUP-10494	5d17aee0eea1f458bd1cec1589bc4a50c63b83488d62c61e9cfa94aca28b017f
NUP	NUP-10495	ae921b98b3863bcf390589b0b7c563b863afb8ee71b2d700c6fbb36e91ab1d95
NUP	NUP-10496	22f95886f1ce1abda2bead13046c8b4a3082f95eeb4c5aa110389c23f288b2fe
NUP	NUP-10497	1ed20aae45816479b6f862d371416cd9e7e72313e68efbf9a275f8c0c2b62491
NUP	NUP-10498	4d668c8e1f8356d7ddf186951207fe14618807c53a70379dcda9d2ad14dfcdae
NUP	NUP-10499	a9c1014ea29a36342e780caeb359b7910febf8e50ce93b750037b63a8c238e6f
NUP	NUP-10500	f1e9459155f658ca591999b4534825851ae2a1b3cb6b149f3733cfac0f72e627
NUP	NUP-10501	b5c087a65c4cf1e3601b4b8588fa410075e4f49e4a5a13099522fbc4aac42491
NUP	NUP-10502	3a81a3e8e20a11c3a75f41be23ea6f837aa117908ee6dcddc74456c799dd3737
NUP	NUP-10503	de830a10a84a38f4aaae7d0b30fa61792b56009fe3f7f053da657766887e958c
NUP	NUP-10504	36cb385789743e3e0a6210f6b8a2a770e4a06d7924521f4d2c4fe9bb053f9add
NUP	NUP-10505	9165b9fe9442e2104284b6b6c6a7048a363934375fe9ae698d8e0f3332f2b136
NUP	NUP-10506	1b672506063a731f2a50bb4fd29c77fa6b75b13ba25ffc12a75adb1f1e65f011
NUP	NUP-10507	5367b49bf1006a8f65708069d22d423aefda0f6dda4a581210f787a704e6f537
NUP	NUP-10508	9a84a925d341dca036ee6a6e8964af2e90348ef9587c64c24867cf1394345b0c
NUP	NUP-10509	908a04bc7e2e68fc5b7fded47b51e07c6300f98111da0dfe869d6256631ded38
NUP	NUP-10510	4613bff955d0448a5b686bceeb1b108e39a313bfd1848f7e256c487f79f360f4
NUP	NUP-10511	a119d3b7b1d1e081715feb6b30b8773eb17c4fddfe403bbdb23c7109e129fe7b
NUP	NUP-10512	7406d4e221425ba0ed9d6de1f54cfa9d88a252b0d5b14ebfa06ae858b2784174
NUP	NUP-10513	22626daa132af0e656bc0f58d040dae9834793f979514f540637dd157a9d77a2
NUP	NUP-10514	2e9f98faf268902e2d797434a92eb8379b61609aa6f7eed4d923c67a09d15ee1
NUP	NUP-10515	8279dbc00660169db145f77d3a536ab3588beb9730048f5dc5e9fc5fb5d9e9a0
NUP	NUP-10516	583565242be703ed85d67df403b94ad8f212beeb142c01bd74fe94030432e801
NUP	NUP-10517	32b43f9df7b000fd0c0159f0f54834647863966e22491b516d7507f4b452d37e
NUP	NUP-10518	c6d67ee5b472cac12b9b5d14a997d11a2c89974c25eca85ca8dbb27bfeb3f3dc
NUP	NUP-10519	fa30ef35ea7cb9a74f95c92327f706aa5b698774a21546af2a03214980f49f73
NUP	NUP-10520	aeda591dc6df0b6c5c76606dbf0e207a8881cc30f47afac5308eeb7da4b47ffd
NUP	NUP-10521	e84b47870041821e7ee8e8a3c3e791704ef7264038b827b7334c526e8fb7551e
NUP	NUP-10522	4e448905229b40c8e059a325ced586308bdb7f1efccc3fab0ea509e403390e19
NUP	NUP-10523	41957ad01ae3067e8de502090755c8b72612c04f9f1d35027b14b6f604648831
NUP	NUP-10524	eb5fe6f1677cd5554d63747bd561f05c7c50e2e023d096ed9446edd16d50e1a9
NUP	NUP-10525	ed62b180b5d1af7aafe45bc617321c1bcd56e3d8ac28f24906f0f84738f97757
NUP	NUP-10526	9a6ad2edc9cb8a408e1415a3f6f764f18d4f4557a8fd73cf6f5715f184a66804
NUP	NUP-10527	7ae0e4265d88ed37c584606e155694dcc6b326ec27d4f93112b696c6b5dafd1a
NUP	NUP-10528	8904ac3b7a5c7d3d4f52b1ab219e7ced2d2d969d43c4bcfbdcbdbc38c7fdbbcc
NUP	NUP-10529	4af5cc3df219f79a80a62fa674b3f100b0077747b857b28cfa9230cf73c0b966
NUP	NUP-10530	80aba976923e4df244f30c54790c4d7d94f56ec42de9ba5a6b2df1d87124ed64
NUP	NUP-10531	365b7b330d794a13a40f85667cef4d85040bb34ce9c44c6613467f840d3533dc
NUP	NUP-10532	a5013889cc4e05cb2dfddb0445728da15d7aea4bf69f467c318b9492720e72b2
NUP	NUP-10533	c10079bd40c62249b01047458e6aa9c4501f6930d06b7a40aec1cb614ec3201c
NUP	NUP-10534	1a22b0460d708494853fc1f911961e0d4625f27d889cd0287ebc6d108d19eb14
NUP	NUP-10535	fbec7c5c016cb1be7b419f9297043894313a22e4629f918ee37534335debd75a
NUP	NUP-10536	f92d7e982b756975d09fa4d58388cf950c145b11a38b8cb58e93c2adcaa9e5ec
NUP	NUP-10537	f84c8378147f52f7938cac0170a44361fca03e2e84b21312d8d4a474eb61d2fe
NUP	NUP-10538	6a0e32e704f2f17d6a6e23083eac5febe964d340aed2af48727188efcafbb117
NUP	NUP-10539	886b071e6e4f16f131e30233dfe63635aa359591b5f20627610205c1b010ed9e
NUP	NUP-10540	3778edf9250ad4c7dfe4084bcfe09ff45aef8469183f1f4f257c2b9a4785ce6e
NUP	NUP-10541	0b65aa71a008f05e85f7b108d45b75e5e863b1b1fb94ed01a7335d6d1dd328dd
NUP	NUP-10542	43fcebfac9902113c09795dd85b326384927ffe3f714d054faca4b39ec7b0c6a
NUP	NUP-10543	70f20d5329f45633694842a7d98e75348860833a9c0f093e01a9e5961493e9f6
NUP	NUP-10544	4725bca7d75cdf55cafd95f40bcbb8b3b4f35f1d09ceca3372ebdfba4cc4d29c
NUP	NUP-10545	5b342330e797dae4bef92114badb82e319fabd7a9c2bd3b13c89d4ecfaee04ae
NUP	NUP-10546	f392553d7e46d09c9dded388864af3a8f6038b2a99571ba7ec21e7b499a569d8
NUP	NUP-10547	9972ca03a221de41c5752a4913646fb67aa75c542724289004ec09cfa8078066
NUP	NUP-10548	613b6cc5a9093781982a3e09d613c405648dee42af2ae31b0d5d22ed49e617c7
NUP	NUP-10549	aedefd0e51cc048461351a3aaf42d89c66aa9d5bb4f10ee8c1795d557924c468
NUP	NUP-10550	f95ccdc01c6483edced69cff3081d8271a521b104313e49c542d5ff4b17577be
NUP	NUP-10551	887bf38e159f20307af2a238921ee9ec6f190ab788451ce57f2d32d2998579fe
NUP	NUP-10552	75a5a4f07d46db74de4930cc87c78c1f631ecbf7c27f13c5900865039814785f
NUP	NUP-10553	703293d1544ab585c3bbe213b5f002b1e4d3b9cead36d0baa84d779801b0579b
NUP	NUP-10554	a5805efeb1286c27060f6f763d392f142aafcd5af36c205675066c59351292ba
NUP	NUP-10555	f7e417b38ea9b2afff729b78765807b81a6030bb8df608538b0cd6927c31cbcc
NUP	NUP-10556	a16b4e4cf29a76b8e36d2fad943de2e76316bde69561b6c8535845b44ebabafe
NUP	NUP-10557	284262fed561a80073daa345327bbaa6326af6bc30af255193fea34b59115f01
NUP	NUP-10558	6b18ad2326631e7f1cb90a69c67471d6bb2a346bb086d7934fc3e6961590685f
NUP	NUP-10559	d58b44dccd102b15e926fc0aff38e5b37b7b034bb7cf1f1aaf56a6d2f2a5211a
NUP	NUP-10560	53c0c2c72522197dfb9f267f7f31c80fd687820917aa5e9f4a4326f7488121e5
NUP	NUP-10561	456b4664a715eb9517d4fc3f9649fa0a78f3c38a9530cbd500826e6f1b1243bd
NUP	NUP-10562	87d16c1ca97981b455d53f7d3f666b7cacc244454c8f030be3a3c3162f8e79e5
NUP	NUP-10563	0a016f0a48a1a6db4d3306f422c16a24390b8f39c704f6ec29718582c064decb
NUP	NUP-10564	4c7f7b273e735de31e791aec0d5d1085ebe56f3576d7e41302fb0e65cc4c163b
NUP	NUP-10565	866d27456085ac36573c4b79e7e33f3fee041dae3d6eac372e1f3b83b33c4799
NUP	NUP-10566	9d23c87dd2bbc28b8d499f3afa9e064a9693a16c4657d16ea4b11346bc4f012b
NUP	NUP-10567	2c383d653d1373c0c08b92629cc5e1a6d6ba0e3cc6b79937a8cfcc357d7aa51d
NUP	NUP-10568	aaf37d9e892737aa049794b1da402eadca751597f70b481e5a4a1eade61c5a0f
NUP	NUP-10569	6d1d863570a823e4f28ca150c0caf7a75267e0e4a07db7352b4e577adef72703
NUP	NUP-10570	796059f1246b134c71150d3770a9041619880c3ceaa6d1e96aa1fddbbc46fe60
NUP	NUP-10571	eff3fb3b0e161a0a97cb5c230f057913085bea3bb7cf4f5861667ec249ebfb9e
NUP	NUP-10572	953daed7a09ff63592b40a065a568a8e2ff279549f30376cf82416c206dca875
NUP	NUP-10573	4f247e481d4d49233e078865fdac72eb13f8abaab7090478f7827e4400db2b9b
NUP	NUP-10574	e4edbfef87e4e4a80b7a7936be5bd376b207e6acbfd7c76bffcf27773fcbd017
NUP	NUP-10575	0213da8fa07612f0eb488327c2c71924221cf7bdaef640bfc1bf3993ccb2ed94
NUP	NUP-10576	7e4f1da0284648268660c74c6c50a09b8a241f2cd9938afbc134f0baf290584b
NUP	NUP-10577	697f45ac4cd8ddc7a55e8c2f3e0e261da0500a3cf43719fe9f69a53de61ba489
NUP	NUP-10578	090e3e95309e8d4f981bbee708205092385f8ec1200e7a038a9632473fc2474d
NUP	NUP-10579	35a83c3d76ee5f213767f4807574f83ce851a12102055cff5f9dd7338e8f1179
NUP	NUP-10580	c460c2a8f179ace4a8b596278d9978ef01426f6cc92ee1b5eb79cc441b25ed3c
NUP	NUP-10581	8a10f0ab0ce40f3c9bbadd18bcd8d0989ffa143caa64283ffc2301f103f1fa30
NUP	NUP-10582	13ec79babb5ebcfdcd950d195bce5d407de9d1afd53341e8e77167a44a690efc
NUP	NUP-10583	6e2f05762ecfcdb03bcc9d33cd0a128da9d56629f1746ae5e380900b7f69209a
NUP	NUP-10584	2cb36ccfdfa81770e10830d4a6e22eabdb83eefe40c22c3564af233e9db38c16
NUP	NUP-10585	fbd4a72304f7a8ae78113d979236b05fc10902e70ea10a681bdbd1e8853dd132
NUP	NUP-10586	21bcf37f1a6fa0d6948a49b58b693e9251c4f61453ce08a08681217be3115a3f
NUP	NUP-10587	cd6bb0c1649e27947019a9d93b8e7a70b99027538037ba91dc7298b422dff9ad
NUP	NUP-10588	fe3edb319de4f8c2d97143c906f84eb5105e1eeb250752e19dca786b212eef9f
NUP	NUP-10589	937d58329fccda12b42772ae25f2c039878863a877901313339be580432b2d67
NUP	NUP-10590	6bf5449ee0f6a5dff04fdadded71960d32093b1ac8c278c2c3b8466aac305db5
NUP	NUP-10591	2025806bc996ff7bb9962077576eeb50d6ebef1fafaae9077189018f1389a351
NUP	NUP-10592	2c8722815a01a429766327328640effb185a8983d5248a568d1ddfe29dbb8338
NUP	NUP-10593	201d974b6f02e4d5dd88056aa345729436cdc2299cc192615a4eaddef0e6e285
NUP	NUP-10594	9c6d0a3146e001765cc5940cb6a49d115a2280c02158f96f39902721eb3fa90e
NUP	NUP-10595	5a60af6b4c32f9e9fbf828f54965b357e9566dea6de340526909126327374979
NUP	NUP-10596	0618fb530a2778a21838d167d1613588480c2bad5d149765d859391e9ea9dcdb
NUP	NUP-10597	19980fe900721f75959bad40132c8aa9371f3f065549cdc6d95a8e903d5858a0
NUP	NUP-10598	3a4e5418369cec89e4c61cb04fd8d3ec657b2a4835343f848dea7ace3d8693e1
NUP	NUP-10599	a0716ea407f012f0b057ac30c1d2385b408b7d40de76517c4ebb47b89f2f13c0
NUP	NUP-10600	ec5902d0e155d1f1e48c4292ca1586d55539a533c865b7635f415ec9936f5991
NUP	NUP-10601	87fbfe15b1546ad27a96e8ca37a88d361431377f396733540d501ee29aaee162
NUP	NUP-10602	1e454bb461de2931cccd614ee8a323e77bae3ef468c09776f3338126a5a371e7
NUP	NUP-10603	776c50152d0f08533aaaf8624c44523e8e44948919fe58eda7e0ca3398c98eb4
NUP	NUP-10604	8ab547040e060bff187903e50efe9ce1fc529426ada1d9f310a633fbb17c15f6
NUP	NUP-10605	d3c5b13ef5e7a2f922e42a0279cbf3cae7d12e8364f27b62fcfbc272a3604e8c
NUP	NUP-10606	caa70768d2c8cac0c4f979afecf5d415980400279b4c848b2eea8dc55587a7d3
NUP	NUP-10607	72f5e1d9255c6a599a31bb708eacdbdd378dd00fa40fcc834d61716e1fec6273
NUP	NUP-10608	d44a69cae4790957dfa51a1e1c1b838690dae17390401835edde6ce7649d4eca
NUP	NUP-10609	0760b47404b29fd9e3588ba6cd0fb9942eb3d4831cc2c415641906c01c239b08
NUP	NUP-10610	d17c01fe93244372b2bc12c1f5a9d01da69de63dbae2c15dc0354f1c2aaa3a53
NUP	NUP-10611	66cddfd68cf2d5bc37da92981275df303a2580a0031c4dde46b5f25d2bbbda6b
NUP	NUP-10612	7f9fa7a9623631e567798148d8ed0a89aaaeff4eb6a27b5aeb770f3795155754
NUP	NUP-10613	3fc97003afdbad7c7fc740592cb365b856fb48f5565dfea2f589fde392d6e5d3
NUP	NUP-10614	393031398f5c30c5033cd574169d3ae495d5cf7b4bd2740aba24c00cbb28a896
NUP	NUP-10615	57d1b720311fc9191d5a406bb7db6b18fc5d296b2578e0d2a73803b96c9c98b8
NUP	NUP-10616	1bb4ad2c85936e5aca8e6a1a34d791de17cefebdb62cc9fdd41272abbe227cbf
NUP	NUP-10617	c84e3134ff4840530d7135d7aa3f4b8fff3426a8388efc524410302b47778226
NUP	NUP-10618	cf994966359c0e1761cb7d8bddc03163b3f43e6f8cf34a973287b3cfcb6bb490
NUP	NUP-10619	4bc286d84338df6854aa7f505adf3b1ffd3e8d358d23a4e3ba49b634085faf60
NUP	NUP-10620	c4bef4268da425677e85102ac05ae33d5e1d1ec94818b7c7d681667e62b1c940
NUP	NUP-10621	75ff668abdcf3124fbf6768b0a15428287e70b7efc3b6388ba37bb55bb8b0f4f
NUP	NUP-10622	d41acdff5ee38a9a62f2268fe6c81a7e88ea60231250656b7800b850c738da21
NUP	NUP-10623	731acb4ce8c931295059991a1b0c80a985efe607fd88063c9ebc039080a34ddc
NUP	NUP-10624	44572989c4e163c7da766701ebc31c6d762bf8bbc1284a8ba1da64810ae40f19
NUP	NUP-10625	b58c658c225f455d6177ec7e3356e8298c34a801b42be19f42ed2d4aab9c102d
NUP	NUP-10626	d148d0cb1d58c4f0b9cf41ac7f2e697de55bf32e2fa37ee3c5f0fab407273519
NUP	NUP-10627	4d62c866177ce98ff13840d8cfb36ccd986640929a3abb0f714e1fa57cd8935a
NUP	NUP-10628	9b22984e128b2037827b0de46c1183201a39b1a95a726ce345a0e8f3c1afc5c2
NUP	NUP-10629	ba7748b16657950e006306b14696101d039e8dde41405c1401f260f3fbef8866
NUP	NUP-10630	099a1115f2dd27196f28c489af38dabaa7a0affa89c588070f1bb979836a05e7
NUP	NUP-10631	746554dba080d20121043d72ad2188242066a4ad21740cf8f0fd5ea9a7b57770
NUP	NUP-10632	a54509d2eecc2a9a71afaf3aa725e0bddbd66b7bcabe174ad4e758fa0df33b19
NUP	NUP-10633	c04c08c88371282df229ecfc7c113a68df534c1044bc27616fe12d4054464dfc
NUP	NUP-10634	c6a94aa2e8c65d3aeb2b3f6466126f3a7443b114b335cf95337fb1ffe4cc0b4c
NUP	NUP-10635	01fa50857619d4c512824fdb4685f9aa61058d7fc76f551c1b0434d8948d4a8d
NUP	NUP-10636	a48042cc61bb989d7f51bdf6580059397592339870fa66d3dd5c61c68559f9f5
NUP	NUP-10637	9942018d96f8e5dec2d459dd5f689781a05fb39912eea66f7582e0e54d3be056
NUP	NUP-10638	e0ab266b98db971e4d1ae0b6750cc2b81cd3b3b39813a00850984a2ec493e5ed
NUP	NUP-10639	acd00aebeabd379092bfd56a7704d15714127f188d45928b0c3c7ee2fdf60a2b
NUP	NUP-10640	cebf3e45c1805723aefa087fc9ba72f16b2e1352ca23bf575dca8c21f8741c35
NUP	NUP-10641	cd4bc3da067a994a125cbfc9dec4df23c1dc480f51a64b978d7ceb0a189af6f1
NUP	NUP-10642	73093ed8c8def946b402955b45d83d231b909c2a5dfc4377c4e9bbcdec6146f1
NUP	NUP-10643	ea424e4df04468e67e420c9a2d5f9d07d4ce74773bf74a6ac6378cc7248d91c6
NUP	NUP-10644	b1b64b996ad9c3a4fcf5868e80003412d973620b722eb2735b02cba2ed69e48f
NUP	NUP-10645	7d12adc760f42809161b1a8079e912de885cf68823003fed467c9d876f21ddd6
NUP	NUP-10646	7c00f4d609aa555dfd118abee15e4430079adfe1f6596c67cb1b1c10a35759ac
NUP	NUP-10647	43e27e2511a3d80b815a86a1a50e58feaebac74aacf8bf5e26ff97531d3d0948
NUP	NUP-10648	558df595fdc0827f9278bb4dd30e3881d182e4c987344e6749f65a71d6ad52fb
NUP	NUP-10649	92310155e9ba34cd2f5e188e884d260182349f034ef645b8709a7a6c40647038
NUP	NUP-10650	b7d0ee04b41460024e885e1a2d446cf41bcbdc8299163f6eff80169da988a157
NUP	NUP-10651	ba68f12f21349ab43e363a12c023b07f7ede509fdf589932df86f498e936032b
NUP	NUP-10652	c9cb5845497cb033ad70529f8aa4812cda7ab0a2e8659ab4e6ae9e7134648493
NUP	NUP-10653	c0ffba322184e5b8639b1c93308753a92fc8cf8d98f2f418dc48d2a338638a41
NUP	NUP-10661	a033042446a71a0c01f1bbe6a4895f7638076969c4c9510cd61469e84d5de3d8
NUP	NUP-10662	38bfaf0403f03b4ae22659faff343a96617adb2ccc73b6bd34fa03b8333ba3ca
NUP	NUP-10663	57dd4e70e9e297d1b7afd349b6f021ef76120fbf980c6e6f017aefc1c3a333e8
NUP	NUP-10664	651600ebf564ffbe6323bffd6573099e08df64ff0279455e10c71a2281af9d1e
NUP	NUP-10665	20b49a3a4bdd0b94654bc5ece71dc69d540aa5d79575eb933c480f60eeb4d4ff
NUP	NUP-10666	873bd7fb7abfb9c84ecf067740263c5cbc4743fc01874004ce84f46131044be0
NUP	NUP-10667	ac4ebf624c59ed529378eb787916471cf8a34d9e6b58a9fa198a90cabffcbb07
NUP	NUP-10668	4a38e47f4374ac9f8702d74a9467a692efe7ad1a54dfd85251d721ef4fb015f2
NUP	NUP-10669	1638c0111a3dfd931bf6ea2f9b6a136f67c39eb2d0c4af57381cfc1f457333a6
NUP	NUP-10683	0b1b0ccd51761a3736ebc70a9fabb76ac6e9cd5654c10d941e1a44ceb0f29d45
NUP	NUP-10684	7cd6a27909615840b41a3611c03187024199dbfda12d2d6ad06569e0d8200364
NUP	NUP-10685	ac64169aa84ec865bd0af2469eb02b22524053c950acdb450c35d9aa8c26d60d
NUP	NUP-10686	68a164776f2790a915f40101c69085598d744a0aaf9c7ac1bf43f8c876d75ee9
NUP	NUP-10687	d1b270fc9847643f4af04cba7a68622269d9c5ee8ae2060880fc98d8cb9a98d6
NUP	NUP-10688	f5980009ee91c27ada43731c0781b55deb75f315e698bbca5e7fabce6c937c44
NUP	NUP-10689	d3fd63ee4959ca4a07dd0b43a93266a35c1f4937ac59ab9a7a57b4a8c707a125
NUP	NUP-10690	b97ebeda16c47eac92ffc95732edb39983836f18d5f81bcdc1e8911f36c2dfcf
NUP	NUP-10691	8001392836e8ea5a039bc8bd1be28125ed6b77d0c732586197b1d7aace179018
NUP	NUP-10745	92af703d26519e8b1daa87346a2a97b326abd496c3f4ecf55fa1181fca8b6226
NUP	NUP-10746	d1a02fa76236b8496e05eac29363ef23b83573c00482232c6ddc041177add58a
NUP	NUP-10747	380ad1f444d6506f95f5eb18574a307061a33a350aa4e59751da9a591a99f193
NUP	NUP-10748	9c932d9205ca53903e37e049b12d58869a4649f0711965d580fa00184719b8d7
NUP	NUP-10749	742f1c41e5f8bbea96256fae0249fd1d6e7d1aee26d502c172d1c2bece347299
NUP	NUP-10750	55dbbce1da3304ccb4934cfd8b31b4d5c65cc064e8589e88a4151e58b6bae524
NUP	NUP-10751	fbecc89d10d3ac5dbadbca824fe68ff1d9ef9b91aa955a3afeadc50eb16482a6
NUP	NUP-10752	621dc62a1ceedff233a5573e2f2df59b9adff0341f18dfa5910cea6a7e1d467b
NUP	NUP-10753	a64cf27d2f741f174c1f163746437b9062f6c3b4066d3bb24161ffb245bc7e79
NUP	NUP-10754	e398a1bc6c22b75db618bd50d8eaa0c4957c1d65073f71ebac798a373e28e1ad
NUP	NUP-10836	0143addb4b83168b6ba8d4bfd0844aec6ba0bce6bac43a5a5fb88f4974e4baa5
NUP	NUP-10837	ff2691c3f6239424a6d22f3c5393adfd3e817e0f4cee9c9f1e2abb8b81fccd42
NUP	NUP-10838	7ddd37a44231aa74f26fb4518d8245a28ca4d8cc220ab95f9c8c11f405a96d4c
NUP	NUP-10839	1670b3775327c847847172efbc72bca6fdd625b0a7bff8126aea08db03b0df16
NUP	NUP-10840	dfb654385afe34cf3bbe6aacedfb68a32c207c42be1bd6af2ad6d3f2fcc2b95d
NUP	NUP-10841	830d994db9093b8cb1801bc27d22b8e81c4a6d1e52281464410911573e085046
NUP	NUP-10842	81d62a007d9fc9dd7bc54a59e7b776df72f835286f88323fc3b80816d478a2da
NUP	NUP-10843	bb8cf5049759ca020194629202da2d2f4e2ba7aef25fffeafdad8c6d12860033
NUP	NUP-10844	5be4e857b133571409a372f6e7780d4ce47ef8101ee74f86f4b46d9945773453
NUP	NUP-10845	7a346b2013cba7eed89e5679f34d65ab8c2480f150206d28a595f4f0f6526449
NUP	NUP-10846	335e89e4e488fe83cc3a0a55ffc09067eb787c17f135c8db24bb1c8e4512152d
NUP	NUP-10847	443efd242ba100d295c082e4b744cf1af1d39013920209c7ca99ecf22a026cab
NUP	NUP-10848	accebafe86c34d592dba317499062888d06af5a7fc11aab1cee9690d1335f381
NUP	NUP-10849	f653ad0c2e6e1f054205a0aee309a044a8896b1cdca60d108271c2c8f86a3d69
NUP	NUP-10850	e47b9cc47dee0d27ea5e13d4ed4f493b121b0f37e03c44d1f61086f1d1dbc00e
NUP	NUP-10851	2334cf8f7ea0a76fb898d118aa7cca0c21adc90b896d77c168a93a569ffc5303
NUP	NUP-10852	c965bbc89aec1fc670cc6f42d230d16b69effaa87034ae9154029c5675d9a7b5
NUP	NUP-10853	6961d190331170aa177884ffaacef8d798a5dc2ca7b95b638bc715a8eca101a4
NUP	NUP-10854	77ff882a70025cbf73f26ee6829039321b036f540dc0e2f04cc39e7482b74af5
NUP	NUP-10855	3a4df4ca557132e7655acda5d57af1dab8f763536de1b5657db08165630d2cfc
NUP	NUP-10856	2fa871e071c775d3430019b5d6c1c38e5a089353eac94956e2fdd6b558e217e7
NUP	NUP-10857	c2bdb1a5ff0deb56da36be2daebb50bca2b502d198b4fb47bf6254986288c072
NUP	NUP-10858	0c19a086376c910d40c1d08483da17dde06cb4ae8ba5fe7136ae461c1abb59af
NUP	NUP-10859	fb4418867431c5dce58176468d59acf61ae501a6715bc8f59a7e3d2c7b19fb00
NUP	NUP-10860	d9d36449c47fea9aa6391431a6254968d1a165b9ea5d3fdae1a9d7c35f5d42a4
NUP	NUP-10861	3b1b766a88371e3f6c00daf02e140ea6c621d9e1523b769cd8c46f25ce02185d
NUP	NUP-10862	c2d6840d1d2766ed3f3c4dcf4a9f9a25ead4f37c8bd4be01d482c4309a0f7dbc
NUP	NUP-10863	568fae5b37cc0a3cb2c3a590f248a0a1ea61ae3eb83d52fe834b269156ef7326
NUP	NUP-10864	2475aa8c1b15c7c45756a40b705c91c1fbc9cb19312ae23210f6b76b22ad7f7e
NUP	NUP-10865	668bb8f82875191eb19b5f208f60ded7efee3ba021d80c2853a7ca6ab53b62a6
NUP	NUP-10866	da363bc8b4b3077a9eea0f8cacb5c1f7eea3b895680359bd2aa8b22583bea44f
NUP	NUP-10867	fce357964e3b397630db54323ec21a5760650d1b5589d92031384e063e1038b6
NUP	NUP-10868	5ebf945c82a6f0a1601cd34ed05399504605da0dbd92ccd28b3a79e45b77b30d
NUP	NUP-10869	7241660e7502d8200d66e48dee0800a21f98249c111e99cfff84e6d85000ea2f
NUP	NUP-10872	e6e0ced02ad53caf13874be80c4ae2124bf63bb71398604c9a61188f925b7401
NUP	NUP-10873	d67e540747f4fa368c515a21e3a17440bd127c4070b95ef1a44d341933059622
NUP	NUP-10874	154d7b58b8c70b1a76b898176ef13815d3e3ea0a46b423d6e18773c88cdfe349
NUP	NUP-10875	7ad6f1144cd1e2633a0a86bdbcd8c78cf951d19180728e84085b5788ce647155
NUP	NUP-10876	fed11f99095c70d84964f6ac0fc3e4e170ba05ca10cb4fb1c81a038e1f038a96
NUP	NUP-10877	6fa82e94af9bc74c6ec2a32ef86a25505776d8f8e4f1c3ee175e6ccddc8ca032
NUP	NUP-10878	2b3c405739863bdb61ea5f98d2896f6b60e1f016efe03d969b85d0f0fda6c73d
NUP	NUP-10879	2c4c3b03edc8e9551fb3a5d8b7b056aaf8065c4ba71fa2d0734cc547bf87399a
NUP	NUP-10880	1f4ca3095946bd22113377b9cbc35e54f1151724ccb6363a7acec16d9c4b1f30
NUP	NUP-10881	668bdd3545e613b44a6dfdf848f8136f7b17e6bf0afd51b811f988c55d8464a7
NUP	NUP-10882	8cbad423ed850bb508bdc1cd545d4d5a57d5e3a634cf1d99bede567e87be823b
NUP	NUP-10883	4d4ee5599cab1c8d700734dcc7ab4cf817c847baa61e43eaac639ae1358e03ba
NUP	NUP-10884	931e5bdb742ee508a638eed6aab7d5f8c890197d72236a43e9dfbf43e19efbe7
NUP	NUP-10885	304341f910a08bc3037db421d0da8c131410b7ba188b3aa843acc91e3748356a
NUP	NUP-10886	8695fe050131bffee95226f79cb63473bc8b997edc2ef5ad99cbfc2aa1f625e8
NUP	NUP-10887	5b8ea7f9b7edf01ca980327e32c518faef3ea447b8369b6fb9c500eca044a273
NUP	NUP-10888	62668e0b0ef21eec1549f83c636007402cf22d2fa900b2004d16671482907448
NUP	NUP-10889	040c41f4c03a52ae0caf0a144ec3536ddbe0746546916a31b36fc0793869a733
NUP	NUP-10890	ee54fba0e6bbc9d99efe369195d2a205d3d5e1f866f21613d06f692e518118fc
NUP	NUP-10891	8cd1cc7f901b94ff0f60142c268fc333304891ea8a139b27c90c0111b9b3c6be
NUP	NUP-10892	0d689f7468f554e5ea0e964a3b0d845879fe52efdfaf7cb588d983e46be60326
NUP	NUP-10893	2a11b0943ddc7827ae22816303dcbc40a120b4f3a9c1b2eab23703bbfa8a66ae
NUP	NUP-10894	d35cec01cdd80a7f07eb80206dcaff84618f1464d3ad259519c776f8f956fb73
NUP	NUP-10895	a510aecaf31a5b2fe760df9a597a1f736964ade27dd273397ea1b361c2001439
NUP	NUP-10896	1463def0f45fc43c7f6e851ee01462ac5ce3a3b38d3f7297762d65bd128ad97a
NUP	NUP-10898	0db9f11238031cf8c4a928fbc3bc0caee9083c0f569b5106ebc1aaae5d60cc66
NUP	NUP-10899	941514ad08ba8ec8714325abe5ecbacbef20893d7a21f4bc0dc00edd91e8ad22
NUP	NUP-10900	8211d3d325afcaae37f51a0a974b483746adcc1262c122f7d8fb784d82c89882
NUP	NUP-10901	0fddb5ef6f291ca875e3a685cfa25249e8c98abd3f1ed2dd2fd68a1610cf3877
NUP	NUP-10902	02f321561f4d79cb4db4c9931693fb45a206782b83f78d48a46c4a66e60e4dc4
NUP	NUP-10903	2a857209a5fa4427ee5a53f65547c4c92583c00eccc10d209ae8b5a98e1747c9
NUP	NUP-10904	a39a16be8193cb991f984d99952d2eb25f44f2233b8823c88f1433bd5ee92289
NUP	NUP-10905	768937808a8ae4be57ab230bcc770605b811dbd5c47827c48c3c880b20b704b8
NUP	NUP-10906	2add0d544fa5aac9817a50a12fb3d544ae1358a546d08aef714e74bdd39c8a53
NUP	NUP-10907	aadc41292b5a2c30721291dba11da0c6429825bbfc70efd7c159587ba45af058
NUP	NUP-10908	361421870ecca2757a4c3feb79ebbd9ccfbf6d74c259bbe2e344b872ec6fc8dc
NUP	NUP-10909	6ef344c7c1f5e306e087e28d4474119b9a26217a70bbbfbc5f80fc972db252c3
NUP	NUP-10910	590d6c3696ca4a4b0446cdfd30e5330f11629cb84cf235d63866e97e546c4bf1
NUP	NUP-10911	888482c6689ca1e2a4fe5788046a3453ae24adcbe84ce627276cf7cb5def0258
NUP	NUP-10912	f564654c0590316659383c024c921f3a9590a73b87ccef7b032e7e77877f75ce
NUP	NUP-10913	c35435ef437f9eb83e6e22abe20c0a924c484b298c5b02188c0819fcbd4e8267
NUP	NUP-10914	a52fb1aa45aa326f7a22dc38f5fe4fc804e959cd2c8036e66b9aab7111e66df5
NUP	NUP-10915	c99827bd259ec4cbba77186996942921ee3e70df36d97e598615e3fd2a1f3271
NUP	NUP-10916	a460f204cc16b3354f2b7d4d52e72faef32cbe55e3192afd5242df2a2eea5a4c
NUP	NUP-10917	1ee516cfc2b7ade0ffc635a8d3fad8c535508ae4bf8f4af42998063a8820fd02
NUP	NUP-10918	d91235bab362fc2c961ad757a3e7c69f5b28d5ac3c34ad749be5e093e74d8c41
NUP	NUP-10919	16f95648ab63061cba9fc18a4a6065a8ad709df1056aa885131c41f0362ec6e5
NUP	NUP-10920	2231e0db077634df312aedc5bc456a7795893415e8497404e7caf12b8e947e90
NUP	NUP-10921	b0686c1920fd4fe5dd97d6f1664cfbf60b6c362c591b1422aa546a6af91a6fef
NUP	NUP-10922	1cb651759c8c27c8e8a8fee2bf28a98edbef84d80cfed5ef3c4c22f9a0680ee3
NUP	NUP-10923	180909f15043345ece3835f4ffef34f2d8f34a260c3ba48fad2859b8834eeb13
NUP	NUP-10924	5c96ae44e338a91a4b07cb8e5e821af09f83bab339b17eeed01ccdd2181597f0
NUP	NUP-10925	199708ba6bcd849fa28c77ddf155958296aef61722c531400f97b38aab7ccf79
NUP	NUP-10926	eb399e38dbf95177ce15ca433f6098436af1e758d38bed82f2077e95db45a5a9
NUP	NUP-10927	b7e8d798489e4f0e09827bc92c33b4f297448275f5f7f8d88a2848bd4e78e5f9
NUP	NUP-10928	c528d8c45044d53ee24a60e08c43569ec00182bb653aed20a4f3aeb3dbb3bbea
NUP	NUP-10929	43e83f87bceeb6e866a21323fc00255a671442478e6742f5335240f016cb5c24
NUP	NUP-10930	c36c355c7bc105dded009862d2469819b52028f57b9a4e31e13d4fcfdd377343
NUP	NUP-10931	4c93ecf5a7a595915697ba5055cb221b75904b7d89217cdd85af000a80fbac71
NUP	NUP-10932	57a0d80a64bab1167c13daf5bb8ca833e458664b2d85defe413ad26a71154843
NUP	NUP-10933	55522700239eaff8bc4c402a71477da4e1e5c8ff9c5367585d4a8d8a198b8fd1
NUP	NUP-10934	55d5cdda1c34e983fcc5c76de891240b2307d821d497ac5b49bc39db6a796313
NUP	NUP-10935	9738bd4755ab4a5ed23045a1c1d44b0b1f84adfdada3fc013bf05790ecdfb713
NUP	NUP-10936	340a4dddc1a1817fe10e934ce3101d59e1801d1ea046e2970ea3844ea7db530c
NUP	NUP-10937	9d22054ccfc94158aab5f847d177fcc606ea6e184026d07ffd5eca92a2a2d650
NUP	NUP-10938	f57990a95cede2ad1cd049da1b444eff363e33808188579affa5729994fa00ba
NUP	NUP-10939	555d17cc93795044752651f01f2954d2da59928acb69096477a6f812345c0d49
NUP	NUP-10940	3e44aa21fbcf2165fe4f345736f431ed8741a3503ebe56c3e347ac91383862ca
NUP	NUP-10941	014d8c606fbccb727e15f98acc91675605b0990a9060cb50162d7f9a50816178
NUP	NUP-10942	32dd3685c587658e6f132f4fe097a4432516f5f35e8c08ba0a34b66955baf637
NUP	NUP-10943	29ef19b33e0097c7e3f0672b47b8faee6d8b956ee404e477fb18cf5cd74fed06
NUP	NUP-10944	8af9ab617f8da540540dbfc476e0a0f051ec51be5725c1bb2e78faeb6fe06924
NUP	NUP-10945	86c8683a47284a2c1b53dd6a8b547911042ad4290d6fb43d073b426111217128
NUP	NUP-10946	f08b0c2bf7a699401282cf7f2e9db8b4bdf15cf6e0077048a816d9de33278066
NUP	NUP-10948	bd5db6f5c8d12e361a5b428970b6916456ed07d20da3e08f7f51c78064b69643
NUP	NUP-10949	dc1ab2099402442a6be09d84acb966e8a0f00a9f561a7ffb96f09fdcd8396501
NUP	NUP-10950	a1d15b176e8fca2688a8fb39fb9ec25c22dcf0ecdde52a395ef4102487e84726
NUP	NUP-10951	83a45956309ab1946f5f819101ef10a8bbf8e67b99b3ea26a05e41d58641d0a9
NUP	NUP-10952	0b197751eec39efa632369ebcc0f887b9a3d4988e66f3b351e0422da24321ea3
NUP	NUP-10953	8ebb231fc94a32787fc022e3c04ad7442a565a42f96b4f94195307604f35690f
NUP	NUP-10954	f19822b022897b47c72e921c11e756bd4ec0bf468bbf5852ff9cb83636bf8269
NUP	NUP-10955	51c37ce94d3cf0fd00651a54ce09a5899cdf9fd3855f5c09adeb9826dadf52b5
NUP	NUP-10956	8825c6fb882a4b301f54c1ed366a500d5f5abb3e4b4330edefa09c782e91b8d9
NUP	NUP-10957	4e4416773990812ac09c477ea69037d7b2794b6e9812873db14df7ae6d00b809
NUP	NUP-10958	dd1c37652e9d9b759bb984d3322d9691677f1df2d3fa9d94519f0165c515506d
NUP	NUP-10959	b94b157d7366cddcacc64b6036c0ff6dd37feb25c5959c9c777e5e56f0693eab
NUP	NUP-10960	c5ecc87d03c8d5f2bb3561f8859bc2d1c013458f764230baf5bc66b033447144
NUP	NUP-10961	32dd16254356fe463ec0807038157c25145b6491ef67520aa3aad638fe8691a9
NUP	NUP-10962	2b1efda34e6e55535b28ee700bed4f401ff061f278e8cab71841454ab640ed4a
NUP	NUP-10963	4c01f099cea985375050fe6e610b981395c44f160fb7fc57e75eb63c0565e62b
NUP	NUP-10964	8ebb770d12b3e6c8e6a16e7747d7e103de43acb541e7363e96364b7f3c21eea0
NUP	NUP-10965	06b2e2df04bf1f21d09950ab0b82b296d108eeecdb5b275bebe61d8d08c64479
NUP	NUP-10966	e57f9db3fb37262242631fc78cd8611c390b2d1e87cae3d54885d254f64f85c8
NUP	NUP-10967	9f45a1ff413e34ee4a87673509bdf89a96f9ad19170d5d1b561805488dc4610d
NUP	NUP-10968	c0ff691d5c278a23186e3b6eabe5120da400a536e7163582b33b22b0e0d22c28
NUP	NUP-10969	172d97b14cad2cfc6e0cb2d9959d2eb44db668737c2d4bbee43001ae91f8a23b
NUP	NUP-10970	7d669709b4841f1b09a0b46cf1be24d490d741dcad21d0a9e0ee637fbf49c442
NUP	NUP-10971	0f797270e597edcf7f161ad64ebd727c562be962b4dc64223ac2c818517b4343
NUP	NUP-11121	376fa08de7eaa1aa3d92d252b41000ecf05cd2ac6ac55f7eac779c9157b2babd
NUP	NUP-11122	354eb3d73efe36db60137e464df0581ff0657c74e6b42730f329731b6adea37c
NUP	NUP-11123	c66d09652d1988fd31d0702031be807e7d9d4ee2d59c877bc59d9b45d02b7dd9
NUP	NUP-11124	682780e61a91942718a858d5ffd4458aa0d30ab497f9bf16d230cbb9e437060e
NUP	NUP-11125	c711f23278379590cc90e71ba8c49aebd519c54e8ceacd46210b1d56d2dded1c
NUP	NUP-11126	28c857b1ab18f0cd1e2fb74b35de2d382bc47d1d2f908e03899627570ea74e3a
NUP	NUP-11127	d8f7fbe6b0f67482dccdb32cce44c1c10aa181f11f66db1c562e149da8c3bf57
NUP	NUP-11128	7d46f96af62e685358628d3e155dc8ca4c5e003bd11d4d2d0e1c5fc1d2fab8f6
NUP	NUP-11129	ae5957cabffee779e6905309c6909367e419417ae01d3b9118cf35c341a8ce1f
NUP	NUP-11136	6fb1c49d73b2fcf3bc3cbab973a43bf7b2a69a9a31a6eda98bd3e754cf7ae4ae
NUP	NUP-11137	6a0829158d647b5b4a6342dccab3a8c67fbb4d5b2bdb1daa6fa5c427d9c70bfb
NUP	NUP-11138	8e373d2420e0761b31514a52438a0cf9c51f3dcb79b2cbd241fdd0052fcdb5e2
NUP	NUP-11139	94c55aa81747342f23a8bed0af3ebfd2555d1957841d9b420e141accee80785c
NUP	NUP-11140	6dff2dd6b001b15ec532c81ad7580ee4fc33171b2e7c1b314e1d132b36652916
NUP	NUP-11141	47a370b0d0a09e22ae36e34f292a69e391dd6d7bc5a50bb0d5438d77b3a5adb7
NUP	NUP-11144	54a1142b6cd5b3ee645cdc27a2c1a21d550fe43957c457486250e2062ca2ce68
NUP	NUP-11145	7b79277e4c86e3e6edbb3151f7d6c49d1f34db1f09366e2861920c2fe18ab2d4
NUP	NUP-11146	e4be2f64cda4087f541ad1b193c3ea8b4df8e8a88f1e5e29ee0510c55d3be6b5
NUP	NUP-11165	abfa7deebbeece9e48c720a45e2e4d01be374708d1036879f722e0767a97aa5a
NUP	NUP-11167	a19487458a16b75126dc8ffafd45cd1e795b6ec75d46763176039a614042af3f
NUP	NUP-11168	d307c147f8bdf912d01f740d5985bc79c1a8627a96a15503ffdd0b517b1bef5c
NUP	NUP-11169	78c443012c73c4dd7457ddb8168f9d12179974694a01ef07744fe7d6ef231507
NUP	NUP-11170	693095da8c822f7bc441a0c8d0015da4a2671aed32a5d3b8d7d21ed761f57434
NUP	NUP-11171	e98a156cb370728013fc2560363c08531187e363d1a260bdda55efb23511d311
NUP	NUP-11172	0c7b609700c9acff07547d54009541b064a8ebd757bb52baae28970870b7b128
NUP	NUP-11173	7397ce65d8ccc027e5ea58b1f084354e8c25d2d240704c09561edd80ba23642c
NUP	NUP-11174	4f20fe3a66e9995f5c6d6500a0627318f1ae707cd0ed29002bef30413c1a7403
NUP	NUP-11175	30f5578e3575f60e8875adb543245a261adda72158ec3f4a7a9481a6ff0ca5ef
NUP	NUP-11176	bffd604e6139239bfe4e63da2ba322dfd151dc094440d4873210acb211b417ce
NUP	NUP-11177	651802ed307044f56cf283e77e6e5413164cb688fdeebf21bb53b69d36988579
NUP	NUP-11178	12056a357a84109117631d1dfd350723557dc53c35195a4d50d860f7782ef94f
NUP	NUP-11179	373f50b40adea0662fa0e9f4b71087f3cb6956f8a1be9f9bea09f0a3fa369c7b
NUP	NUP-11180	024685043182328fc5055e8374237b185636e7a73a952b89f3966a73d6b63118
NUP	NUP-11181	24362701ddf3be2a02b496af9e00d4b69a1c776609e04b4decee61dc405af5f3
NUP	NUP-11182	1282c09b6e0cace2fa197ad91c05c271429c8c621cbed4daafeafd5c788d9279
NUP	NUP-11183	84f27377a6abfa3e43a9dcfa63c6638d26ad9f802152c7372de764a976b91b58
NUP	NUP-11184	ab5d53d806df7c8e210219608af45d1c2c54492b0cd9f37405a48d64d4c5fcaf
NUP	NUP-11185	9912209b412dc3156544e7e25ee9e1c4b2c09ea8ad15cd9683c3b482e869c1c4
NUP	NUP-11186	da2804f81ef5079d49c3715dfbb843e7b7c2e2a17a285d784381db1e39f216c3
NUP	NUP-11187	655e05a77be51d19cf56143feb2a57bfdaa2938a9aba411f67a1e7ccfe62166c
NUP	NUP-11188	9bf22a056f97504d495e8cc8de23f4bc6069d22d20e11ab0bfe11ff0e1db1424
NUP	NUP-11189	db9218f455883b9aae444c3ba0d8d1eb8a420d984b9e1b1ccf9e2e099b8b257a
NUP	NUP-11190	031f1de13b15c9debde1264c1a68f63b3333c918103ddbd5d28b5c86e0816bf3
NUP	NUP-11191	012591de2d8a6add4c1d195671beffe8a7fe8e5373ae80db1ae56bb37c0cbc2b
NUP	NUP-11192	e53bb97e1288c65084b7941260ca0006e8e06ca3ef8cb643915281747c4e4f16
NUP	NUP-11193	982688e9d9618c8b49fa204d3e706e016ddf610297d3d2378af240b00bd7cf3e
NUP	NUP-11194	13f0992455744b2c07f6ca82d2fe89f30318cf9e7165de252d624df3b44a1dca
NUP	NUP-11195	4573e722c84ddae9fc1c51f4935134fa9c3392d8d5321f57612b4d190ed50ba1
NUP	NUP-11196	619d29412ea759d515bcb22d6e951595b324b2af7f113f8ea92899706508f76c
NUP	NUP-11197	0cae6cbc9021f076cc94eba6e59fb14002a550e96d094d430bf18e992306bb63
NUP	NUP-11198	1f3d8334cb6ee5c194196f23432d6b34b17ee5ae0f6bc963f4d5f03d40df67fc
NUP	NUP-11199	8e01f7807a64c5710aa9877477e738cedd0b0107c27993e2e4ee454ee872c3e1
NUP	NUP-11200	2bc43e9b6d6b08faf6fa63cc2a4f848e2fe68be82f9c2863b12c32db7de27e50
NUP	NUP-11201	29153ac22a8a22bc2fc89d914a16fe91f65ccc70862b9e1f7277f0466ef62da5
NUP	NUP-11202	8b30e0d5f17c581302c0b9dca9a3aef4a72f04b9666d6fbe21d1e9d351832d3d
NUP	NUP-11203	325d4189f1098fd5ccac40e46bf8076f359b7400b2593cf6520949a56c814391
NUP	NUP-11204	d6fe334f2d8f5f2efbdb9c095a329b0d2d292f3420fb7507486114d63fb38d52
NUP	NUP-11205	c3c2a1721b409a8cb152439a82ccf6a7dc3a2ec12de9c78b18a8fdbf04602dd6
NUP	NUP-11206	755802587503eb5d9dbc8dca2cf4b06762aa327611a317a1143127237cad0344
NUP	NUP-11207	1767e616b598f572d3d5feb2ca334504cd24cc41945515334d4cbd32caf7b023
NUP	NUP-11208	d32443c05137c8810a7de830aba8a66df59f9c74a2dca513edb0c27fd7ff3321
NUP	NUP-11209	29a1bfd176d8751a7849e61ec3e912ecc6d74e4698516bf7f05b3d545648c615
NUP	NUP-11210	4e24475315faf1fac4018a07819e6088853afd14ac04721c65c890c1f1396142
NUP	NUP-11211	45fd231d10c3a36bf6e3500f6dd862801ca6e9c552b1e4a7a271ae36c1bbcc4e
NUP	NUP-11212	a0c5f0808807692b19f8551efd03b94e1abd89de0e42c671ffd1d71cd9b4a034
NUP	NUP-11213	c931590000d69bc4d018d65b35de919716ee916a0d4619ace75babc023dc8de5
NUP	NUP-11214	3b4f8037d5561e1c3adc32d7aa394a677ed893cc66cc8c1c12186e884b65ecb7
NUP	NUP-11215	c6bc7054e0239816fd0d58af2f086ca00e02b5c398b42d057e036f0842292dec
NUP	NUP-11216	3a78e7f19708fe0f8a16826d50099d82d96f08df99b7a13e0b017d6a10129556
NUP	NUP-11217	cdf3b6b0cef87385f0ec29abf9b24fa43bcb6d62f270455f90bc2b42f0b93fe8
NUP	NUP-11218	666819b8fb2e35b983226dc92ce4e6e99b4a7eac3a9ef4e6f424e03efa04a81f
NUP	NUP-11219	7c840578af4ef62a71d92fef131e9889af5f27e735a40365d59940e68896c0e8
NUP	NUP-11220	f0166252fb954a2f66daab3756e4082bf8a4b42bb9433cd2a43912e8ee0ed96b
NUP	NUP-11221	6cf20fcf5841f91890cb80b5cd0951103887a44ef8a16f87ed25405fb9f2f663
NUP	NUP-11222	81e575905402c58206d5f27b1bdb0963aef6faa7d089c21dab37702912eaf596
NUP	NUP-11223	36bfe4b88eaf146144a9d51f56961be0e31bcbd777e75109df3243c9468c6b7d
NUP	NUP-11224	da8e41042fbedb6a570b22298db326634ecd782f09969931d4b510d6438d9f4b
NUP	NUP-11225	43f1bc52e88ffedebb60624e38976838b3035ed2c433ba247ca5e94ceede32e4
NUP	NUP-11226	ffc8af838fc5780497545dd9e4b87f37928f8b9c1f0099c19ae01a29cf090863
NUP	NUP-11227	3f201875d43651ec8a716686ea112e1a0b499823aa795f1fdd7652e4bce136e0
NUP	NUP-11228	17815397437540dfb057c03adcd012220986bf81ffd528d6054788ba8175c2b7
NUP	NUP-11229	37b6a6a18d31164371cd3ca7b55653624bd1e78c4b9845817ce08d065af04757
NUP	NUP-11256	8223a91ec2ab83057f83325f80fefabe6569945fc690e50e9b9e5a886a0fca00
NUP	NUP-11257	4d322ee4dd3ddc5bb613d9e70278e0ed77d6952133856898127256e714a54134
NUP	NUP-11258	0d70cd2c91fedca40aaa76bcbd626134339d4e7e30ce6c3bffe5d21b58b50e1f
NUP	NUP-11259	c741784d55499a7ac1dcd821161a762f3dc796352135403ffac94e958f430dec
NUP	NUP-11260	346b1ac547584d1601305b7fc75cc7b25d8b610055519bf37ba77f7e45fc3a0b
NUP	NUP-11261	be53e8af401c3f3983dadb1988825c961819ebc86bba7a6df5949680521ab130
NUP	NUP-11262	4ad69aa1238b7ea39a13836afb65fd03b8a3ad0ee6558cf92933c3244ddb20bf
NUP	NUP-11263	08b1691b9066280a85fc16dbce27411eba45bac7b072d47f01d7f34d732847a4
NUP	NUP-11264	fcfd2ec6e76d75c0fa4932e62f3c0627e8c1dc94e09a8f8570ce265940ff589f
NUP	NUP-11265	8aa70f70ce885cac441c71e5f8feb330278f639f2c1ae6b483d27bdc42fd624a
NUP	NUP-11267	1b7812ea5e3ced104d71f6c5e65e53b34aabe65eb14aa7077c3f2fba232f44c0
NUP	NUP-11268	209ac3b0f37fb17507118e695ae2e777f393c892fcbc1838c16a5677347a8222
NUP	NUP-11269	a3a4e452a96f174ece941b6c851e48385febfeb823b6dfe3af9a99a0e737d69b
NUP	NUP-11270	d3e9a203b2c6c7d809cb28aa27c403a581f368ddbeaae4794ea9ff6de4102173
NUP	NUP-11271	89caf45d595ca4855421eacda2f957bfc594253b1f14522087fc72860ec6e9af
NUP	NUP-11272	f786d5ccb760a34e13f81b485df93485079b4daa71e1ad1f5ce227ff6ea5ef5a
NUP	NUP-11320	bc00978d7939fee5d4716664cda453034bd474d355bb6de47ebf4890580d7258
NUP	NUP-11321	eaada9a9eec1fc5c777e3816a70f70ac6a2fcb3dfda047f1dd4ae5b4edc73a4f
NUP	NUP-11322	e9ad371750de8065903a7e123098bf154640101ed8ddf5c52a96c9fb68061ccd
NUP	NUP-11323	8d076dac25a018a8dcb12f174d6b8159fb4cbe2cdb7339535c2678ca5fbc8743
NUP	NUP-11324	f9b82edd928c205717b757b40717c47b60e0030235896043e1db4fe65878d0f8
NUP	NUP-11325	ea4c173e963923d164a29fd30c92b34a246bfd237a7dc38d39075924c3928377
NUP	NUP-11326	5eb87c206914b77ed1c37b8f044ccd108440d014e0a77cab8b7008b2a6746019
NUP	NUP-11327	0dc845cb507f46e1a195b33fc59d9851155afd8f62fb218f328293214b661649
NUP	NUP-11328	96eb8b5319403c6b8f6da3ea205a2e8bb18cf345b7e9a3dd722498aa16aa1d71
NUP	NUP-11329	b46ead2b6e00ced3718739e1d7387f701544ed4973aecd75e1dc6b4ea453ffc0
NUP	NUP-11330	e846c5bc37c6e4169187ccd31f884d38dc33767914923893cd4de1a2f3630ec5
NUP	NUP-11331	542b446f0766a8c41987301b12251376371dd4f4a1ef2d6c96cb9ec48b7f10fb
NUP	NUP-11332	db7014590b917ee42cb1db2f4277812159e78c90e2c3317d6b3e9c6b7ec7e39e
NUP	NUP-11333	9abdfaaac05fc7ff61fb4cd4b244d42a61303671bc01299ca4f4cf689f939e71
NUP	NUP-11334	7f8a15b51e6aca4862bc91bb15e4ecd5c4addc3e647bca441b8aaf9752d4bcdb
NUP	NUP-11335	338116ff2cdfa2284c9ef36a645fbbe421e1cdfdc19d92de5ce48e8a195facf1
NUP	NUP-11336	f8d7a3d6a38757af9ee77f24f5f21c283d25cc97b556a7529e9b5acf58b3e639
NUP	NUP-11337	cdec9deb1c47acb5539924d389090d3683fe5d1b730f024da08e00c58071e758
NUP	NUP-11340	d879259d050aeda859863a14576a14b55e110e5fb4bbb8631c8519d5a6f30d17
NUP	NUP-11341	9929aa5badd7cc8f0ff0cdf96a5282039546f04e4bf4614095d6e05c5a40655d
NUP	NUP-11342	cc4e9cd03f0e0dcceee2f6aea3f9244c89704bed154e3cf87c6caca09cd3e3aa
NUP	NUP-11343	16c69efdc80819b3e4ef0a33f226b478ee72ff902e248578e7d9faed47c1343e
NUP	NUP-11344	be163047e6900d259886aea65f1f06c30eb8adab12ab413faede071cd8467bdf
NUP	NUP-11345	c6c837c8672b4b6027615ce69d4f3a54500e16954706dce1d0d009e112bd60d2
NUP	NUP-11346	774fad6a3ac30473fb80f6798393bb6f64e6d2f83a42ed0da6cd652a7281328a
NUP	NUP-11347	0e1200140acd9e35185475393635b77c617376022edd916fa3b8f65f56de456e
NUP	NUP-11348	0f31a92647ff1477b8f0c264a2d2ecc142a393fee47de1d84c79523d0d819d2b
NUP	NUP-11349	93e5ea580917471a38ccce6c3f87219253965ab1bf4238d20524aa299383b856
NUP	NUP-11350	befa6ee5852275c47ef8d9c3a28968c2e20f60fcf1246fd1ba2921fbd7616844
NUP	NUP-11351	04d866bf43e587c17553e5b7808f6ee91d6940816a338bcce89b16e5d5c9baae
NUP	NUP-11352	c5c578ba5621f23c50e10192ad3049513b5371caaf8a936ef47a3af8dfc91d3f
NUP	NUP-11353	6f4e2c6c62ad77cde64102ed029cdcf77b2b6e99f8bef5de5a773631c08695ce
NUP	NUP-11354	cb2f0398eb8943995ebf38507b429e6726b7d07d497e32a0dd291bb220c6ed2d
NUP	NUP-11355	18f7bdea4473876a253384b1c1e81bd05d1b06289c576e86ee5a803d7d136113
NUP	NUP-11356	d46159a58310bae290e3d2fcaa29ee4f98f34d9c9b9f7b844c65c6901629ebeb
NUP	NUP-11357	728478fdf92444ecd3accfc2ced1c50e0d023d4372d736ddc2e763c7c3237959
NUP	NUP-11358	1ebb3b6975b0d8b65305e19b3b5824596c9dada5629145e952faad154e69f1d9
NUP	NUP-11359	df855f7076b2c3624b8723de9079b1048b63a71b2cd82e588bc8ff6cc0950646
NUP	NUP-11360	eb56bf885c7338f241e93edf2d5099fa9230a00060432295346b819ca4a9fcd1
NUP	NUP-11361	34446deea9ee9bff6c1198589cdf40a6536b32740d02a48a9c378f5bff521081
NUP	NUP-11362	1d5af8b8c44b1d57cfa341accbe6710799f37a54afa719ab22e3ad8c00961183
NUP	NUP-11363	7f5302e898451722e82c88bb5f89772b8feeb5152dc3d883f56fc152610322fb
NUP	NUP-11364	66cf1924fc7c642af5a8c50e3562d51de5e1ed13b5957024aab6e9ca6b1b0270
NUP	NUP-11365	51460f62a4bf8a802f7788c5d6f84cd9a14a0c13034ab067932b26ebde2d6a53
NUP	NUP-11366	d8acba0f28bd68fb861cf44023f1b84bfda264cf33ab092d29d6ba5c6ac493e6
NUP	NUP-11367	1437830452e73ee3d65d4a2d2d609be29228f0d3f7611ad50b991fb7e01c451d
NUP	NUP-11368	285b3888829312c2aa6df9deb6dc67b6ae9399512873ddc2197a5c94f3415b88
NUP	NUP-11369	fab570e906ce5ce40480d0c99c48105fa744ced1c241b6e558de31f0d10413db
NUP	NUP-11370	a5b1e972dc96a7e6a6ced6184be264d95c8168fdbd7f7d0e68cf70d15b06e9a5
NUP	NUP-11371	bdc58ad76552e2849efced3da0605b3b605f8067d13c6dbc06b70d9fde1218c3
NUP	NUP-11372	cea7ac75b8f548b1f5e222166a64313f7cb07b21821e2246f338501cce1fbf4f
NUP	NUP-11373	bb812ed4dcd4c31abf3d080888c449f5ccf18ddcef2a62e3b42ecfd6fe8efcf5
NUP	NUP-11374	ad0652cae98b34826382e32dc85a172c1cbc194a99f37b9eeb2a979ab25e795c
NUP	NUP-11375	f99e73ea784809e8eaf6627834838d24c7cd1a0823098051c7a50bcccd1243d4
NUP	NUP-11376	821ae872b847f2f8c9f1a779a1bc1bb68cf8473d2dcfaa6a66731ab811c4598d
NUP	NUP-11377	18c4a5e14f21b8ccc047433dc78bf063fce17766bddba3f2761a6a284cad9fac
NUP	NUP-11383	1cef4066338aaa90847ad8070c9b538fc3bc2c37fea5d9bef4f4f4d4a6bf380b
NUP	NUP-11384	83c49de34cf81e1d37741ad09cf82ad519fab83a485dbd793ff3cccb8c2b2dc2
NUP	NUP-11385	f07bcd0d866beeb42934b1d1d6a50eaa0c123b4be80e8f892ddb09f3f33da205
NUP	NUP-11386	ca0d1d1ab6248b5dfe49f74d604ec0eb6d67d50723894c784d8c8fafd98ce8f3
NUP	NUP-11387	d78cb8d1d248ad837db6766af005bad039bb961a4da1fd22f551221d727b49f6
NUP	NUP-11388	3e093ad0ee383b1fa33850b2c061a66222c6894c75ae1be5b57441efae054e5d
NUP	NUP-11389	6658661c19e75221fa5cb94eb0fbec45e1115bae77a4050f277f875714723557
NUP	NUP-11390	90e7562679d7f031759ff799529126c49c6d12a5279ec4d53ca8085526235c2e
NUP	NUP-11391	06ac71c61a3e96bb0f27f743fead4084e72c5c4c5c9f43669312b0e8a3b4cbc1
NUP	NUP-11392	754949fb21f5e98e47465f37b9062f18ac158828d599e29e0a690cd3f1d4310b
NUP	NUP-11393	70eaf62914c84964b696b8e5c1719cfb66995f1aede927934c64811b257d1486
NUP	NUP-11394	fa81987f5dc266392920da20995fba1e0164a3e478f4732ef0a8f140e0dbc485
NUP	NUP-11395	8b9b5b1d68be41c85d8e172c6729b162c4c16ad113b3d3977f5f9cc830cd0e51
NUP	NUP-11396	5ddba788578f934af190b7b5438dcffaf2dcfbece0f1b3ff9f96875235754071
NUP	NUP-11397	0d6b7bcd6d799bfe0c5d10827ed0324e4cfe790b428a7869a65f48a27f34db85
NUP	NUP-11398	6cd1144fd29f91fe87a0399ec218dedb286bcd6f2171725b249cf1e18e1b26a1
NUP	NUP-11402	f8048364b958045da4e92600e40ab69d9eb4b3d791d5bcbb44e346e82bf00b64
NUP	NUP-11403	9e0451d9387c1c6011a2a554b6280f81e8b46f47937ee5702e2215df5c4bd103
NUP	NUP-11404	e885827e29e499466d98e8dd4b1b6f04eab4a0c58a62fa9b43c3e6dff394dc90
NUP	NUP-11405	f6d1401737f51c645c5d96c9c4c7d413d20e88ae90e6b904a64b50a53cd69de0
NUP	NUP-11406	fa034ce6e89e0647498e9c6b091f1a673ef2c506eefbe63aaf590561c8cb9324
NUP	NUP-11407	d37873629a991702524295eafe292de074de88980a28e5e04cdfc235ec7267b2
NUP	NUP-11408	0011dd2be845d55a7e0a635fc4df88a202ccbb655c5e02686d06f3ef935160fc
NUP	NUP-11409	cd56e23bc37b747c94221af54d0d1bb24c5da145683c6c8d300b0d671909e229
NUP	NUP-11410	180738bf19380d47d5f08012f3f7ac1023f6e745a03d5ee0f1712a7d2023cf0d
NUP	NUP-11411	d7c9e8e3317958fae545a62e017c5f5fb7365e1e4d417d03f065eedccef25ad9
NUP	NUP-11412	3f3e869fc9b1d2ce031d3adef2430021e024a7caf200dc022c3306bd94139b29
NUP	NUP-11413	b1daecf0c0db15c5c6e4ed71698dddb639d413d97166934da53bd224d56f6219
NUP	NUP-11414	919f72825a73a28346b93f9da052147046a3309f00aa1e3f6b4521c5b0dfe602
NUP	NUP-11415	7a70e2370dd0f398cb9d810fef18602273182d16d23accad7fd881ef88794927
NUP	NUP-11416	cafc70c1ed79dda3d08829a6502286e35e8d9c5423643a5ce42a7fc4f8b469a6
NUP	NUP-11417	6df96758609879e44bc0f3075f7fc288c50ff09bebd127474f7177966c02d688
NUP	NUP-11463	2c5b6f09ba8439e54d9a37337381632c467b44324d01c5298042818bf1d80e25
NUP	NUP-11464	67e66da6c07695b25e6689dbd79b69070ac28b31f2d39692a178020b5e4d4440
NUP	NUP-11465	50af9088d1f4148a91fee69523b3742f6ea017bccd63d52482ffa97cd8922a6d
NUP	NUP-11466	b33c6fc89c08ef79917621b9c7a3b6a4b4bf368483e7fbb88d98d2d9812585c8
NUP	NUP-11467	0aeba29ffb32ab046680ba8839b9abb8839f85317808b95b179e9533f7086f22
NUP	NUP-11468	086dcda9db0194295302e6572c00cd50c66ec1d0961ab6d8821472110e0e6d68
NUP	NUP-11469	7f75260351698f33321b4614bdb8af98a22b9822433b0ef48b2823a7bea7c5db
NUP	NUP-11470	051c9117cc4413c75960ca6dff509fdb98c23e3da46afbb2a11152fe48837c16
NUP	NUP-11471	f28e79110808378cf0952bfd4aae91004269f26fddfe69fe41a899c3b27f2af9
NUP	NUP-11472	b8b47c9ad8ac429dc4c6c016c4048a539e1387d35ff586abc3f81d942102348d
NUP	NUP-11480	b7fb6940f08d40bb65d7c57d162b0bc7302185a28f0f373e87acca6c86365f36
NUP	NUP-11481	b4e150ed9c844bc8decaad58fbc8eca6b1fdb1edbbb27273c40acc457df2332d
NUP	NUP-11482	02ae025a0803408aeb16c2db46515f64c1c92e9581f78cdd35dacc62eb682e35
NUP	NUP-11483	ffbfce9988f46ba67d4d9068d21a887b23905acb9e83e5912beb0adb73a37f1a
NUP	NUP-11484	32042042822e49a7961c2f0d49597bbc775a50a2e3c1f34477e611a8e0e03251
NUP	NUP-11487	7fe5f729f54f2fbb0487fd6ac1138fe1b5ad99602904acec59d20e3a48b48d14
NUP	NUP-11488	882cf7b8bb01c3d58147886f4d14b4ba376e8c3b31217484d0b4bdaa53f79cc2
NUP	NUP-11489	7098722ae640e15463f138a96e9e815e95c708e1c670bd0fd299f8fe713f5eb2
NUP	NUP-11490	2b605c486c9a117660281f0c93b58ffde3bc53ab7de431b2a45d1489d4655472
NUP	NUP-11491	b298e92041a6d22a89acfe849ea84c25e18effe2868ed5ea568e3ec7900df6a3
NUP	NUP-11492	26a33ffd0095c0c7c6a3c514712868dde439eefa394de9deb1b80215769b014b
NUP	NUP-11493	3e24b7a967780bab5d440b18d093b4be76cd49e5427d4104fbe0153d7eee175c
NUP	NUP-11494	9f0c005a39df2cb658960e7000aae72f6382d766d5e90407554c74588887eea9
NUP	NUP-11495	27a9decba03a68bb812e8f753ea45433d3bbfbf0af25d964d6171fdf0c84892c
NUP	NUP-11496	a6fbaa53decab290d605f5215ced1d43e84d716955f6e380ec9bb60055281cbe
NUP	NUP-11513	75630ec16309119da6bf73ebce6595420953e4d066189cf8ed9f1a75583e0fb8
NUP	NUP-11514	2fe9b03eb8f3cbc60a91ee79a68e984d89c3ca6a7ce6f175e2c9a02bf2eb742f
NUP	NUP-11515	5d76d8c745760076d61f175f9db15b750a0156b3e70d7c92cd5fedda29d7b49c
NUP	NUP-11516	0c883539b37723811283fe4a7d3c0c268261e3b9551e2f5aa66cc6219402c2cb
NUP	NUP-11517	533394d6cc7f1b4546d5595c9bc49588e185543e16d2f34c02fbe772c03519b0
NUP	NUP-11518	20f5fc84402579c3419f36e7a9e7030dee93565f43a8f742d89d4eee55c102cf
NUP	NUP-11519	3f084ae2580848fe5935c26b051043c1439d086060697836b279f05b82430865
NUP	NUP-11520	3c5e1ba85085727c31f7d87ec823c7702f1c8a46e34dd07bd5c3996f0f87efa5
NUP	NUP-11521	8a3f0c6e22d632fec848d9184d66b2a4d941ccce498753fa3fa813310b3bae16
NUP	NUP-11522	7230a814da55264960f9cd89651048f7ad6ae30b25dbc21f77aaa9e62230b16e
NUP	NUP-11523	52c014b160ca39a1019de8bbff4f1d80a049fc7fa0ce7037a54b7326554efa18
NUP	NUP-11524	02806b95e6818776a309b78b7134b586fb634648eabb943a7bede16f13f551ed
NUP	NUP-11525	74169db8133e05d9648ce61f8c7402482bf2c3f6217d385edd06b1086d93d548
NUP	NUP-11526	3b5272a2d0dbb25cd29e4c13606cb00886876d8554de9cd7176b0f6b83a68ab0
NUP	NUP-11527	6c59d04b2b243c8eef8308cce2bf0f711503a512dfa85a97f4269bcc66618e99
NUP	NUP-11528	d4cf1740659587c6be8a6c1ce4e06e5cbd53f97e84acd56c98aab9ea11f4927e
NUP	NUP-11529	33600d9f81f71be237020c890f657a9fe8771d40e89e649b30303c1628b72e31
NUP	NUP-11530	08194cdaa43729949363c2af62cc0413a1ee70a2007d7ff4ce5904b53a81e011
NUP	NUP-11531	29c5a89fffb4af9fa796979e7e64dd2f870f43057cdfe767085254b7a38bd2a2
NUP	NUP-11532	735a539b3fda5d02802fb92ab2e0a703e32b92bf5f960ac635163e93690ffa20
NUP	NUP-11533	5df1e4114a47f6987be927cc72deb0cc89f7a3eab6b7876620969f44c53e09dc
NUP	NUP-11534	8ab21171191ade7ef2a84726ab3ccbdb2b07197e03f11dfcceba770cbf023c19
NUP	NUP-11535	d4799abe354ce4152b3571e437a319e0016691c419c21317beeabeb5667c9e3b
NUP	NUP-11536	35e4e809199bdf8c571854a3acd83e8d993587bb897d9eee79ac32c9e495c658
NUP	NUP-11537	cab6a91a0d7dc1e168fbb7583ae5633daaa2259ec8b91d1fa122a7303e6ce9d0
NUP	NUP-11538	1c5234e641d0c1304dfb7b3bbe27cec72830e76e220b1b385e66aad57c1c41aa
NUP	NUP-11539	5c49bcefc3349f07bf4d18040c3b6fd4fdce447bf476515bce35d280941b8c52
NUP	NUP-11540	a541dff61f93abcd3cd69c3612f47d47c7b240148bc89ac348ca69a08fd9d161
NUP	NUP-11541	ef20d81bd5be54b12ee30355044ab9a70d61c3094dc6fc9d0747430154a3bf16
NUP	NUP-11542	c8253426cdd768c6ae44786df8bf5de3f9174331836fed2370ea66077b9e9533
NUP	NUP-11543	44d48926af2c81f7b10d548eca548702a6a7ef7e3bece095d039a3df339267ab
NUP	NUP-11544	628af485e981bdf7664efbd466493a70bbafc36a352d942eec14d7d07d34b298
NUP	NUP-11545	78e1b8728e20c6d29a4dc9adfc79e0a3bdb7770ebc5dddff9c44ae74337f18f5
NUP	NUP-11546	a47066ca1d80b39648b661715a4d70d6cceaa28affbe39bb936ada094bccef34
NUP	NUP-11547	ae75aea7b6f250e0f03f0c295b6176038ae087e4ab1c5eff662854c07b731d12
NUP	NUP-11548	af29451cf5feb823b7e96663bb7d6088282a3bfc01e1435f34313e6204874438
NUP	NUP-11549	b64b80b79f0ac2e2497a11aa434e84001d69693ae65cb9cee36fa695d6a73d3e
NUP	NUP-11550	3f5bab6776311c2f51059a29d15133b90be709bdbc1db281ef782b14782ce28c
NUP	NUP-11551	e89a278a2bc73add79eb4f531638dfffbb6c3c360fcc548b458f5ca1bf4c9a83
NUP	NUP-11552	39630e1205049824eaedf6268a69d289b74d6e0f6055f8c7aea668c5811aca42
NUP	NUP-11553	34e9f896870e96e4acd919c6ac914fead2ff30b70b31d8d95cf15bda7950baae
NUP	NUP-11554	3f9d6a424342caa854697e25352bc457177e115f2410208b6819fd6e7ed39f19
NUP	NUP-11555	71694fdeeac1d8ac078ee30a015a70da993804b79dbcb72efb3f01bd5d1c0c0f
NUP	NUP-11556	cdd121328348e07afacd8fed49e1099551172e5534923a43765f82a7951b1eba
NUP	NUP-11557	2c0904f863c2858d891e97d13406709611288653bd5aea1574cb2c2be3fd7d6f
NUP	NUP-11558	8d4e97b1b006912d4151c3624b3cfddf038084f257206b00b320c300362eaa5b
NUP	NUP-11559	0fb48600450c661f2ee0ed400f02c565f8ac50fc379ddbcc9a01c651d991deef
NUP	NUP-11560	69740ed5931dbfa28d5ad42f402d03bde12abbb82412f75a9de5d4ca40bff792
NUP	NUP-11584	7bd455844f08ef718827bf2a399cafe3438cd1fe24b00e24906a9032c86ee225
NUP	NUP-11585	25c6eb8860b0b6f2d0c1a8f06c2a826f64f4564af34eb5a9b59f71c952322e4b
NUP	NUP-11586	bf88ac907a93a7a1ee820200cfcbc9242ad2b0b232eaefac989993ae0b21def9
NUP	NUP-11587	0c18198638bafc7ae76e0d7645e6e31a28cb0f38ea655790a8a5090d068fca5a
NUP	NUP-11588	9fee23432f74ce5ab26c291b37342b2c5c47a558f13b44779bb83f0744feffb4
NUP	NUP-11589	76545d463c1a402712b3d81ef1a4daf78ecca0df178da9c05156e27e0c3084d1
NUP	NUP-11590	aaacde66048ead4c9ce2fd63a61c77efb4753e97717043f53da763d074e79b88
NUP	NUP-11591	ef3dde9b9e616507888e0b68a134aa7b268ed0d8df92ab85e4e7765ada571314
NUP	NUP-11592	98cf6de565acf100da99266d865b3548e97e80cb0c85cc0aeca585287f9d455b
NUP	NUP-11593	69b5010e944a9039341d60f774203f7eb3a1343f8ace9c88e8b7d38fa285fc3c
NUP	NUP-11594	7c786a81029462cd83c62b6350623f364404a8211931bccb8b6609df401dcf2b
NUP	NUP-11595	0542743feb7711c80643e009a3e90f49a0f34e915bd96985ac9a7b9519a9ff2e
NUP	NUP-11596	d02f6f52c1828666e30e77b195f807d5cd3d20e82d60374c0602a6464f87a725
NUP	NUP-11597	fd5f1d91fda90c004d90e1055364d10c6902676a31c2144fcdcbcc9bcf4864d3
NUP	NUP-11598	703f6552bf0befad6e69e5f4713de5ed0035e0842bcb5f26ac56b2b13aae7484
NUP	NUP-11599	2ee6c9120efdf9e2449f8aced3d3c9e00f569ffff12bc723337db4adade8f900
NUP	NUP-11600	027b743a842059afe938e75db12f0546f44cd5efbc322851fff7f5ea71e7bcd4
NUP	NUP-11601	3e463593674dc2b6df7846af80d3de2b50d88baaea0fbdd9cc16a54b107de642
NUP	NUP-11602	6a7174f43c9da2ee8ebc266ea8ca02c54544dde454cd1f5659a23cafc3a9f43e
NUP	NUP-11603	584eb8a212de4f223843f2d1842e5d4d0d794d7e5584fff197e56dc60b497d7e
NUP	NUP-11604	630a9f5247894aec255d8865e289b2e29e845a05afc70e84de0fb3ba30d48f29
NUP	NUP-11605	aed9d9d612d7d5bd255fc78411432cd2d5fba14e1737ecad6b25640342107af8
NUP	NUP-11606	58e73824db80dc4d056f3b46c763c81763ad9b331c3e0d730003fd0c35ce2d3c
NUP	NUP-11607	cb2c1314e98719c48db6a728c884d2df4fcee30676eef15077c8826e45d5a6ec
NUP	NUP-11608	4b8a17db86c9027ab39018b2027e002c381c018805c6e8b9191ef0f4c5f04cdb
NUP	NUP-11609	ebec2e17319a3862fef9d0ccce32b306da1db84101e1915cba3b1f62989dedf9
NUP	NUP-11610	34b5b28d69f82c7331ceab7d6514267ab7891e339b7375eac0d4746f4e3db50d
NUP	NUP-11611	2636104382bc1e16e3c4b59b891a672285aa0cc1dace81bdf7544c4b9934e7a5
NUP	NUP-11623	950a0b9479d682e7c9f5c5a152846a79315034860e2975335c3a0490dcdfd45c
NUP	NUP-11624	e6e9ab741a981b49f59b03e440154e1c6b23ad48257fd3ae56fa45869c3d9f8d
NUP	NUP-11625	afd71a5b1d710f28bda440175520dedbb291bf5808d518f368fa3be18041f960
NUP	NUP-11626	a65594d190b297b3168f26dff849864564efbd02257f8a8fd3a68d671f27aad6
NUP	NUP-11627	04ca5b07f78b20f1fdc030f790abbd5f380adab3126f09dac7dffc2e77415fdc
NUP	NUP-11628	e673cb18a6c96c3b3b2b44223a0336880580eee4291893b9b4521ba7005740a6
NUP	NUP-11629	72f88cace24d7549ed271cd9239ac5c186fd98ffe2f508efa9d9d5597f432d25
NUP	NUP-11630	142d5f09ed37894a985c598a28c9304ad57385f4bb09b4826389ee4e158c0c89
NUP	NUP-11682	73f5539107c524226c329013e17b3843107cf43415a570c01209b0e9d02280aa
NUP	NUP-11683	8c8d3ae3f0c847dd8c8f367be432b55607db5bd3b057a37a5c089a26adb04626
NUP	NUP-11684	6011dff5bd1254f2dfdf44561b99f593e875f89ce8d28f2d8397b36a7e697e0d
NUP	NUP-11685	275b9f239db93084268e0b3b5684c91d05ff24b0bd4ab792b364465fcb3f1ef3
NUP	NUP-11686	7f4808a29e15ed9a97e4750924e50901c3bca3883942160bc48dbc0672f6864f
NUP	NUP-11687	278f6b929cbc2b0aeaa3018a93401c89f1993a48121b158f6ca92df79f751288
NUP	NUP-11688	f5fb32dd840988a86dfd7bac7b9daccae1f1b26dd5fa822751750f4665df7052
NUP	NUP-11689	b68f1adfc265680ee712fc377db598a7435cddaba519363c71d363c6cb170d2a
NUP	NUP-11690	da0a845bfe113b27a57262685e6ebf89d6715ff8790b8dfc2dd89bef1b849bc8
NUP	NUP-11691	a57ccef844c76c9b924aa1bcafb37cec4ff226000774f3459fdda18f968010dd
NUP	NUP-11692	28eb6b0e7cc8b55b77fc991bab9b261c799315b24891332cd957b3c62f3db348
NUP	NUP-11693	8be61a008876dca3ac656aaecc10d982d46d42ad2208dd15bacd2909721b3bd9
NUP	NUP-11694	db073e218e19817054fb44890091bcf97315b0b0505f5d8808a3da7f0bc86ef1
NUP	NUP-11695	0953e467731994eec9f5f1dc886a240f8ec49652457be19d673fce8ea78ea4a7
NUP	NUP-11696	2aec8900d782343130ee160dc4a40814424226dbd0d68e68bf10dfe14f953580
NUP	NUP-11697	88413e380e7b753b5e41016123772d8c040bb4ba556ea95760ad999c1b388219
NUP	NUP-11698	ba61565686cd3898dc29f419c5d88de7c8d2665223c47e7b557d72b73ef2a889
NUP	NUP-11699	a04afadb65613b0485603dee956e739ef3633a96e9af863616c862745bcbec4b
NUP	NUP-11700	ffb2fcfc3aec58e5c4f410c44d08cdad48f67d1cf6efbfa342df4e4737043c83
NUP	NUP-11701	ebd95a4b552355578589a10c6acd23daf3dc66b9cff8d932a1e1b15ee30933c4
NUP	NUP-11789	88eb559023a3b8f0134ff72679485c10a01e9ca013e33e9b716869b3f169f44a
NUP	NUP-11790	3314d6f76d978936af33eb3abc0c7ab0ea632c6bd2de907efe691ddfdd91e78d
NUP	NUP-11791	2d6d77fa18b8c8acab7514fc012dd33917caf392b7607eeed5f47af8734abacc
NUP	NUP-11792	354f7d485112373fe4dcd53af99ec9ad81535540003ff0ccaeff25b79a517203
NUP	NUP-11793	f13e742a072de98908812a4bd548da689b68db02738cf8e7db01d28fb74e1fc7
NUP	NUP-11794	06a3a23f5d439282afcbaa7abc7a6426715bfcbb7fca70f2ac1a99c6fc4610f9
NUP	NUP-11795	bd598fbba797fcb1bcb7bb9c0bf620b9417e525b45d6a9d793709901a3f9b4b4
NUP	NUP-11796	b0318990a69245d9587934c66d7e713636cd2bde3817a45b6fbfaa09ff646129
NUP	NUP-11797	e27f01875c0701ee218b8afe3fd8dd1e24a5fe25baaddf0c6b0988eb1fcbea68
NUP	NUP-11798	5b6fa583359e5f3d0acde389260581844ecb911b04fe8ebd64688e326e65f053
NUP	NUP-11799	0487b43632b205cc65006bae2fa41712d97e06b4d4bd9a7ea7a7304f48f6196e
NUP	NUP-11800	7d5180f5243d7fbb236a5ea35412d84ee6c3d8771d3e910eed82d289c37c4e3e
NUP	NUP-11801	3eeeb3760ad49d4e804d8d8f873e9821864897e9d721dcf94e95246ce0fd2bba
NUP	NUP-11802	048b2f40fd6a4ae07e2c9b8f45916e56ab5d16f1d26292876728000c5bca317f
NUP	NUP-11803	5065ff6d6cd698de516a24c5b817e3a48af00e947dd3efa29d7ff143f4826c8c
NUP	NUP-11804	7a37e3f388d5d3e2326f57b395e914fd7b7e9cf7771b233462586dc465eab292
NUP	NUP-11805	fb11b94d9f1874169a50d94745d385694bc0a806c074b716b7467bb13c696e28
NUP	NUP-11806	5c3c5af8fca7ad399417508c420b80a89138c5a72d3acdf11e92ccec48a007a7
NUP	NUP-11807	c136d5a9491964118b195baa5edde87c9ab4ce5086100dd460b24e88d828fee1
NUP	NUP-11808	ab083c4156cc9813dccb4f63f6393b810efa8e7f071485cac2925c6937e3b738
NUP	NUP-11809	6bc399209c4189944b5304845d64e72455a6cfe942e33a1422ee4eb0837b02df
NUP	NUP-11810	ee3a30ee83e67d1f5bf5158e41fa7ba2b6a085931a17711fb5e036ea670b5720
NUP	NUP-11811	8cdf3e08da6408eb2ccaf6957596cc3cbb1b6df990858a1addac38e328b34a09
NUP	NUP-11812	74ea7566857fa1463a195e8bf7b9fead568ac8141e2e1db1ef65abe53a3d72b3
NUP	NUP-11813	da2ab8840549f803371f04b9f92a1ea39dc32599890b36f37193b4b2fc6c00e6
NUP	NUP-11814	dc7bf6e12ad63f4c0f5ec50f8c8bd10017539cc13c79e9ad14f20d21370be13a
NUP	NUP-11815	a00f79b3d71fa256333b295cc5f0303d93558dedd3afc226d0888d661a522c1e
NUP	NUP-11816	8c947399c5ab2affc3863962f6cb43e161070b8b76bff1919b983d64bf2d09f7
NUP	NUP-11817	51244489654d5e8abda8422c22152a91630abb69e1a879d38341d0ed5d7f892a
NUP	NUP-11818	3395abe1e0a5a5c392e86b45064a27eb89e3a338543714da3c1dacf91d94de59
NUP	NUP-11819	2e3fbfa805872142a6bf1446edef6239a6e3c7809bee0a8d3466b2d46779b4f0
NUP	NUP-11820	69c57334bf10f3c81e87bd7f47f68dc83baf206a511a90e4e43a68895dd3712c
NUP	NUP-11821	d6c2d557afb3ee82278c115595fb93b96dbad2238d083b7b42bedb3903365fa6
NUP	NUP-11822	99043f460b913ff848c164032d4a9e34db1aca4cc1d8c73145763cf7b49a153e
NUP	NUP-11823	f9d449cdfb9c1e08becc17515cabd018a6b6727975b6f3303963094cddceeca7
NUP	NUP-11824	c1efba1c2306a9fa14b969cb2fbdec8db51841641e97a057d9d3f8eaadb9c92c
NUP	NUP-11825	853b6377aac77a29507116bc5b46867668afa0c54c32b092d4183d6f06362aa9
NUP	NUP-11826	f1755557d2181eb42622369cbc54c56e299914663ddd913598d596661f9fde3d
NUP	NUP-11827	de61d7f02d8d380a89712271f3b29c7095c3b35caeb025122a643b5918cb2dcf
NUP	NUP-11828	bed162fc3726b371296f2897a3c9297ce09fa6deade590cc444eb9e90e58ebc0
NUP	NUP-11829	ae719c2bf5fdf860afc6686017a17d12bad254c8764002d726bad0c85bb0e4c7
NUP	NUP-11830	b894a84f94b02d010410bf453e815669b06ea14c7358c8befdba337875e93d18
NUP	NUP-11831	2dcf547e175795bebc934884147a69f67c1527cdac014ffae2805847527d0fde
NUP	NUP-11832	6b9ea479390a3649fa1bda5e5d11228ce7ab9f396ff915c9e2d8796c40ad826c
NUP	NUP-11833	d5f5bde51365936c66919fc6ae6cf6461d0d73dfefbfba2c5cb266070e632384
NUP	NUP-11834	bbd744e3c9a2a75ca81dc6f2f6e29a9de141e1832d675e0f1f2f0107338b2187
NUP	NUP-11835	68fdc13996bddf254047b1a6bbe8b3e56b91c6480c038b951341fc2ce2482cf0
NUP	NUP-11836	623e4de43156fa76e94aeefbd808530290d414f3672e3b1e108839812d63f71f
NUP	NUP-11837	4189f8721f9ea77a551d6368c6c0499e535918462d02c0d34f2f0e7ee905f76c
NUP	NUP-11838	5821d035008ac4f7e9a8db3d472bb9401318bef3ddecfc0161b122daff49940c
NUP	NUP-11839	30e6f0e5945fb9c132bce59c8c4c9364f78249b55d740149bbb46e3abde6b23f
NUP	NUP-11840	48cbc908de399264a12d401c2fff9ee32b4095b4c502e9b48b2877321a0dcc7c
NUP	NUP-11841	d953ffd00e90c10e55d83ad11c2f2085f63aa55060a417b0a733974a25b1f457
NUP	NUP-11842	4170750b0cc9040f4fd08b35d54428c2f06ca83c69ae091bd07478476ce4a312
NUP	NUP-11843	178be895e52d30614a95aaae7964146a9b07700c02663348153e29c45f8a3a33
NUP	NUP-11844	83a3089077c6e90b839a37a2ff1fd98e3c366e4ffc2d38385f61a76d21208eab
NUP	NUP-11845	0b4c8ad784c8813c8ce94f83dfb639cbc156c2717c3187009a236ae49cc930dd
NUP	NUP-11846	3e8e73e3a9ef70230bf7db3f0ff55a4fc7f897d05a9ee19fc0ecad719ceaf2e9
NUP	NUP-11847	767185253509fff6f1057d4251150d6998dfebc436bfad902d7180e751769579
NUP	NUP-11848	02fefe3cc39ce7c402821ab54cf825b79f382afc66f9bb6443203a33ac590026
NUP	NUP-11863	5c1cdca8f605ade3fdc5fdb56f91926a8bde7d508d229bb9fa410e242ac4d2ec
NUP	NUP-11864	f2348c420624c9cd92f90ec38941657bf1c319648c7cca400bce0d2c144cb7fa
NUP	NUP-11865	688849f031dcbb2ed2c957b88c0dd53f02c3b0340bf94b8d2d27488d4d068c54
NUP	NUP-11866	71835d62fe280bca1ad53db9db37b542833a5caba4a69eb41894eb309c9a949d
NUP	NUP-11867	77ac2d76aa96316fc2a21f94c86ea3648f1a759f2aefff6594feffee0e714b9a
NUP	NUP-11868	d0841f3647f85535d7b8a5d93a44e48a7661ccd3b771961eb383e3d3461fbadf
NUP	NUP-11878	155eebdc49e87a31809d93099c0dcd6d4336c91419661813d35e965c06b9d45f
NUP	NUP-11879	bc950f7c4b27645a892b6bbb66fb63d5b72b3f17f10f852801dd3cffcc321b87
NUP	NUP-11880	d7456cf4e8136f46e57c18d867f7a45359ff20cf4561702ebd20ff524053d131
NUP	NUP-11881	10bb1f30b9d488260959849f89f653b8c71f3871be704e64394443acd8cd569f
NUP	NUP-11882	e9334cdadb0ef27bcc4c0434f7d5487ff4486f9684199577c0573403f535d3af
NUP	NUP-11883	093b28edb58bd2214de7a68e08672c0b10e6ee35f960e95f6a0eac5d35299260
NUP	NUP-11884	e322b3e8d227d468b00e1fca7bc0562c4356a73e0f553992cfda70104aabcfe4
NUP	NUP-11885	7b6166376a0d772b53294db389c9e5ca80f328adc65633d1ee140fc735ad58f5
NUP	NUP-11886	d999bc986dd9110bf6e4629f6801fa5ace3dae0a490917e5f77067a6fdef37d7
NUP	NUP-11887	ecb25fbf6c786be0f0c55b79bba3894464073199c624898a73b98792d5aa6d58
NUP	NUP-11898	49aebb686d729fb8f0cf22a9ad6b7856c4ee1cb415d64057bacbad5a7081a115
NUP	NUP-11899	1558a9c9efcbf0eca324496157f4c18e79eea77f3260b9dca8ce47850a7ae667
NUP	NUP-11900	c9a671059f7538926d07d92be9ba97e81308e46f5bd5bf619d5eba23172f2ec9
NUP	NUP-11901	75a633e6adbf6e1f6d5e358cf0ceaf3e007660d12ac7f232a43a845f11d58d2d
NUP	NUP-11902	dacb1a01d23e5172de2c2f5728a15282536f759053d00acb0ea64cd42aa1022e
NUP	NUP-11903	c5b6163ef90e8b8ee38612cf452b21dd87128d453a21a965a595521660e53a10
NUP	NUP-11904	4c57cea7552dfa07ecdb4aabedb66319f83581c767acbb58ee41f20b8aa24481
NUP	NUP-11905	727f118dd19f4bd6251239d3fd5b746690af8cfbbdb3b885009151f436d928b9
